{"organisation":"TUA_PHIDU","name":"tua_phidu_2015_lga_aust_mothers_babies_2012_15","title":"LGA15 Mothers (smoking) and Babies - 2012-2015","legal":{"copyrightYear":"2017","attributionYear":"2017","attribution":"{datasource.organisationTitle}, ({dataset.attributionYear}): {dataset.title}; accessed from AURIN Portal on {dateOfAccess}.","clickthrough":false,"licenceType":"Creative Commons Attribution-NonCommercial-ShareAlike 3.0 Australia (CC BY-NC-SA 3.0 AU)","copyrightNotice":"&copy; {datasource.organisationTitle} {dataset.copyrightYear}"},"referenceSystemIdentifier":"urn:x-ogc:def:crs:EPSG:4283","geoLevel":"lga2011","key":"lga_code","keyRegex":null,"availability":"true","geomField":"wkb_geometry","keyword":"tua,torrens university australia,phidu,public health information development unit,lga profile 2015,mothers and babies,mothers,babies","theme":null,"temporalExtent":{"beginDate":"2012-01-01T00:00:00","endDate":"2015-12-31T00:00:00","selectTime":false},"type":"dataset","_id":"dataset-TUA_PHIDU-tua_phidu_2015_lga_aust_mothers_babies_2012_15-lga2011","bbox":null,"abstract":"<p>\nThe data includes the number of mothers and their proportion of the relevant population: who were smokers during a pregnancy, whose babies had a low birth weight (2012-14).<br/>\nSource: Compiled by PHIDU based on data from: NSW Department of Health; Consultative Council on Obstetric and Paediatric Mortality and Morbidity, Victoria; Perinatal Data Collection, Department of Health, Queensland; Department of Health and Ageing SA; WA Department of Health; Tasmanian Perinatal Database; NT Department of Health; ACT Health.\n</p>\n<p>\nThe data also includes the number of babies and their proportion of the relevant population who were: fully breastfeeding at 3 months, fully breastfeeding at 6 months, ate soft foods before 4 months (2014-15). <br/>\nSource: Estimates for Population Health Areas (PHAs) are modelled estimates and were produced by the ABS; estimates at the LGA and PHN level were derived from the PHA estimates.\n</p>\nData is by LGA 2015 profile (based on the LGA 2011 geographic boundaries) (all entries that were classified as not shown, not published or not applicable were assigned a null value; no data was provided for Maralinga Tjarutja LGA, in South Australia).  \n","selectedAttributes":[{"name":"lga_code","type":"java.lang.Integer","title":"Local Government Area Code","description":"Local Government Area Code (2011).","stype":"ordinal","isDimension":false},{"name":"brstfed_3_mon_1_count_2014_15","type":"java.lang.Integer","title":"Fully breastfed babies at 3 months ? count ","description":"The number of babies fully breastfed at 3 months old (modelled estimates), 2014 to 2015 ? count.","stype":"ratio","isDimension":false},{"name":"brstfed_3_mon_2_denom_2014_15","type":"java.lang.Integer","title":"Fully breastfed babies at 3 months ? denominator","description":"The total number of children aged 3-24 months, 2014 to 2015 ? denominator.","stype":"ratio","isDimension":false},{"name":"brstfed_3_mon_3_percent_2014_15","type":"java.lang.Double","title":"Fully breastfed babies at 3 months ? percent","description":"The number of babies fully breastfed at 3 months old as a percentage of the total number of children aged 3-24 months, 2014 to 2015 ? percent.","stype":"ratio","isDimension":false},{"name":"brstfed_3_mon_4_rrmse_2014_15","type":"java.lang.Integer","title":"Fully breastfed babies at 3 months ? RRMSE","description":"The Relative Root Mean Square Error (RRMSE) is the measure of the reliability of an estimate. A value of 1 means the estimate should be used with caution, 2 means the estimate is too unreliable for general use, and 3 means the estimate is reliable. ","stype":"ratio","isDimension":false},{"name":"brstfed_6_mon_1_count_2014_15","type":"java.lang.Integer","title":"Fully breastfed babies at 6 months ? count ","description":"The number of babies fully breastfed at 6 months old (modelled estimates), 2014 to 2015 ? count.","stype":"ratio","isDimension":false},{"name":"brstfed_6_mon_2_denom_2014_15","type":"java.lang.Integer","title":"Fully breastfed babies at 6 months ? denominator","description":"The total number of children aged 6-24 months, 2014 to 2015 ? denominator.","stype":"ratio","isDimension":false},{"name":"brstfed_6_mon_3_percent_2014_15","type":"java.lang.Double","title":"Fully breastfed babies at 6 months ? percent","description":"The number of babies fully breastfed at 6 months old as a percentage of the total number of children aged 6-24 months, 2014 to 2015 ? percent.","stype":"ratio","isDimension":false},{"name":"brstfed_6_mon_4_rrmse_2014_15","type":"java.lang.Integer","title":"Fully breastfed babies at 6 months ? RRMSE","description":"The Relative Root Mean Square Error (RRMSE) is the measure of the reliability of an estimate. A value of 1 means the estimate should be used with caution, 2 means the estimate is too unreliable for general use, and 3 means the estimate is reliable. ","stype":"ratio","isDimension":false},{"name":"lga_name","type":"java.lang.String","title":"Local Government Area Name","description":"Local Government Area Name (2011).","stype":"nominal","isDimension":false},{"name":"low_bweigt_1_count_2012_14","type":"java.lang.Integer","title":"Low birth weight babies ? count ","description":"The number of babies weighing less than 2500 grams at birth, 2012 to 2014 ? count.","stype":"ratio","isDimension":false},{"name":"low_bweigt_2_denom_2012_14","type":"java.lang.Integer","title":"Low birth weight babies ? denominator","description":"The total number of births, 2012 to 2014 ? denominator.","stype":"ratio","isDimension":false},{"name":"low_bweigt_3_percent_2012_14","type":"java.lang.Double","title":"Low birth weight babies ? percent","description":"The number of babies weighing less than 2500 grams at birth as a percentage of the total number of births, 2012 to 2014 ? percent.","stype":"ratio","isDimension":false},{"name":"smk_preg_1_count_2012_14","type":"java.lang.Integer","title":"Smoking during pregnancy ? count ","description":"The number of mothers who smoked during pregnancy, 2012 to 2014 ? count.","stype":"ratio","isDimension":false},{"name":"smk_preg_2_denom_2012_14","type":"java.lang.Integer","title":"Smoking during pregnancy ? denominator","description":"The total number of pregnancies, 2012 to 2014 ? denominator.","stype":"ratio","isDimension":false},{"name":"smk_preg_3_percent_2012_14","type":"java.lang.Double","title":"Smoking during pregnancy ? percent","description":"The number of mothers who smoked during pregnancy, as a percentage of the total number of pregnancies, 2012 to 2014 ? percent.","stype":"ratio","isDimension":false},{"name":"solids_4_mon_1_count_2014_15","type":"java.lang.Integer","title":"Children who first ate soft, semi-solid or solid food before 4 months ? count ","description":"The number of children who first ate soft, semi-solid or solid food before 4 months old, 2014 to 2015 ? count.","stype":"ratio","isDimension":false},{"name":"solids_4_mon_2_denom_2014_15","type":"java.lang.Integer","title":"Children who first ate soft, semi-solid or solid food before 4 months ? denominator","description":"The total number of children aged 0-3 years, 2014 to 2015 ? denominator.","stype":"ratio","isDimension":false},{"name":"solids_4_mon_3_percent_2014_15","type":"java.lang.Double","title":"Children who first ate soft, semi-solid or solid food before 4 month ? percent","description":"The number of children who first ate soft, semi-solid or solid food before 4 months old as a percentage of the total number of children aged 0-3 years, 2014 to 2015 ? percent.","stype":"ratio","isDimension":false},{"name":"solids_4_mon_4_rrmse_2014_15","type":"java.lang.Integer","title":"Children who first ate soft, semi-solid or solid food before 4 month ? RRMSE","description":"The Relative Root Mean Square Error (RRMSE) is the measure of the reliability of an estimate. A value of 1 means the estimate should be used with caution, 2 means the estimate is too unreliable for general use, and 3 means the estimate is reliable. ","stype":"ratio","isDimension":false},{"name":"ste_name","type":"java.lang.String","title":"State Name","description":"Name of Australian State or Territory.","stype":"nominal","isDimension":false}],"filter":{"filterType":"tabular","feature":{"key":"lga_code","geoLevel":"lga2011","geoField":"ignored","year":"2006","featureBbox":[96.81676569599999,-43.740509603,159.109219008,-9.142175977],"featureType":"country","featureInstance":"au","featureName":"Australia","referenceSystemIdentifier":"urn:x-ogc:def:crs:EPSG:4283","prefix":"","keyTransform":null},"states":[]}}