{"organisation":"VIC_Govt_VicHealth","name":"vichealth:sla_adequate_work_life_bal","title":"SLA Adequate work-life balance","legal":{"copyrightYear":"2011 - 2014","attributionYear":"2014","attribution":"{datasource.organisationTitle}, ({dataset.attributionYear}): {dataset.title}; accessed from AURIN Portal on {dateOfAccess}.","clickthrough":false,"licenceType":"Data Licence (AURIN)","copyrightNotice":"&copy; Victorian Health Promotion Foundation {dataset.copyrightYear}"},"referenceSystemIdentifier":"urn:x-ogc:def:crs:EPSG:4283","geoLevel":"sla","key":"sla_code06","keyRegex":null,"availability":"true","geomField":"the_geom","keyword":"work, life, time","theme":null,"temporalExtent":null,"type":"dataset","_id":"dataset-VIC_Govt_VicHealth-vichealth:sla_adequate_work_life_bal-sla","bbox":null,"abstract":"The data is presented as a percentage of employed people who disagreed or strongly disagreed that their work and family life often interfere with each other. A small number of survey respondents (0.2% of the weighted survey estimates across Victoria) didn't know or refused to answer the survey question.  These respondents have been excluded from the data analysis. Survey question: To what extent do you agree or disagree with the following statement: ?My work and family life often interfere with each other. Source of question: European Foundation (2006) Living Conditions and Quality of Life in 29 European Countries.","selectedAttributes":[{"name":"sla_code06","type":"java.lang.String","title":"SLA Code (ABS 2006)","description":"SLA Code (ABS 2006)","stype":"nominal","isDimension":false},{"name":"sla_name06","type":"java.lang.String","title":"SLA Name (ABS 2006)","description":"SLA Name (ABS 2006)","stype":"nominal","isDimension":false},{"name":"estimate","type":"java.lang.Float","title":"SLA estimate","description":"SLA estimate","stype":"ratio","isDimension":false},{"name":"se","type":"java.lang.Float","title":"standard error","description":"standard error","stype":"ratio","isDimension":false},{"name":"ci_low","type":"java.lang.Float","title":"SLA estimate lower confidence interval","description":"SLA estimate lower confidence interval","stype":"ratio","isDimension":false},{"name":"ci_high","type":"java.lang.Float","title":"SLA estimate upper confidence interval","description":"SLA estimate upper confidence interval","stype":"ratio","isDimension":false},{"name":"rse","type":"java.lang.Float","title":"relative standard error","description":"relative standard error","stype":"ratio","isDimension":false}],"filter":{"filterType":"tabular","feature":{"key":"sla_code06","geoLevel":"sla","geoField":"ignored","year":"2006","featureBbox":[96.81676569599999,-43.740509603,159.109219008,-9.142175977],"featureType":"country","featureInstance":"au","featureName":"Australia","referenceSystemIdentifier":"urn:x-ogc:def:crs:EPSG:4283","prefix":"","keyTransform":null},"states":[]}}