 area_code, diabetes_me_1_no_3_11_7_13
101011001,908.6843785
101011002,515.5071354
101011003,224.2296721
101011004,359.5331424
101011005,472.972377613217
101011006,340.190443586783
101021007,148.5783299
101021008,428.63355342649
101031013,109.7513523
101031014,381.3850106
101031015,109.739403052196
101031016,230.297210247804
101041017,409.144192553705
101041018,448.232318611135
101041019,376.347502302551
101021009,510.02408746666
101021010,231.26275440685
101021011,462.666466456355
101041020,410.165454597449
101041021,154.17185563516
101041022,3.36482859685899
101041023,171.1173573
101021012,412.202703743645
101041024,189.492978875743
101041025,515.6977355
101041026,449.647358285525
101041027,509.564920141873
102011028,280.632135972509
102011029,413.900364927491
102011030,166.0255730831
102011031,637.384127184021
102011032,729.288553192638
102011033,218.886910001159
102011034,333.369905838082
102011035,243.689355743949
102011038,311.142119177897
102011039,495.950917886258
102011040,1112.25873129453
102011041,358.732700213742
102011042,654.127577805474
102011043,451.643085407362
102021044,1029.75539398682
102021045,519.311594277312
102021046,466.331921613256
102011036,302.17179817295
102011037,214.205199898841
102021047,525.493931659837
102021048,995.0566585
102021049,98.1107177830763
102021050,484.729353070568
102021051,156.279385288895
102021052,260.13744395212
102021053,673.723968713176
102021054,467.943727786744
102021055,172.448028140163
102021057,375.7241291
103011058,780.879202502604
103011059,322.693641897395
103011060,237.744615
103011061,197.7348571
103021062,301.300617006247
103021063,470.4293639
103021064,250.827760273626
103021065,428.543631093753
103021066,171.016795983906
103031072,424.39333534942
103031073,189.58345613486
103031074,402.81538555058
102021056,407.408912828029
103021067,458.710945929654
103021068,142.170625870346
103021069,274.227097042468
103031070,694.23251246514
103031071,349.4849769
103031075,0
103041076,284.7081993
103041077,786.8271405
103041078,545.782885084548
103041079,356.475285815452
104011080,856.5912829
104011081,767.8216807
104011082,892.5317011
104021083,265.028096970688
104021084,731.774959630497
104021085,439.638144269503
104021086,151.463382985239
104021087,153.011661737549
104021088,325.107596114761
104021089,778.2084705
104021090,211.157952391763
104021091,553.6907579
105011092,null
105011093,194.10783790129
105011094,175.260818660503
105011095,214.395131538207
105011096,null
105031103,194.7146961
105031104,218.312506721827
105021097,981.387245262881
105021098,142.303005537119
105031099,400.14983571148
105031100,439.684731896552
105031105,327.003640366693
105031106,460.9623383
106011107,309.908194210912
106011108,781.8010442
106011109,278.846304
106011110,345.2008757
106011111,680.9446779
106011112,484.5769171
106011113,159.082417889088
106021114,231.235429352342
106021115,921.9030229
106021116,232.856235
106021117,885.845343747658
105031101,561.4743226
105031102,300.687623103448
106021118,342.3493631
106031119,264.727302104207
106031120,295.2499166
106031121,957.747301995793
106031122,646.5285618
106031123,175.624793
106031124,293.1832575
106031125,428.1951824
106041126,363.2825108
106041127,126.6608347
106041128,251.53158964952
106041129,336.54430645048
107011130,2776.0258087
107011131,1039.2995022
107011132,223.6857371
107011133,1.78237661488502
107011134,941.709465285115
107021135,null
107031136,541.3794576
107031137,399.657364922641
107031138,320.650272477507
107031142,541.666437177359
107041150,945.7242728
107031139,256.779817588422
107031140,314.428833634071
107041149,1538.1876268
107031141,467.7501017
107031143,1652.641449
107041144,960.4368431
107041145,679.3970433
107041147,267.504287916093
107041148,334.578007583907
107041146,868.4263732
108011151,236.953920048719
108011152,874.762068402364
108011153,281.508072951281
108011154,370.310196097636
108021155,748.9957313
108021156,537.729117922652
108021157,313.026306139547
108021158,449.347475860453
108021159,441.113432267274
108021160,297.783130710073
108031161,null
108041162,973.5223891
108041163,1300.0268267
108041164,878.1205961
108041165,234.003462568173
108041166,474.651582631827
108051167,285.33159275224
108051168,483.1321824
108051169,1074.22625283952
108051170,674.79837554776
108051171,283.849608660484
109011172,379.5997001
109021177,137.31410315169
109011173,411.852717262324
109011174,389.475530770911
109011175,402.427211129089
109011176,615.766478037677
109021178,264.453396256759
109021179,167.838533291551
109031180,283.627157402732
109031181,329.321238247455
109031182,316.1336875
109031183,334.622050403422
109031184,251.581109596578
109031185,470.451682849813
110011186,758.5188603
110011187,172.927833831805
110011188,232.6896151
110011189,128.657663268195
110021190,459.273704888556
110021191,563.840704173391
110021192,261.31857532661
110021193,326.8792203
110021194,361.327857011444
111011207,408.2134475
111011208,980.752028908965
114021288,160.789025309325
110031195,328.3987013
110031196,231.282465103239
110031197,288.790537507287
110031198,200.444803089474
111021221,370.234632744175
205021085,282.390129723484
110041199,378.444169330889
110041200,195.983111969111
110041201,381.6486637
110041202,772.6712919
110041203,491.0261633
110041204,275.8567212
110041205,815.7667024
111011206,729.4692719
111011209,861.8374611
114021289,243.71132831656
111011210,393.7010676
111011211,144.146190791035
111011212,549.0354018
111011213,478.6309539
111011214,516.6643807
111021215,371.0221033
111021216,359.624086628682
115011293,949.227464807151
115011294,219.984725459379
115011295,758.991689
126021499,382.960890056901
126021500,656.9776639
111021217,368.7339206
111021218,627.087987771318
111021219,800.897256255825
111021220,389.5422093
111031222,597.300058
111031223,364.485283509662
111031234,410.171596422081
111031224,484.287719950477
112011242,255.1260457
112011243,293.196965087177
112021244,639.1781454
112021245,325.578604314052
112021246,487.1545816
112021247,354.670049085948
112021248,634.2235723
112021249,544.8825422
112031250,471.52291891486
112031251,389.2789216
112031252,410.5962515
111031225,626.4809522
111031226,431.5834563
112031253,523.81846958514
112031254,1010.1482801
112031255,1383.9487243
115031300,727.404883570302
115041301,324.164016893941
115041302,653.290278306059
111031227,506.385540877919
111031228,440.478417779135
111031229,333.227496020865
111031230,1.32850355331487
111031231,439.553296690338
111031232,427.917986646685
114011280,285.697284778321
114011281,182.753884214266
114011282,818.0586995
114011283,246.2806703
111031233,790.0248649
114021284,579.202671490675
114021285,224.84846778344
114021286,343.0617476
111031235,316.325945549523
112011236,904.3660442
112011237,616.379729185439
112011238,208.928968414561
112011239,309.065976012823
112011240,407.3920296
112011241,282.0664075
113011256,790.2477951
113011257,483.7318852
113011258,475.248605190976
113011259,294.153468909024
113021260,148.667439840807
113021261,280.2790962
113021262,203.721330959193
113031263,352.492492611593
113031264,169.357373548915
113031265,275.602256479796
113031266,299.512089759696
113031267,515.265845020303
113031268,113.100027079697
114021287,371.8894413
113031269,698.9920535
113031270,401.6372029
113031271,493.5525128
114011272,447.356197457788
114011273,194.33225769905
114011274,263.94134490095
114011275,2.15931554221208
114011276,211.872484885734
114011277,659.9494585
114011278,796.6529356
114011279,872.591053121679
115011290,771.570517771955
116031316,1166.00385216839
115011291,672.829153028045
115011292,1035.86359234062
115011296,484.978859892849
115021297,792.142076248863
115021298,199.473749451137
115031299,89.5471142296976
116011304,882.946333344055
116011303,760.118340251703
116031319,981.607907602321
116011305,1301.5858988483
116011306,1020.62379455594
116011307,1270.5778306638
126021501,494.475345490191
126021502,1079.24188080981
116011308,1193.3899756362
126021503,689.846713506825
127011504,1633.9341739
127011505,616.150081981233
127011506,422.6372947
116021309,531.65700454722
116021310,777.207952552781
205021086,236.125676957685
116021311,970.2330317
116021312,471.4661998
205031087,280.871375963732
205031088,null
205031089,299.978038935373
205031090,361.037033710097
116031313,1351.54410613161
116031314,329.593914221088
124031458,614.922079272221
124031459,501.078609606234
124051471,1627.8344653
125011472,2621.2613271
125011473,278.437209
127021511,2643.6658647
215031401,260.530073971014
215031402,155.339150972554
116031315,794.268630678912
117011320,0.432103780588632
116031317,1462.3675996
116031318,0.900282397678681
124031461,609.677532993766
127021520,952.049107146877
210051248,6.53185774591503
117011321,319.900832229117
124031462,749.87509420914
124031463,321.384923237485
205031091,341.1016344
205031092,0.514542090798238
205031093,884.871881
205041094,346.6683354
205041095,768.682590597588
205041096,645.678623002412
205041097,760.328478767466
117011322,1356.13488332047
213011340,839.1977658
206051130,656.286996202961
117011323,722.916964379531
127021521,1.74579309659614
205041098,131.598158432534
205051099,0.90357746279742
205051100,167.135255196898
205051101,432.619980937936
205051102,146.960420199266
205051103,463.8190165
205051104,229.064641803102
308021196,304.317217321996
117011324,0.108025945147158
117021327,626.8909301
117011325,0.108025945147158
128011527,948.8660559
117021326,1537.8868264
117031336,525.913497903858
117031337,629.4534443
117021328,380.7506552
117031329,344.861872020512
118011344,382.260138172464
128011528,1019.8501184
128011529,680.702471787619
117031330,414.644209208499
128011530,711.25043977239
128011531,610.676508139991
128021532,904.077577815884
128021533,210.551563968876
128021534,345.665275913803
128021535,684.020900786197
128021536,762.704320193685
128021537,0.586767015240712
128021538,716.088861306314
308021197,1.7407973154731
117031331,517.972106689846
201011001,203.04664883069
405021119,510.8945445
405031120,237.796354970938
405031121,393.2656042
405031122,956.1761817
117031332,642.015307091501
206011105,909.184664975138
117031333,618.32455117563
405031123,168.982534829062
604021090,98.0351116
117031334,585.316293110154
206011106,338.622659124862
117031335,974.930905765276
208021180,309.8082843
509011232,140.166002729218
117031338,1241.64006713472
119031368,1187.1878518896
118011339,527.877702797754
119031369,971.233837787021
509021238,175.483203751761
118011340,570.279058802246
509021239,357.823200463165
509021240,214.288438559779
118011341,545.351464682815
118011342,0
118011343,841.323959742697
118011345,500.610608557303
118011346,429.533794327536
213011339,392.0891556
118011347,247.154867017185
118021348,811.3815539
208021181,234.8369334
118021349,1256.0019395
118021350,938.513421307419
206031115,385.5628672
118021351,1315.67925269258
213021341,450.2343222
213021342,869.8655101
509021241,200.787042596913
118021352,812.941541
206041118,111.934412381206
509021242,146.66289581902
601041022,333.068250225038
119011353,2282.1210724
208031187,157.00364279016
601021005,255.065968032306
119011354,1162.28536192415
201011008,467.5898226
119011355,0.204558998742691
119031370,751.830655310397
119011356,589.887329175853
119031371,628.750014186691
119031372,759.551872512979
201021009,171.648165321133
201021010,269.2426597
201021011,301.4102304
201021012,167.470681578867
201031013,140.126473380649
201031014,162.653617602606
201031015,134.0851822
119011357,1657.74612581077
202011021,244.988240988733
119011358,679.9376261
202011022,854.4780651
119011359,976.6541064
202011023,94.2228933
202011024,156.5437491
601021006,153.039338084187
601021007,463.398498567297
119011360,646.4096574
601021008,323.008232109805
119011361,1292.26738139049
206041119,119.487743060213
601031013,135.4159409
119021362,1430.04165737883
119021363,2059.88060842117
119021364,1814.3874917
206041120,2.47413393338097
601031014,293.054983721107
601031015,421.685149861713
601031016,261.232374155263
119021365,1960.40298596079
119041378,545.781938051176
601031017,663.986630544737
119021366,1493.07004103921
212031305,975.1649704
119021367,838.0994387
125031479,1209.59655
119031373,847.734008
119031374,1189.65650181331
124051470,856.034866679155
120031394,873.193649344036
120031396,567.466876
119041375,874.534600075599
121011402,927.8505507
121021403,592.808854947971
119041376,1426.97519724882
119041377,926.9876821
121021404,380.821611752029
121021405,1035.1405278
121021406,651.6840138
121031407,708.095424114289
121031408,749.9655773
121031409,594.176376785711
121031410,728.240341880018
119041379,853.54997870057
119041380,755.061230063017
121031411,704.140133183388
119041381,1092.2890063244
119041382,851.651539036412
120011383,995.586471356919
120011384,916.018867043081
120011385,1033.25443737965
120011386,1130.43646202035
120021387,470.77483578803
121031412,673.673094636594
120021388,748.7581485
120021389,415.43836851197
121041413,582.077695078022
121041414,516.786230835049
121041415,974.6309218
121041416,538.656381721978
121041417,295.861671864951
122011418,614.477339412242
122011419,658.812478487758
120031390,1196.0689254
122021420,453.223468965426
122021421,417.068582348682
122021422,479.310946434574
122021423,892.650166551318
125031480,1444.5683815
125031481,1287.87773375995
125031482,1380.7145517
125031483,1293.87771224005
120031391,1294.7007494
122031429,707.310788939842
122031430,584.74947573285
122031431,853.234072750794
122031432,137.691115860487
123011433,383.060929699451
601031018,251.27625711718
601031019,259.422694750629
601031020,279.8177151
120031392,655.824036536247
123021441,786.785491480529
601041023,361.926348896688
601041024,219.474381774962
601041025,0
120031393,1145.78661506375
123031447,515.132094344499
123031448,279.613983732915
124011449,223.130683144155
124011450,624.4010149
124011451,0.969860785006183
124011452,527.704269855845
124011453,383.822405666197
120031395,726.508534855964
124011454,754.136036112665
206041125,146.113656039787
120031397,1038.8064013
601041026,130.437632003312
601051027,245.049627355232
601051028,267.730873089751
121011398,846.625755471857
206061135,280.404778787972
601051029,144.906152237647
121011399,630.343136428143
121011400,790.256632896364
121011401,303.136789403637
122031424,486.523074129663
122031425,271.087017649206
122031426,848.934641770337
122031427,451.855210527308
122031428,938.278848939514
123011434,507.433411200549
212031306,323.0650622
601051030,263.4310789
123011435,546.1770527
123021436,698.2779373
123021437,765.688330242818
601051031,367.185541793194
123021438,897.3383065
123021439,0
601051032,194.338139669159
604021091,311.373292717314
123021440,816.467151350571
123021442,842.7205667
602011041,460.933695477003
604021092,129.897802024209
604031093,null
123021443,865.3459046689
123021444,979.659244057182
123031445,181.251422655501
123031446,230.579517467085
124011455,205.575848536132
124021456,null
124031457,535.804535827779
124031460,517.3687621
602011046,242.830370619819
604031094,157.685876265689
124031464,517.60397849086
124031465,249.407321162515
124041466,440.773574200208
124041467,507.015864199792
124041468,217.2950111
124051469,287.689507820845
604031095,160.4542619
604031096,145.928767334311
604031097,209.8269686
604031098,0
211051282,253.779227761576
125031484,1169.79192287336
127021509,1355.58963091197
127021510,1346.88170706536
125011474,2024.62768251503
125011475,0.607671884967495
125041494,359.592141612086
126011495,929.258383759111
125021476,1113.9457304
125021477,791.08272041143
125021478,648.85496378857
126011496,765.181213340889
125031485,1585.86144749157
125031486,0.369019534029451
125031487,0.553529301044177
126021497,933.403182593175
126021498,524.257290243099
125041488,1218.20083337324
125041489,933.5481796
125041490,264.508014643272
125041491,599.713384544641
125041492,1071.25226102676
125041493,874.0947614
127011507,1794.67124931877
127011508,844.3890914
206061136,647.750863591751
201011002,327.5627527
208031183,244.348795052695
127021512,1411.36970328803
127021513,2139.55861268679
127021514,697.756266264492
127021515,1840.19515391321
203031051,352.8926586
127021516,1558.6636750882
127021517,573.592456570143
127021518,314.533722903404
127021519,1523.11740446492
305021113,95.1556332905941
127031522,841.269624192555
127031523,721.496446064295
127031524,901.155976435705
127031525,2240.256276
127031526,1471.64939430744
202011025,232.91079260829
202021026,176.4585954
206011108,1261.7302371
201011003,605.1795608
203011034,122.940720773905
203011035,162.112753570342
203011036,148.290398455753
201011004,947.242430469475
201011005,160.612454036116
201011006,239.003587130525
201011007,91.9731974331945
201031016,358.1225957
201031017,214.835138116745
206071141,245.66797224077
202011018,431.7482066
206071142,358.20881975923
202011019,347.4397494
203021046,275.725515015433
203021047,885.3843423
202011020,364.749605502977
203031052,126.843060645764
203031053,414.003369578974
204011054,246.982342168996
204011055,241.068052853485
204011056,354.268389686286
204011057,267.260047
202021027,347.553235005265
202021028,292.061842094735
202021029,212.2985616
202021030,284.4076719
202021031,174.9675992
202031032,132.629179
202031033,320.7422156
203021037,409.299428078935
203021038,1705.7087547
204011058,144.130420442396
204011059,261.007405
203021039,362.706147121065
204011060,108.5576863
204011061,8.95245163512352
204011062,100.673071313714
204021063,374.2571059
204021064,114.073894191555
204021065,120.6286487
204021066,640.8487739
204021067,308.215640108445
203021040,564.6233829
204031071,179.7772362
204031072,207.315489455991
204031073,485.890190867837
204031074,697.665412232163
204031075,123.9469123
203021041,559.7764717
205011076,421.2863819
205011077,184.210757367893
205011078,218.427944151401
203021042,550.226469284567
203021043,395.3775637
205011079,516.407759380706
205021080,0
205021081,520.082078543103
205021082,307.16562901883
205021083,0
203021044,305.8875467
203021045,599.460149
205021084,371.621856756897
203031048,408.89208
203031049,135.349901721026
203031050,571.790574954236
204031068,158.825539807145
204031069,273.485274644009
204031070,108.832575392855
206011107,590.137909644143
211031265,462.976838379564
206011109,427.881403455857
206021112,803.2149603
206021110,354.69476998159
211031268,239.493819420436
206021111,990.76775541841
208011170,483.717180702217
206041126,218.611328618794
206041121,308.251712366619
206031113,559.3710627
206041127,0
206031114,984.022661757402
206031116,537.711438342598
206041117,329.0668762
206041122,347.3407508
208011171,307.5764884
206051128,421.3437823
206041123,360.4294471
206041124,117.724352
206051129,321.3737066
206051131,0.316522597038771
206051132,424.5684674
206051133,575.204348680441
206051134,400.704439619559
206061137,543.175735608249
206061138,411.949538612029
206071143,425.206546437802
206071144,1046.6871925
206071145,276.417316391519
206071139,166.754336308481
206071140,307.462172862198
207011147,556.756987538169
207011149,576.761918180809
207011146,311.3961098
207011152,311.044383591878
207011153,687.540357936751
207011148,712.396035061831
207011155,458.149788719191
207021160,523.419465057498
207011150,458.0604363
207011151,474.519154308122
207021156,605.218510679112
207021157,1022.37823312089
207021158,1083.939858
207021159,656.035513842502
207031161,676.880129470668
207011154,183.814367963249
207031162,361.455764829332
207031163,530.695077497278
207031167,265.2755581
207031165,418.537796124612
207031164,501.853617902722
207031166,393.220039675388
208011168,390.504452931327
212041313,340.8426301
208011169,667.166890097783
303021056,284.941252509258
208011172,522.6854737
208021174,787.475695607965
214011372,735.6615426
208021175,977.566438392035
208031184,0.334839047691258
208011173,463.925618968673
215011392,304.532135817047
215011393,111.089871269063
215011394,270.902017792845
208021176,471.137100888291
208021179,292.772953
208021182,357.623670911709
215031400,256.237385656432
208021177,592.130711765751
208021178,492.244220934249
215021395,206.447081619595
215021396,173.0902274
215021397,1139.1511008
215021398,121.311964280405
215021399,188.1949512
208031185,354.2897507
208031186,392.28200430984
215031403,154.4421337
208031188,688.780944755495
208031190,394.598933585188
215031404,347.787025410272
215031405,218.375573289728
208031189,336.987598247277
216011406,458.023228026573
216011407,407.222148133226
216011408,120.258935073427
208031191,272.299306959317
208031192,0
209011196,334.23890560573
209011197,559.157641393647
208031193,522.376817652337
209031210,92.8750011991677
209031211,116.9848831
209031212,132.882694023425
209031213,229.120762642168
209031214,174.795515077408
208041194,529.22816430539
303021057,216.582942090742
208041195,550.20425599461
209011198,430.285169927106
209041217,390.9048892
209011199,532.5711857
209011200,320.0812562
209041218,1080.2257682
209011201,241.84567
209011202,432.071332806353
209011203,572.354498472894
209041225,256.523593489405
209011204,315.55299789427
209021205,262.6324991
210011226,457.100652713095
405041124,310.371231400988
209021206,1572.4254341
209021207,1479.8309626
209021208,1516.0640673
209031209,563.3849952
209031215,344.205769857832
210011227,0
405041125,259.377299299012
209041216,227.4831562
210011230,208.8960131
405041127,473.317364994357
405041128,266.946158605643
406011129,null
406011130,null
406011131,210.0617375
406011132,null
406011133,709.4656351
406011134,null
209041219,1863.9371257057
407011145,294.9925742
209041220,793.9557131
407011149,360.840894128034
407021150,241.4870029
407021151,168.320695254876
209041221,554.7397908
209041222,926.9499602
504011046,498.622545603072
209041223,1906.8002699943
209041224,416.145961710595
210011228,484.543486
210011229,1592.6916102869
210011231,280.7343909
210021232,300.761582339979
504021053,517.074332171713
210021233,86.4244936885576
210021234,101.873924071463
210021235,240.4784087
210031236,360.593979
210031237,967.4084937
210031238,1551.417104
210031239,970.9481212
210041240,332.355481525155
210041241,636.859063474845
701011001,17.2808808235268
210051242,879.3867303
210051247,1098.0485622
210051243,1580.0643729
210051244,1048.0219442
210051245,935.558624618378
210051246,564.539133754085
210051250,342.693664181622
211011251,337.585481404662
210051249,752.1423372
211011252,752.486117995338
211011253,850.0824098
211011254,397.5300389
211011255,202.718607116774
211011257,250.071197786799
211011256,471.514195331916
211011258,335.151113964511
211011259,542.01330976109
211011260,688.07776673891
211021261,473.234256944564
211021262,305.515321955436
701021010,100.397654057122
211031263,309.293487376935
211031264,884.1590846
211031266,503.1237656
211031267,512.156164223065
211041269,371.7374915
211041270,501.22149679948
211051275,258.972295674748
211051276,396.6688664
211041271,342.4180529
211041272,335.072593931167
211041273,386.338497769353
211051274,264.47490402739
212021293,657.385819559752
212021294,451.8442022
211051277,257.9988803
211051278,508.431212737174
211051279,147.943503313395
211051280,191.057698025469
211051281,587.193073699784
211051283,250.310475286605
212031302,329.3387631
211051284,256.985302711034
211051285,209.415546762826
211051286,479.4774637
212011287,207.824593078491
212011288,236.6902812
212011289,449.371279921509
212011290,295.7587263
212011291,288.171716730109
212011292,486.392299869891
212021295,722.1662939
212031303,175.501534113467
212031304,259.714414050866
212021296,1221.5702609
212021297,471.8997267
701021011,104.005419387062
212021298,1024.3651511
212021299,206.365554340248
212031300,553.110912449134
212031301,214.542524578851
212031307,880.771353
212031308,195.387875307682
212041309,713.533142612556
212041310,711.269317687444
212041312,1249.57643164205
212041311,1798.8064463
212041314,1027.7447346
212041317,1651.49043570454
212041315,1638.3299102
212041316,421.468271557952
212041318,1017.79258819546
212051319,669.001026592797
212051320,703.6946278
212051321,861.535039155753
212051322,744.266154032995
213011328,531.886169971911
212051323,554.723060938554
212051324,638.214162561446
507011153,318.215442494826
212051325,710.487115667005
701021012,109.021896995752
212051326,832.916980807203
213011329,356.9287512
212051327,794.310112344247
213011330,1064.0703195
213011331,396.2782467
213011334,1719.54579896476
213011332,749.8347465
213011333,1232.08466133524
701021013,144.427915514507
213011335,1474.42487346034
213011337,967.486146839665
213011336,656.446022931399
213011338,1243.89019529669
213021343,899.9955114
213021345,186.7681954
213021344,625.17131953711
213021346,570.652139662889
213031347,902.6449948
213031351,443.45038558392
213031348,572.32409001608
213031352,560.326687575798
213041353,509.3513089
213031349,380.5992895
213031350,340.712212224202
213041354,850.9677167
213041355,406.314884373403
213041356,778.671716205669
213041357,695.178189435523
213041358,430.1080792
213041359,116.970119958809
213041360,404.249718326597
213051361,511.779880304455
213051362,793.720587154827
213051363,246.5959081
213051364,723.8594381
213051365,563.5656363
213051366,301.140579795545
213051367,1207.6111197
213051368,446.606369045173
213051369,442.653524
214011370,640.297646091816
214011371,676.8983771
214011373,577.9473512
214011374,546.190185437164
214011375,536.862888808184
214011376,256.125275862836
214021377,385.197442
214021378,167.873210878005
214021379,639.4302699
214021380,697.619234340976
214021381,532.3066341
214021382,537.968783621995
214021383,685.7210194
214021384,928.0161924
216031415,302.867620647549
214021385,542.979941059024
216031416,531.982275994494
216031417,831.665028952451
216031418,111.3766623
216031419,302.296335105506
217011420,303.718924129899
215011386,297.352379259881
215011387,108.5872551
217011421,338.561157684177
217011422,368.514128870101
217011423,212.672967915823
301031019,260.852126599922
215011388,517.7876124
215011389,103.7158388
215011390,277.377763238092
215011391,132.033882123072
216011409,144.098075703998
216011410,155.439303562776
216021411,260.487101238301
216021412,105.347381895767
216021413,511.545937761699
216021414,290.518356404233
303031061,220.957859415832
217021424,131.401132639806
217021425,418.9493592
217021426,172.770128860228
217021427,204.806618060194
217021428,213.885460103624
217021429,191.958765451673
217021430,254.475607644703
217021431,106.157609739772
217021432,602.20753317719
217021433,395.61663652281
311061335,218.685043290606
301011001,601.135262927201
301011002,265.450404244487
302041042,375.222042223162
301011003,511.708184179939
303051072,348.220270997288
301011004,608.582001372799
301011005,126.571433175573
301011006,375.8116004
301021007,648.967815188622
301021008,254.022229311378
301021009,448.779784681768
301021010,858.0299523
301021011,213.899150218232
301021012,419.3086502
301021013,580.1646101
301031014,0.217747567860847
301031015,238.521071804491
301031016,358.132619795587
301031018,390.425429672625
301031017,180.970119527375
301031020,454.620630432139
302041046,326.2580719
301031021,504.5804218
302011022,266.258229159704
302011024,297.763089440296
302011023,289.505632034082
302011025,315.586537473319
302011026,268.693979292599
302021027,522.799516812673
308021201,130.867435144581
302021028,305.7462337
302021029,257.094548277527
308021202,0
302021030,180.5668131098
302021031,453.960787946246
302021032,224.365002264969
302021033,251.774598635031
302031037,10.0690816491755
302021034,339.660589553754
302031038,248.331653231409
302031039,340.436431107588
302031035,341.295034969146
302031036,3.51247034273564
302031040,405.378104999945
302041041,558.8818293
302041043,166.066713533716
302041045,427.577378066284
302041044,272.256650476837
303011047,294.5310022
303011048,172.162126663181
303011049,393.398861303776
303011050,233.419458333043
311061336,884.389714141616
303011051,582.0197314
303021052,355.607862060305
303021053,404.4473842
303021055,285.613403839695
303021054,161.303763694291
303021058,191.833686181884
303021059,335.989409423826
303031062,341.481476003725
303031060,492.7630938
312021346,138.761991636021
303031063,559.704443243224
303031064,163.90628416143
303031065,350.711667840944
303041070,322.350284263488
303031066,420.519924534844
303041067,187.295479898746
303041071,325.090874
303041068,449.929433536512
303041069,200.479499601254
303051073,778.322665502712
303051074,138.013667401517
303051075,524.772474598483
303051076,539.0809909
303061077,303.329830319001
304011085,149.060812056272
304021086,282.579935352651
303061078,521.437122480999
305011106,101.574046348796
303061079,416.507970872373
303061080,866.373643527627
304011081,239.96814420624
304011082,241.083742604253
304011083,129.968776539475
304011084,313.98225609376
304021087,217.159500158468
304021088,351.424368813488
308031222,273.180190390169
304021089,126.219688720187
304021090,293.153176266326
304021091,168.125505388882
308031223,714.219718877391
304031092,199.173535455063
304031093,142.548742219744
304031094,331.281479198143
304031095,159.278104725192
304031096,248.2221765
304031097,225.149918001857
304041098,237.334480856297
304041103,560.605515981333
305031119,64.6482542394351
304041099,0.878692031318703
305031126,203.429021335604
304041102,0
306011141,391.541648700368
306011142,355.540002315198
304041100,216.516750494878
305021114,147.655293037129
304041101,236.562309848826
305031130,161.759909158446
306031163,null
304041104,317.805333887349
306021152,270.661686949378
305011105,228.58249414488
312021347,17.3149117799483
305011107,202.504198766718
305021115,153.956035655921
305011108,183.83242865512
305011109,366.2202849
305011110,188.352548887245
305011111,109.577676151204
305011112,280.286117146037
305021116,118.720821472277
305021117,301.1955114
306021153,252.179339174424
305021118,165.007879644079
305031120,147.295471604329
305031121,168.216713059089
305031122,325.818124442363
305031123,107.989022924139
305031124,153.693938373771
305031125,143.827569024777
305031127,115.24878917114
306021144,234.040344925576
305031128,184.398193251691
305031129,100.366268364788
305031131,221.242380450429
305041132,356.900804665115
305041133,125.243299146552
305041134,255.746214134885
306021156,273.773151893721
305041135,240.322346255328
306041164,219.219241725283
306041165,174.062266474717
306051166,485.799590925777
306051167,262.032722610668
306051168,222.025692921585
306051169,385.094945663555
306051170,521.217603378415
307011171,214.568558142317
305041136,133.603421444672
307011172,233.624978230385
307011173,290.820194506942
307011174,190.697294521907
307011175,125.285763092784
307011176,227.65741951465
305041137,245.689349353448
307011177,203.358575462181
307011178,188.105557328834
307021179,383.976200377359
307021180,349.151447722641
307021181,112.051468167038
307021182,190.300503703455
307021183,594.850894229507
306011138,178.081714243825
306011139,324.878754409116
306021146,368.144274679849
306011140,123.143420355807
306011143,195.481764575686
306021145,335.140791806279
306021148,295.015518130152
307031184,203.108773641934
307031185,183.349018694638
307031186,196.835835563428
306021147,364.467623069883
306021149,422.479514720151
306021150,0
306021151,310.200216677022
306021154,343.358045745171
306021155,164.769890799964
306021157,263.19026822843
306031158,null
308011192,363.0683253
308021193,212.234312071154
308021194,282.380936272493
306031159,null
306031160,326.105258513738
306031161,441.87175844598
306031162,0.260052040282087
307031187,320.823421262871
307031188,327.080193037129
308021195,193.945305127507
307031189,636.122139
308011190,266.302429228851
308011191,313.672516971149
308021198,348.065772230637
308021199,224.278641889422
308021200,398.385245828846
308021203,174.962700502786
308021204,184.737674295105
308031214,176.911042919822
308031205,311.972498344506
308031206,83.7034248721302
308031207,198.229562825487
308031215,214.001039804802
308031208,318.862420404364
308031209,154.861251229377
308031210,394.919882242444
308031211,217.898539072805
308031212,134.192618385426
308031213,304.583454255374
308031216,203.121307385208
308031217,156.589011382689
308031218,136.457322297122
308031219,138.788791747665
308031220,92.7442994556337
308031221,0.310412307586725
312021356,252.743838855587
309011224,330.709923117167
309011228,462.689048634661
309011225,324.269972730427
312021357,283.646409841293
309011226,560.231217369573
309011227,453.689246882834
311061329,236.966305392771
309101267,345.594201101858
309021230,218.426487327093
309011229,249.771236365339
309101268,181.417462298142
309101269,136.025600396408
309021232,352.499101409678
309031236,372.562171650906
309021231,438.283072972907
309101270,765.260729003592
312021358,221.79422244549
312031359,326.2887278804
309021233,462.181361490321
310011274,1292.62021268046
310011275,313.096001950661
309021234,536.5616829
310011276,413.397263819539
310021277,451.726316835598
310021278,282.724183659248
312031360,0
312031361,246.9354082196
313011362,666.4931202
313011363,1210.2871307
309031235,321.5354547
310021281,711.633992949298
310021282,482.127795364402
313021364,142.345974909142
309061248,981.4603181
309031238,729.7853232
310031285,177.583659891757
310031286,267.972523350888
310031287,705.211424
311031316,246.493017792363
309031237,574.538129649094
309061247,312.517591917398
309031239,435.906924343301
309071256,549.839905
309071257,101.290993691928
309031240,451.091791656699
309041241,158.195994988876
309041242,519.775535311124
309051243,252.809891794595
309071258,754.556390255659
309081259,139.93328859936
310031288,151.005592147464
309051244,535.7337107
310031290,208.984716016176
310031291,274.02932658246
309051245,254.849279305405
309061246,426.659903338727
310041296,200.525534298674
310041297,418.783309470786
309061249,526.6586609
309081260,221.83603880064
313031371,357.919555257143
309061250,273.867788243875
309081262,440.5252989
309071251,305.18191215707
309071252,562.8693635
309071253,297.92807164293
309071254,104.350858652413
309071255,562.1037417
309081261,773.4359786
309091265,337.551112692331
309091263,463.63261531129
309091264,248.601832996379
314011384,233.474498227875
309091266,1414.8072336
310011271,198.140256799652
310041298,0.27813812893787
310041299,359.261749878082
310041300,428.888994822195
316041433,979.486835622338
316051434,185.077936525961
316051435,357.752550474039
310011272,296.169447349686
316061443,283.888110832195
316061444,386.525172267985
310011273,704.8310909
310021279,0.177553391454416
310021280,721.7278504
310031283,377.38732671754
310031284,415.207839317808
310031289,168.213206136361
310031292,253.807458849112
311021308,269.430904282319
310031293,426.554870794412
310031294,85.3709889138306
310031295,171.465557482192
310041301,0
401021009,160.662431448782
310041302,500.2203886
310041303,156.743494201326
401021010,226.36293423801
801081095,152.936563978975
310041304,239.9069709
311011305,556.6254948
311021309,232.176159531387
311021306,460.746133455219
311021307,669.261430444781
311021310,217.216883586293
311031311,600.7837538
311031312,252.246781466006
311031315,0
311031313,158.671513270114
311031314,424.348517702605
311031317,434.948712631389
311031318,193.346674029886
311051328,359.186485243732
311031319,493.780969207637
311041320,330.2720743
311041321,771.934755207813
311051323,436.813806947619
311041322,229.226274292187
401061021,647.143428417455
311051324,325.685045857186
801081096,102.121050731235
311051325,303.950549
311051327,457.281107842813
801081097,127.210291601864
311051326,477.139022908649
311061330,584.248045511034
311061331,433.030734358384
311061332,620.633734909394
311061333,598.647717488966
311061334,340.634327707229
312011337,398.90889317216
312011338,200.237733869414
312011339,75.9075122321041
312011340,182.32615512784
312011341,181.711841698482
507011154,696.499943447475
312021342,476.027899049495
312021343,123.934807562902
312021344,302.284475286349
312021345,0.204164337206603
312021348,328.072499679783
312021349,222.879923579678
312021350,139.157482058707
312021351,240.98197268286
312021352,560.3503941
312021353,286.510619879933
317011446,382.8926023
312021354,163.059661933868
312021355,127.515733890879
313021365,907.860802
313021366,720.873491877926
313021367,152.725675165658
313021368,277.640516112932
313021369,147.020523634342
313031370,268.439666442857
313041372,589.3965625
313041373,978.4461603
313041374,174.999225238809
313041375,589.337228944148
313041376,102.594521917043
313051377,418.788706957348
318021485,149.573514015228
318021486,247.098337571269
313051378,552.801021844316
313051379,458.475049755684
313051380,879.615117242652
313051381,497.269069
317011447,400.538614414299
314011382,469.820621083175
314011383,469.566833072125
314011385,236.791489016825
314011386,658.6820061
314011387,344.78811
317011452,246.988886922594
314021388,632.5669222
504031056,1034.92036909131
314021389,444.6571506
314021390,607.1323271
701021014,0.141874180269653
314031391,319.845782124879
314031392,217.318567679977
402041043,825.259751188234
314031393,322.618429120022
314031394,355.725302975121
315011395,null
315011396,null
315011397,null
315011398,null
315011399,null
315011400,null
315011401,null
315011402,null
315011403,null
315021404,null
402041047,791.334168970932
315021405,530.5612368
315021406,null
315021407,null
315031408,null
315031409,null
315031410,null
315031411,null
315031412,null
318021478,189.921201105828
316011413,615.71533120772
316011414,578.48228369228
316011415,219.462997862222
316011416,284.285140637778
316021417,419.53568123845
317011453,375.75053775739
316021418,247.371455534196
316021419,263.792381630295
316021420,673.515379054181
318021479,180.0989688082
316021421,455.258461745819
316021422,337.414910231255
318021481,306.184961348713
316021423,366.367390857073
316021424,237.388034708731
317011456,527.297865085701
316031425,488.661508999936
701021030,123.903450768831
316031426,378.336561700064
316031427,760.9678279
317011457,378.502939059883
317011458,393.947119999682
316031428,407.4771704
316041429,324.976208219302
316041430,163.313163180698
316041431,455.266022777662
316041432,689.8706152
316051436,275.627665064532
316051437,224.891468935468
316051438,478.4834489
316061439,276.86756294296
316061440,381.980309667805
316061441,213.17917785704
316061442,361.061327832015
317011445,196.973559999841
318021467,189.338932516956
317011448,276.235478181985
317011449,192.618643600476
317011450,367.4726827
317011451,393.924103218015
317011454,231.681401208211
317011455,309.376171317523
317011459,507.4832388344
318011460,397.647990392529
318011461,353.556586607471
318021468,248.390379107573
318011462,null
318011463,null
318021469,96.561474093095
318021470,158.013000929266
318021471,385.027235024661
318011464,null
318011465,null
318021472,237.049720767816
318021473,336.2258234
318011466,null
318021474,188.680144332664
318021482,454.513171970735
318021475,252.966472181727
318021476,304.830992719729
318021477,158.564770549831
318021483,81.5430605840791
318021484,220.288723242192
318021480,381.268511775339
318021487,137.994655059763
319011500,513.194827074869
318021488,188.84631530722
318021489,161.126335328731
318021490,240.495364564713
318021491,225.170042294673
319011501,291.965040835998
319011492,242.603288182366
319011493,749.736251307908
319031512,786.815911032368
319031513,375.150776567632
319031514,1172.15913077767
319031515,248.290549203942
319041516,222.907393660954
319011494,178.222496358259
319011495,414.513834836028
319011496,254.151185209726
319041520,951.168023451828
319011497,488.910313689104
319011498,367.354703141741
319011499,475.875635332728
319011502,557.613677331274
319021503,335.249965325611
319021504,264.122114539465
505031102,554.959961693555
319021505,372.030099231946
319021506,608.066914607476
319021507,140.914744968054
319021508,193.776461525894
319021509,613.411698292524
319021510,0.312879109029968
319031511,397.292651718388
319041517,240.487010184348
319041518,675.100151611776
319041519,305.124258742922
319041521,746.517817648172
319051522,514.715646186814
401031013,762.455332714388
319051523,188.071463886085
319051524,952.093640202069
319051525,454.461471027101
319051526,255.372055097931
401041016,1312.5788112
401021007,622.2406549
401031011,945.4929796
801021028,null
401011001,424.8220339
401021008,215.441154962902
401011002,259.9389785
401021003,293.190331786862
401021004,732.918238561991
401021005,155.606493488316
401021006,386.474265613138
401031012,446.340862985612
401051017,536.645926039288
401041014,522.8365035
401051018,1004.110009
401041015,1510.935095
401061020,275.912788763999
401051019,717.395833560711
401061022,323.895609818546
401071023,950.7789586
401071024,834.4602176
402011025,338.1595324
402011026,949.7625353
402011027,222.5830049
402021028,648.219204101667
402021029,720.291592
506031131,785.611192273058
402021030,770.135542588085
402021031,705.3092649
402021034,948.825083611915
402021035,149.475113204201
402021032,311.479875694132
402021033,114.9057262
402031036,1911.4764137
402031037,1044.7061725
402031038,973.6607336
402041039,0.160398294802143
701041043,98.9671416271457
402041040,789.0037358
402041041,667.183409929068
402041042,4.09451240960346
402041044,864.857996202162
402041045,978.055335605198
402041048,1148.29712932671
402051049,365.348777901124
701041044,157.371936744232
402041046,1175.69875617329
402051050,351.670962798876
402051051,520.5454069
702011045,189.562430007782
402051052,918.851829
702011046,222.466964842055
402051053,878.150679683202
402051054,733.074182316798
402051055,624.0568917
403021060,359.557846175862
403011056,725.784404049599
403021061,774.197358130347
403011057,1065.1156944504
403021058,738.374848208301
403021059,486.757291868516
403021062,793.830799891699
403021064,714.744135869653
702011054,null
403021063,379.731845055621
801011001,112.560924731349
403031065,205.539967098302
403031066,328.041245047807
403031067,507.54404015389
403031068,622.314145986809
403031069,648.532928013191
403031070,454.4378311
506031126,0
403041071,451.570613557588
403041086,417.4366837
403041072,509.66629
403041087,787.604648568958
403041073,624.256537666245
403041076,162.807292962779
403041074,519.909650177431
403041075,124.284482638316
403041079,543.429534933755
403041077,396.731062879633
403041078,267.056563531042
403041080,595.128768428171
403041081,0
403041085,607.343249172345
403041082,1.4801698225692
403041083,270.946795610825
403041084,892.761388127655
403041088,155.462051750859
403041089,483.296591171829
404011090,535.59968964534
404011091,982.833812406539
404011092,798.8656186
801081098,159.453886314509
404011093,1233.63717465466
404011094,501.935195692738
801091099,100.438146527571
404011095,1129.81642559346
404011096,932.8705051
507021167,0.407819650356824
404011097,1346.67041380726
404021098,0
508061219,null
404021099,733.85287171399
801011015,181.019273727216
404021100,711.38798788601
404021101,1147.46723320788
404021102,1837.65146879212
404021103,null
404031104,0
801011020,115.870206851925
404031105,141.117484844803
404031107,1092.1032563
404031106,632.9350464
405011114,306.480113768121
404031108,1125.7614491
404031109,243.852320455197
405011110,263.404972373783
405011111,359.045080449724
405011112,252.253910126217
405011113,137.352222050276
405011115,226.727497031879
405021116,193.143489652919
405021117,233.178834847081
405021118,232.4301017
405041126,326.3072519
406011135,null
406011136,1307.0955108
406011137,0
406021138,null
406021139,null
406021140,119.838933390678
406021141,null
406021142,720.774985109322
406021143,70.3051822
407011144,754.649820258148
407011146,319.4804946
407011147,303.6761017
407011148,969.592713113818
407021152,308.9768785
407021153,1455.5590192
407021154,274.9775538
407021155,95.8543624
407021156,188.481824942009
407021157,300.030037545124
407021158,197.360923257991
407031159,408.45071026842
407031160,256.77621663158
407031161,165.268587770497
407031162,278.592446179827
407031163,92.3140266913474
407031164,433.375436401539
407031165,1014.2124629
407031166,252.517385498461
407031167,388.609999
407031168,258.521864828825
407031169,299.833607629503
407031170,382.3062977
501011001,159.174997195033
501011002,921.4865714
501011003,311.8921693
501011004,262.732040004967
501021005,474.4278873
501021006,733.476818000667
501021007,188.8998467
501021008,274.542703425927
501021009,381.32067
501021010,103.724388332184
505011073,545.8848727
501021011,0.378911874073507
501021012,355.994062267816
501021013,259.2669096
501021014,583.272966730566
501021015,295.534142799333
501021016,248.862205869434
501031017,291.444783595813
501031018,262.571761004187
501031019,320.156357869315
501031020,297.393625130685
502011021,258.151965805584
502011022,345.892929494416
502011023,672.418825709729
502011024,841.1619853
504031059,656.01798825374
502011025,579.799711875679
502011026,287.9435847
502011027,451.7514715
502011028,627.428533014592
502011029,404.1350514
503011030,266.878439683281
801011024,127.56602585341
503011031,291.57643094158
503011032,284.126697291815
503011033,303.629877316719
503011034,388.845375966606
503011035,686.219115827371
503011036,308.348942872629
503021037,1.10458452907268
503021038,521.760795844263
503021039,613.4613263
503021040,432.892235355737
503021041,880.353869670927
503021042,550.95286774664
504031063,0.60494042113148
503021043,606.24943255336
504011044,637.4684888
504031064,0.216941697744746
504011045,856.090469496928
504011047,1100.6658542
504011048,424.3963425
504021049,164.471644301497
801011026,118.227503704937
801021027,null
504021050,281.330415885548
504021051,186.128714514452
504021052,0.858112926790419
504021054,565.9455355
504031055,0
801021029,null
504031057,766.610748678869
504031067,291.846667686354
504031058,234.622446110943
801031031,10.6196104817518
801031032,1.17229466357001
801031033,8.61981370272064
504031060,71.0155803344897
504031061,148.1701669
504031062,361.014279579775
504031065,225.235629413646
504031066,429.578312320224
505011072,600.989151391545
504031068,151.45130871177
504031069,0
505011070,336.0512142
505011071,443.6338863
801041034,119.118194137813
505011074,375.043129534066
505011076,242.542875276822
505011075,427.192288643042
505011077,494.154149365934
505011078,516.322215507113
505011079,432.957719776387
505021088,588.983328886859
505011080,318.984206446792
505011081,326.807472361602
505011082,381.593111765413
505011083,359.421819131285
505021084,807.58385300586
505021091,0.377552058441262
505021085,992.862923191925
505021092,558.441345699231
505021086,1325.94785849627
505021087,0.161808025046255
505021089,732.658568213141
505021090,828.715602908075
505021093,712.117118228569
505021095,607.804878082084
505021094,271.022686589088
505021096,493.053111611682
505031099,528.778077860894
505021097,850.460845203733
505031098,771.843162465803
505031100,300.767834538819
505031101,321.430843439107
505031103,565.6753212
505031104,700.458823740642
801071083,61.6701609571976
801041038,49.6664476186034
505031106,0
505031105,545.0972786
507011162,19.3961401499049
505031107,332.697211961181
506011113,170.7361734
506021121,2.54909861064785
505031108,1160.3544371
505031109,291.4283697
506011117,225.4585606
506021118,594.253023478747
506011110,705.3571226
506021119,607.299330645582
506011111,0
506011112,263.52571494562
506011114,502.57473615438
506021120,0.134163084770939
506011115,340.358777566317
506031125,458.826570060229
506011116,314.538136233683
506021122,977.646398725834
506021123,551.350006054418
506031124,922.127427302459
506031129,594.392045766713
506031127,704.93991809019
506031130,0.990216607350769
506031128,571.8822062
506041132,906.637427879158
507041180,488.998450989961
506041133,662.956313584418
506041134,986.789283160094
506061142,275.035378391092
506041135,469.661396215582
506041136,607.342060760749
506061143,191.695410827623
506061144,133.505773281285
801091103,123.798656987677
506041137,984.5826508
506051138,577.783492809262
506051139,427.164564090738
506051140,668.078518488849
506051141,520.792136211151
506071145,476.655358654712
507011156,62.8815817184078
506071146,417.890854
506071147,584.729019345288
507011148,354.755049821768
507011151,0
507011149,202.555488115382
507011150,0.698561792666844
507011152,375.988453556764
507011155,0.441593383447923
507011157,5.571153247201
507011158,28.9375667432362
507011159,453.818614012507
507011160,642.863229052525
507011161,273.436198612623
801091110,114.052011728266
507011163,242.027142851265
507021164,301.004182616574
507021165,575.339307783426
507021166,913.923836449643
507031168,33.6807593084962
507031169,232.79260913048
507031170,338.394543036758
507031171,57.5218616610239
507031172,5.09657995618455
507041184,249.744301835963
507031173,0.688727021106021
507031174,497.720060585951
507051186,508.388852591023
507041175,458.063726941877
507041176,161.152208123175
507041177,521.713148990877
508041205,370.7731199
508041206,null
507041178,597.961778134948
507041179,332.464285348083
508051214,167.226628274149
508051215,null
508051216,211.060914070709
508051217,270.413005855142
508061218,null
507041181,622.24700707316
508031198,280.634724714484
507041182,534.005880761957
507041183,190.4347893
507051185,405.655384287838
507051187,406.9953775
507051188,873.349729737817
508031201,0
508031202,196.186644485516
507051189,0.765734571160155
507051190,437.216735405734
801051053,58.947330483544
507051191,381.673949312162
801051054,82.9196537692324
507051192,466.16221068086
507051193,431.886721813406
508011194,483.6975462
508011195,143.6244635
508061221,null
508021196,239.2734469
508021197,null
508031204,0
508031199,365.4948563
508031200,223.1365076
508061222,139.931927
508061223,164.3755607
508031203,null
508061224,203.6664353
509011225,669.6763217
509011226,128.307119786032
508041207,null
508041208,null
508041209,null
508051210,639.408324509708
508051211,401.366035790292
508051212,233.3369857
508051213,295.5045321
508061220,313.0980607
509011227,182.37848858475
509011228,290.543018383447
509011229,110.394178306873
509011230,204.6794523
509011231,163.331965293127
509011233,400.6699032
509011234,273.037731616553
801051055,137.811766783367
509011235,0
602011047,166.903877397605
509021236,201.326700336835
509021237,166.147505321201
509021243,523.608096354915
509021244,189.800418551326
509021245,245.907828145085
509031246,193.0196026
509031247,171.815862763636
509031248,109.6712946
602021054,244.015344541995
602021055,214.484564400687
602021056,122.479944599313
602021057,173.048131158005
602031058,161.186964487375
602031059,355.078483274102
602031060,179.999295931001
509031249,201.714714
509031250,182.348205136364
601011001,327.2497761
601011002,139.015161563355
601011003,108.087476536645
601021004,280.491960938711
601021009,265.8335104
601031021,190.999073349371
601021010,199.6229216
601021011,280.5056294
601021012,144.075510767694
601051033,190.930660755017
601061034,297.131282932705
601061035,325.904865667295
602011036,165.916781475922
602031061,173.385903268999
602011037,143.146253293112
602011038,159.5247376271
602011039,147.129929761251
602031062,194.113225612626
602031063,403.030522246285
602031064,327.654584879613
603011065,109.264609904646
603011066,155.768755253284
603011067,305.548340272274
603011068,0.30197496979635
602011040,201.658491771189
602011042,210.255039578872
602011043,160.611488567194
603021069,132.4442841
603021070,211.08019247647
603021071,175.6884333
603021072,421.67152192353
603031073,149.2877654
603031074,227.0290713
602011044,321.7653072
604011075,184.77134801525
604011076,204.251555371314
604011077,211.64616458475
602011045,213.697804712752
602011048,172.683773309283
602011049,185.52208321893
602011050,186.394362863135
604011078,302.783309898586
604011079,197.332518935199
604011080,140.060494793487
604011081,190.890350015366
604011082,320.2306429
604011083,212.8252815
604011084,287.656150086048
604021085,652.5468546
602011051,125.1168323729
604021086,246.9688168
604021087,215.719335482686
604021088,130.833542575791
604021089,223.0436067
602011052,198.828135253934
602021053,202.051272
701011002,174.536896317621
701011003,1.57448025281022
701011004,125.075175204949
701011005,124.460743886779
701011006,109.983205952402
701011007,75.8822677939756
701021017,0.302718476386458
701011008,143.930536281286
701011009,101.841990986651
701021015,0.518945959519643
701021016,134.904909977745
701021021,98.1296413531769
701021018,85.9604619366963
701021019,209.481185659429
701021020,221.891217941738
701021022,205.675581956285
701021026,154.690963441147
701021023,116.680913366716
701021024,87.6153761655664
701021027,118.7486888857
701021028,99.7375487295663
701021029,83.9422233262116
701021025,173.056965220574
701031031,175.232107347282
701031032,318.010804399441
701031033,0.815412318972927
801071073,229.065488614073
701031034,116.277796685539
701031035,148.649665748765
701041036,84.3268755493249
701041037,136.119134997423
701041038,96.8265973089083
701041039,152.265744116752
701041040,146.837539341593
701041041,109.194186703168
701041042,0.184985311452609
702011047,191.475484358612
702011048,214.347111930755
702011049,154.872377779401
702011050,null
702011051,97.9908950813944
801041039,92.6553962237816
702011052,null
801041043,7.10131809189334
702011053,null
702021055,null
702021056,null
702031057,null
702031058,null
702031059,null
702031060,null
702031061,null
702041062,null
702041063,null
702041064,null
702051065,null
702051066,null
702051067,401.3233
702051068,null
801011002,166.805462869533
801011008,189.555080776671
801011003,237.290022701586
801011011,122.729816123434
801011012,0.171156035937252
801011004,115.327401853214
801011005,131.555297450816
801011006,202.819902585644
801011013,130.467314287887
801011007,201.009529402768
801011009,144.64359774927
801011010,86.2736419646236
801011014,116.229866034654
801011016,271.565248202926
801011017,135.482435238712
801011018,0
801011019,157.064188978419
801011021,103.939714169286
801041044,108.118254726305
801011022,130.162967603393
801011023,130.512646919676
801011025,104.130374082714
801031030,31.5485181519575
801041035,31.977320925845
801041036,31.9131523888701
801041037,13.6608875904183
801041040,136.779332612084
801041045,0.146105749630142
801041041,0.87663449778085
801051050,197.743409947104
801041042,0.06416853697494
801041046,252.509306871462
801051051,95.1423273172782
801041047,195.462053376061
801041048,159.698570652478
801051049,41.0794427732347
801051052,102.907343939048
801051056,112.963006584172
801051057,173.902555777829
801051058,203.558252427414
801051059,33.0430680437147
801051060,75.0409536431802
801051061,198.596253510882
801061062,125.245334404976
801061063,52.9936595873638
801061064,140.882939598309
801071079,129.671960616366
801061065,150.347383232862
801061066,0
801071081,169.452697303227
801061067,204.822119877541
801061068,0.135011140213773
801071082,521.8383471
801061069,117.330202003925
801061070,131.45584685481
801071071,173.474293027512
801071072,150.72061465812
801071074,205.660202961066
801071075,182.216574593128
801071076,130.136280787844
801071077,111.646354213922
801071078,266.279611451519
801071080,64.8337988422767
801081093,147.742307079977
801071084,228.909844538592
801071085,0.102850371360185
801071086,79.6478533609524
801071087,123.034832132332
801071088,157.867866317259
801071089,0.994220256481787
801071090,347.460971496771
801081094,132.845570313041
801081091,133.384596972371
801081092,158.816854808028
801091100,216.689530194262
801091101,167.559126202095
801091102,133.933729718061
801091104,117.39620638288
801091105,110.324585217508
801091106,145.746990917521
801091107,35.2280039849615
801091108,126.979570169238
801091109,84.0549052699596
