Median_Tot_prsnl_inc_weekly, Average_num_psns_per_bedroom, Median_age_persons, Median_Tot_fam_inc_weekly, LGA_NAME11, Median_mortgage_repay_monthly, Average_household_size, Median_Tot_hhd_inc_weekly, Median_rent_weekly, LGA_MAIN11
470,1.1,42,1130,"Gundagai (A)",1186,2.5,907,140,"13500"
485,1.1,40,1200,"Gunnedah (A)",1300,2.5,937,190,"13550"
418,1.1,41,985,"Guyra (A)",1083,2.5,805,150,"13650"
387,1.1,45,907,"Gwydir (A)",928,2.3,726,100,"13660"
424,1.1,47,1030,"Harden (A)",1083,2.4,763,140,"13700"
622,1.1,36,1598,"Hawkesbury (C)",2029,2.8,1385,280,"13800"
441,1.1,43,981,"Hay (A)",1083,2.4,805,125,"13850"
517,1.2,34,1353,"Holroyd (C)",2058,2.8,1209,330,"13950"
682,1.1,39,2119,"Hornsby (A)",2400,2.9,1824,400,"14000"
820,1.1,42,2715,"Hunters Hill (A)",3000,2.6,2178,390,"14100"
540,1.2,37,1475,"Hurstville (C)",2167,2.8,1284,350,"14150"
430,1.1,41,963,"Inverell (A)",1200,2.5,792,160,"14200"
449,1.1,45,1068,"Jerilderie (A)",1000,2.5,856,80,"14250"
472,1.1,39,1142,"Junee (A)",1192,2.5,895,155,"14300"
386,1.1,45,902,"Kempsey (A)",1300,2.4,748,190,"14350"
564,1.1,45,1522,"Kiama (A)",2000,2.5,1234,300,"14400"
605,1.2,37,1667,"Kogarah (C)",2167,2.8,1463,380,"14450"
814,1.1,41,2679,"Ku-ring-gai (A)",3000,2.9,2508,575,"14500"
376,1.1,45,883,"Kyogle (A)",1083,2.4,714,170,"14550"
445,1.1,40,985,"Lachlan (A)",867,2.4,846,110,"14600"
520,1.1,41,1396,"Lake Macquarie (C)",1733,2.5,1117,255,"14650"
970,1.1,37,2637,"Lane Cove (A)",2734,2.5,2181,420,"14700"
478,1.1,36,1195,"Leeton (A)",1300,2.5,966,160,"14750"
1086,1.1,37,2738,"Leichhardt (A)",3000,2.3,2234,480,"14800"
469,1.1,40,1123,"Lismore (C)",1495,2.4,907,224,"14850"
450,1.1,42,1190,"Lithgow (C)",1452,2.3,896,170,"14870"
510,1.2,33,1401,"Liverpool (C)",2167,3.2,1299,295,"14900"
433,1.1,44,988,"Liverpool Plains (A)",1083,2.4,797,150,"14920"
456,1.1,44,1069,"Lockhart (A)",997,2.5,868,100,"14950"
562,1.1,36,1555,"Maitland (C)",1733,2.7,1292,259,"15050"
985,1.1,37,2649,"Manly (A)",3033,2.5,2221,520,"15150"
772,1.2,36,1964,"Marrickville (A)",2485,2.3,1605,370,"15200"
449,1.1,41,1204,"Mid-Western Regional (A)",1551,2.4,929,200,"15270"
558,1.1,35,1253,"Moree Plains (A)",1300,2.5,1053,140,"15300"
1117,1.1,40,2838,"Mosman (A)",3033,2.3,2465,473,"15350"
463,1.1,47,1043,"Murray (A)",1435,2.3,845,200,"15500"
508,1.1,38,1109,"Murrumbidgee (A)",1062,2.5,894,140,"15550"
619,1.1,34,1697,"Muswellbrook (A)",1733,2.6,1399,230,"15650"
377,1.1,49,853,"Nambucca (A)",1200,2.3,700,195,"15700"
520,1.1,39,1246,"Narrabri (A)",1300,2.5,982,140,"15750"
453,1.1,43,1013,"Narrandera (A)",1075,2.4,810,140,"15800"
492,1.1,39,1084,"Narromine (A)",1083,2.5,850,145,"15850"
563,1.1,37,1530,"Newcastle (C)",1777,2.4,1165,275,"15900"
1216,1.2,36,2768,"North Sydney (A)",2700,2.0,2205,480,"15950"
525,1.1,41,1272,"Oberon (A)",1517,2.5,988,170,"16100"
582,1.1,36,1472,"Orange (C)",1625,2.5,1161,230,"16150"
824,1.1,41,2104,"Palerang (A)",2165,2.7,1813,250,"16180"
456,1.1,39,1131,"Parkes (A)",1300,2.5,882,150,"16200"
544,1.2,33,1451,"Parramatta (C)",2063,2.7,1288,340,"16250"
623,1.1,34,1582,"Penrith (C)",1983,2.9,1398,300,"16350"
754,1.1,42,2137,"Pittwater (A)",3000,2.7,1819,498,"16370"
447,1.1,47,1008,"Port Macquarie-Hastings (A)",1650,2.3,837,250,"16380"
498,1.1,42,1246,"Port Stephens (A)",1725,2.5,999,250,"16400"
842,1.1,35,2066,"Queanbeyan (C)",2000,2.5,1657,285,"16470"
718,1.2,35,2066,"Randwick (C)",2600,2.4,1577,440,"16550"
407,1.1,42,956,"Richmond Valley (A)",1300,2.4,789,200,"16610"
555,1.2,36,1443,"Rockdale (C)",2167,2.7,1276,370,"16650"
635,1.2,36,1841,"Ryde (C)",2329,2.6,1466,370,"16700"
479,1.1,37,1346,"Shellharbour (C)",1900,2.7,1126,250,"16900"
426,1.1,46,984,"Shoalhaven (C)",1517,2.3,822,220,"16950"
640,1.1,35,1927,"Singleton (A)",2000,2.7,1692,260,"17000"
634,1.1,38,1405,"Snowy River (A)",1517,2.4,1154,230,"17050"
390,1.1,45,854,"Urana (A)",500,2.4,721,80,"17700"
586,1.1,34,1418,"Wagga Wagga (C)",1549,2.5,1149,220,"17750"
414,1.1,48,985,"Wakool (A)",960,2.4,810,120,"17800"
459,1.1,44,1077,"Walcha (A)",867,2.4,826,100,"17850"
386,1.1,41,959,"Walgett (A)",810,2.3,706,100,"17900"
498,1.1,42,1128,"Warren (A)",900,2.4,874,110,"17950"
745,1.1,38,2080,"Warringah (A)",2600,2.7,1722,440,"18000"
380,1.1,45,869,"Warrumbungle Shire (A)",870,2.4,689,120,"18020"
973,1.2,35,2496,"Waverley (A)",3000,2.3,1912,500,"18050"
383,1.1,47,874,"Weddin (A)",867,2.3,717,105,"18100"
411,1.1,41,950,"Wellington (A)",1200,2.4,765,130,"18150"
473,1.1,42,1095,"Wentworth (A)",1200,2.5,886,150,"18200"
858,1.2,37,2479,"Willoughby (C)",2817,2.6,1996,490,"18250"
548,1.1,45,1348,"Wingecarribee (A)",1873,2.5,1094,260,"18350"
617,1.1,36,1661,"Wollondilly (A)",2167,3.0,1478,270,"18400"
489,1.1,38,1426,"Wollongong (C)",1950,2.5,1101,250,"18450"
1145,1.1,38,2832,"Woollahra (A)",3234,2.3,2398,550,"18500"
469,1.1,40,1171,"Wyong (A)",1733,2.5,934,260,"18550"
756,1.1,40,1917,"Yass Valley (A)",2000,2.7,1625,250,"18710"
439,1.1,40,995,"Young (A)",1257,2.5,808,180,"18750"
549,1.1,45,1145,"Unincorporated NSW",1040,2.3,955,53,"19399"
462,1.1,48,1069,"Alpine (S)",1300,2.3,829,170,"20110"
479,1.1,45,1055,"Ararat (RC)",1018,2.3,844,150,"20260"
512,1.1,37,1272,"Ballarat (C)",1307,2.4,988,200,"20570"
618,1.1,39,1731,"Banyule (C)",1900,2.6,1394,300,"20660"
472,1.1,46,1071,"Bass Coast (S)",1300,2.2,855,224,"20740"
511,1.1,40,1273,"Baw Baw (S)",1387,2.5,1025,200,"20830"
758,1.1,42,2426,"Bayside (C)",2414,2.6,1826,390,"20910"
465,1.1,46,1074,"Benalla (RC)",1200,2.3,827,171,"21010"
773,1.1,38,2505,"Boroondara (C)",2400,2.6,1893,364,"21110"
429,1.1,35,1195,"Brimbank (C)",1600,2.9,1106,265,"21180"
406,1.1,48,959,"Buloke (S)",737,2.3,742,100,"21270"
469,1.1,42,1099,"Campaspe (S)",1300,2.4,886,170,"21370"
592,1.1,34,1479,"Cardinia (S)",1733,2.8,1303,280,"21450"
572,1.1,33,1450,"Casey (C)",1733,3.0,1342,295,"21610"
381,1.1,48,864,"Central Goldfields (S)",867,2.2,685,150,"21670"
497,1.1,42,1161,"Colac-Otway (S)",1248,2.4,914,175,"21750"
480,1.1,43,1149,"Corangamite (S)",1050,2.5,909,135,"21830"
534,1.1,36,1438,"Darebin (C)",1900,2.5,1178,295,"21890"
436,1.1,47,990,"East Gippsland (S)",1296,2.3,798,180,"22110"
568,1.1,37,1396,"Frankston (C)",1647,2.5,1140,265,"22170"
422,1.1,47,962,"Gannawarra (S)",988,2.3,764,125,"22250"
517,1.1,39,1341,"Greater Geelong (C)",1517,2.4,1049,231,"22750"
510,1.1,38,1206,"Greater Shepparton (C)",1300,2.5,980,185,"22830"
451,1.1,46,1072,"Hepburn (S)",1226,2.3,850,185,"22910"
439,1.1,47,990,"Hindmarsh (S)",800,2.3,785,120,"22980"
582,1.1,38,1568,"Hobsons Bay (C)",1800,2.6,1286,281,"23110"
530,1.1,40,1207,"Horsham (RC)",1170,2.4,946,170,"23190"
477,1.1,33,1309,"Hume (C)",1712,3.1,1214,280,"23270"
540,1.1,44,1321,"Indigo (S)",1367,2.5,1066,180,"23350"
597,1.1,39,1625,"Kingston (C)",1950,2.5,1292,300,"23430"
598,1.1,38,1610,"Knox (C)",1733,2.8,1401,300,"23670"
468,1.1,39,1236,"Latrobe (C)",1200,2.4,942,160,"23810"
377,1.1,50,880,"Loddon (S)",758,2.2,686,100,"23940"
593,1.1,41,1661,"Macedon Ranges (S)",1733,2.7,1395,240,"24130"
571,1.1,42,1713,"Manningham (C)",2000,2.8,1467,360,"24210"
488,1.1,45,1146,"Mansfield (S)",1200,2.3,891,180,"24250"
577,1.2,34,1525,"Maribyrnong (C)",2000,2.5,1257,280,"24330"
611,1.1,38,1615,"Maroondah (C)",1733,2.6,1308,290,"24410"
711,1.2,28,1962,"Melbourne (C)",2167,2.0,1352,400,"24600"
492,1.1,46,1192,"Upper Lachlan Shire (A)",1460,2.4,943,140,"17640"
481,1.1,43,1128,"Uralla (A)",1230,2.6,933,150,"17650"
396,1.2,35,1050,"Greater Dandenong (C)",1517,2.8,953,250,"22670"
610,1.1,32,1486,"Melton (S)",1733,3.0,1363,270,"24650"
463,1.1,39,1092,"Mildura (RC)",1268,2.5,878,170,"24780"
548,1.1,37,1368,"Mitchell (S)",1600,2.7,1170,205,"24850"
437,1.1,44,1001,"Moira (S)",1200,2.4,828,160,"24900"
520,1.1,38,1549,"Monash (C)",2000,2.7,1321,345,"24970"
628,1.1,38,1776,"Moonee Valley (C)",2000,2.5,1377,300,"25060"
540,1.1,39,1409,"Moorabool (S)",1517,2.7,1183,208,"25150"
551,1.2,35,1452,"Moreland (C)",1950,2.5,1215,310,"25250"
538,1.1,43,1351,"Mornington Peninsula (S)",1733,2.4,1054,260,"25340"
460,1.1,47,1078,"Mount Alexander (S)",1213,2.3,838,190,"25430"
531,1.1,41,1276,"Moyne (S)",1300,2.6,1040,150,"25490"
473,1.1,45,1161,"Murrindindi (S)",1400,2.4,917,170,"25620"
698,1.1,39,2070,"Nillumbik (S)",1950,3.0,1872,315,"25710"
447,1.1,45,1053,"Northern Grampians (S)",910,2.3,815,140,"25810"
985,1.2,35,2371,"Port Phillip (C)",2200,2.0,1672,365,"25900"
389,1.1,47,910,"Pyrenees (S)",997,2.3,732,130,"25990"
576,1.0,55,1422,"Queenscliffe (B)",1500,2.1,1022,220,"26080"
481,1.1,44,1148,"South Gippsland (S)",1300,2.4,920,180,"26170"
503,1.1,44,1187,"Southern Grampians (S)",1083,2.3,908,150,"26260"
902,1.1,35,2465,"Stonnington (C)",2447,2.2,1722,360,"26350"
456,1.1,50,1027,"Strathbogie (S)",1104,2.2,843,152,"26430"
602,1.1,40,1516,"Surf Coast (S)",1800,2.6,1277,280,"26490"
481,1.1,39,1089,"Swan Hill (RC)",1192,2.5,886,157,"26610"
459,1.1,47,1052,"Towong (S)",1083,2.3,850,133,"26670"
498,1.1,43,1170,"Wangaratta (RC)",1300,2.4,913,175,"26700"
531,1.1,38,1296,"Warrnambool (C)",1495,2.4,1025,220,"26730"
479,1.1,41,1168,"Wellington (S)",1213,2.4,905,170,"26810"
487,1.1,46,1033,"West Wimmera (S)",715,2.3,815,80,"26890"
561,1.1,39,1682,"Whitehorse (C)",1950,2.6,1317,320,"26980"
519,1.1,34,1375,"Whittlesea (C)",1863,3.0,1275,300,"27070"
577,1.1,35,1317,"Wodonga (RC)",1473,2.5,1075,205,"27170"
635,1.1,32,1556,"Wyndham (C)",1800,2.9,1424,280,"27260"
866,1.2,33,2198,"Yarra (C)",2253,2.2,1680,370,"27350"
579,1.1,38,1492,"Yarra Ranges (S)",1642,2.7,1281,265,"27450"
426,1.1,48,986,"Yarriambiack (S)",650,2.3,773,110,"27630"
738,1.2,31,1339,"Unincorporated Vic",1500,1.9,900,1000,"29399"
259,1.8,25,633,"Aurukun (S)",0,5.0,1153,80,"30250"
568,1.1,36,1202,"Balonne (S)",1200,2.6,1015,120,"30300"
630,1.1,35,1646,"Banana (S)",1625,2.6,1392,148,"30370"
575,1.1,40,1252,"Barcaldine (R)",867,2.4,1042,75,"30410"
649,1.2,43,1363,"Barcoo (S)",453,2.3,1019,70,"30450"
503,1.1,41,1170,"Blackall Tambo (R)",953,2.3,876,100,"30760"
705,1.1,36,1821,"Mackay (R)",2167,2.7,1578,310,"34770"
836,1.1,33,1410,"McKinlay (S)",975,2.4,1152,88,"34800"
494,1.0,42,1254,"Mandurah (C)",1950,2.4,984,270,"55110"
493,1.1,42,1122,"Manjimup (S)",1300,2.4,912,150,"55180"
920,1.2,34,1097,"Meekatharra (S)",442,2.5,1006,84,"55250"
694,1.0,40,2130,"Melville (C)",2167,2.6,1619,350,"55320"
397,1.1,42,952,"South Burnett (R)",1200,2.4,789,190,"36630"
599,1.1,36,1458,"Merredin (S)",1144,2.4,1099,130,"55460"
1207,1.1,38,2225,"Boddington (S)",2080,2.6,1814,220,"50630"
495,1.1,44,1178,"Boyup Brook (S)",1122,2.4,890,107,"50770"
467,1.1,46,1117,"Bridgetown-Greenbushes (S)",1500,2.4,883,180,"50840"
457,1.1,48,1012,"Tumby Bay (DC)",1200,2.2,787,150,"47910"
594,1.2,38,1372,"Carnarvon (S)",1517,2.5,1107,155,"51540"
690,1.1,37,1220,"Mullewa (S)",600,2.5,1005,92,"56020"
644,1.1,40,1779,"Mundaring (S)",1842,2.7,1531,300,"56090"
486,1.1,48,1010,"Quairading (S)",738,2.3,850,75,"57350"
747,1.1,39,1593,"Ravensthorpe (S)",1175,2.4,1361,220,"57420"
620,1.0,34,1656,"Rockingham (C)",2000,2.7,1410,300,"57490"
1555,1.2,32,2952,"Roebourne (S)",3000,2.9,2839,120,"57560"
576,1.1,33,1381,"Logan (C)",1800,2.9,1263,300,"34590"
668,1.1,34,1422,"Longreach (R)",1465,2.5,1158,142,"34710"
532,1.1,37,1423,"Narrogin (S)",1001,2.7,1309,100,"56450"
516,1.1,40,1184,"Sorell (M)",1257,2.4,949,230,"64810"
430,1.1,42,1036,"Southern Midlands (M)",1188,2.5,869,120,"65010"
374,1.1,51,784,"Tasman (M)",921,2.1,683,160,"65210"
422,1.1,43,1070,"Waratah/Wynyard (M)",1157,2.4,844,170,"65410"
430,1.1,46,936,"Northampton (S)",1500,2.3,768,180,"56790"
433,1.1,47,866,"Nungarin (S)",1350,2.3,818,50,"56860"
666,1.1,35,1763,"Serpentine-Jarrahdale (S)",2167,3.0,1638,309,"57700"
567,1.1,45,1312,"Shark Bay (S)",737,2.1,946,120,"57770"
780,1.1,36,2259,"South Perth (C)",2200,2.3,1606,340,"57840"
689,1.1,36,1783,"Stirling (C)",2000,2.4,1353,310,"57910"
830,1.1,35,2565,"Subiaco (C)",2214,2.1,1599,351,"57980"
653,1.1,34,1648,"Swan (C)",1950,2.8,1441,315,"58050"
434,1.1,41,972,"Tammin (S)",272,2.5,957,50,"58190"
544,1.1,40,1125,"Three Springs (S)",532,2.3,1005,84,"58260"
279,1.9,24,727,"Roper Gulf (S)",823,4.3,1126,50,"73600"
696,1.1,34,1844,"Victoria Park (T)",2167,2.2,1360,310,"58510"
460,1.1,45,1127,"Wagin (S)",927,2.3,826,110,"58610"
738,1.2,44,1559,"Wandering (S)",1647,2.6,1298,223,"58680"
656,1.1,32,1691,"Wanneroo (C)",2104,2.9,1514,350,"58760"
498,1.1,42,1422,"Waroona (S)",1517,2.5,1107,200,"58820"
500,1.1,44,962,"West Arthur (S)",712,2.4,887,60,"58890"
1004,1.2,33,2513,"Unincorporated NT",1300,2.6,1998,11,"79399"
369,1.2,33,782,"Brewarrina (A)",585,2.6,791,74,"11200"
534,1.1,43,1254,"Cooma-Monaro (A)",1300,2.3,943,180,"12050"
1667,1.5,34,885,"Wiluna (S)",190,3.6,1278,25,"59250"
566,1.1,39,963,"Woodanilling (S)",534,2.5,909,92,"59320"
430,1.1,45,893,"Wyalkatchem (S)",585,2.1,775,125,"59330"
794,1.3,31,1718,"Wyndham-East Kimberley (S)",2167,2.7,1547,120,"59340"
1504,1.2,33,1375,"Yalgoo (S)",0,3.2,1231,0,"59350"
414,1.1,43,994,"Broken Hill (C)",953,2.2,786,150,"11250"
289,1.9,28,766,"Belyuen (S)",0,4.3,1125,80,"70540"
460,1.1,41,1010,"Forbes (A)",1127,2.4,832,150,"12900"
418,1.1,44,932,"Gilgandra (A)",953,2.4,771,125,"12950"
395,1.1,46,915,"Glen Innes Severn (A)",1083,2.3,734,155,"13010"
422,1.1,50,971,"Gloucester (A)",1517,2.3,810,165,"13050"
558,1.1,37,1360,"Albury (C)",1452,2.4,1025,195,"10050"
494,1.1,35,1292,"Armidale Dumaresq (A)",1441,2.4,991,200,"10110"
472,1.1,41,1015,"Conargo (A)",1018,2.7,951,0,"11860"
452,1.1,43,1037,"Coolamon (A)",1192,2.6,857,125,"12000"
534,1.1,42,1395,"Gosford (C)",1950,2.5,1089,280,"13100"
516,1.1,41,1281,"Goulburn Mulwaree (A)",1517,2.4,981,185,"13310"
395,1.1,52,881,"Great Lakes (A)",1395,2.2,729,220,"13320"
479,1.1,43,1181,"Greater Hume Shire (A)",1200,2.5,943,150,"13340"
395,1.1,46,930,"Greater Taree (C)",1300,2.4,770,200,"13380"
531,1.1,36,1288,"Griffith (C)",1517,2.7,1065,180,"13450"
628,1.2,37,1689,"Ashfield (A)",2167,2.5,1413,365,"10150"
420,1.3,31,1161,"Auburn (C)",2000,3.1,1160,350,"10200"
496,1.1,45,1153,"Ballina (A)",1733,2.4,930,290,"10250"
470,1.1,41,1126,"Balranald (A)",867,2.4,894,138,"10300"
428,1.2,35,1228,"Bankstown (C)",2002,3.0,1091,310,"10350"
544,1.1,36,1437,"Bathurst Regional (A)",1625,2.5,1142,220,"10470"
454,1.1,48,1014,"Bega Valley (A)",1300,2.3,848,200,"10550"
416,1.1,46,938,"Bellingen (A)",1300,2.4,787,225,"10600"
428,1.1,48,958,"Berrigan (A)",1170,2.2,776,145,"10650"
565,1.1,32,1492,"Blacktown (C)",2100,3.1,1388,300,"10750"
459,1.1,41,1072,"Bland (A)",1070,2.4,879,130,"10800"
533,1.1,40,1376,"Blayney (A)",1430,2.5,1092,165,"10850"
590,1.1,42,1624,"Blue Mountains (C)",1842,2.5,1270,280,"10900"
478,1.1,39,1182,"Bogan (A)",1083,2.5,902,140,"10950"
462,1.1,46,1010,"Bombala (A)",962,2.2,805,130,"11000"
452,1.1,45,1081,"Boorowa (A)",1000,2.3,778,125,"11050"
575,1.2,37,1488,"Botany Bay (C)",2500,2.6,1245,330,"11100"
600,1.1,35,1238,"Bourke (A)",878,2.6,1085,83,"11150"
490,1.3,35,1441,"Burwood (A)",2179,2.8,1310,400,"11300"
477,1.1,42,1053,"Byron (A)",1684,2.4,885,350,"11350"
523,1.1,42,1293,"Cabonne (A)",1387,2.6,1036,135,"11400"
690,1.1,34,1865,"Camden (A)",2167,3.0,1727,360,"11450"
549,1.1,33,1390,"Campbelltown (C)",1800,2.9,1251,260,"11500"
782,1.2,37,2152,"Canada Bay (A)",2600,2.5,1817,480,"11520"
430,1.3,35,1149,"Canterbury (C)",2000,2.8,1029,300,"11550"
527,1.1,40,1143,"Carrathool (A)",867,2.4,942,80,"11600"
387,1.1,39,889,"Central Darling (A)",300,2.4,787,65,"11700"
472,1.1,37,1265,"Cessnock (C)",1517,2.6,1042,230,"11720"
396,1.1,46,924,"Clarence Valley (A)",1300,2.4,768,210,"11730"
582,1.1,35,1587,"Cobar (A)",1300,2.4,1259,143,"11750"
469,1.1,42,1097,"Coffs Harbour (C)",1575,2.4,902,250,"11800"
437,1.1,41,976,"Coonamble (A)",790,2.4,816,120,"12150"
425,1.1,47,1026,"Cootamundra (A)",1083,2.3,768,150,"12200"
469,1.1,47,1093,"Corowa Shire (A)",1300,2.3,873,180,"12300"
412,1.1,45,1003,"Cowra (A)",1098,2.3,785,155,"12350"
479,1.0,44,1169,"Deniliquin (A)",1083,2.2,856,150,"12500"
577,1.1,36,1340,"Dubbo (C)",1500,2.6,1096,200,"12600"
484,1.1,44,1278,"Dungog (A)",1647,2.5,1005,185,"12700"
424,1.1,50,939,"Eurobodalla (A)",1430,2.3,784,220,"12750"
369,1.2,36,1065,"Fairfield (C)",1800,3.2,1022,280,"12850"
558,1.3,33,1595,"Strathfield (A)",2195,2.9,1421,400,"17100"
718,1.1,39,2014,"Sutherland Shire (A)",2400,2.7,1674,370,"17150"
888,1.3,32,2273,"Sydney (C)",2539,1.9,1639,465,"17200"
515,1.1,39,1181,"Tamworth Regional (A)",1430,2.5,958,200,"17310"
416,1.1,44,978,"Temora (A)",1083,2.3,779,132,"17350"
377,1.1,47,865,"Tenterfield (A)",1083,2.3,694,150,"17400"
719,1.1,38,2188,"The Hills Shire (A)",2570,3.1,2044,450,"17420"
473,1.1,44,1108,"Tumbarumba (A)",1083,2.3,884,150,"17450"
480,1.1,41,1208,"Tumut Shire (A)",1300,2.4,942,165,"17500"
442,1.1,45,1045,"Tweed (A)",1733,2.4,845,295,"17550"
552,1.1,39,1392,"Upper Hunter Shire (A)",1600,2.4,1071,170,"17620"
679,1.1,37,1925,"Glen Eira (C)",2147,2.5,1445,335,"22310"
463,1.1,43,1178,"Glenelg (S)",1148,2.3,899,161,"22410"
538,1.1,39,1385,"Golden Plains (S)",1500,2.8,1217,200,"22490"
513,1.1,38,1245,"Greater Bendigo (C)",1300,2.5,991,200,"22620"
562,1.1,30,1870,"Adelaide (C)",1857,1.9,1144,320,"40070"
665,1.1,42,1798,"Adelaide Hills (DC)",1700,2.7,1509,260,"40120"
454,1.1,47,1019,"Alexandrina (DC)",1365,2.3,861,210,"40220"
523,1.1,43,1193,"Clare and Gilbert Valleys (DC)",1200,2.4,945,180,"41140"
593,1.1,39,1327,"Augusta-Margaret River (S)",1733,2.5,1096,260,"50280"
575,1.1,40,1243,"Naracoorte and Lucindale (DC)",1083,2.4,1017,150,"45090"
459,1.1,46,1069,"Northern Areas (DC)",900,2.3,843,110,"45120"
601,1.1,39,1677,"Norwood Payneham St Peters (C)",1809,2.2,1133,260,"45290"
542,1.1,38,1311,"Onkaparinga (C)",1473,2.5,1080,250,"45340"
564,1.3,31,1237,"Boulia (S)",500,2.6,1072,51,"30900"
696,1.1,34,1873,"Brisbane (C)",2100,2.6,1547,350,"31000"
321,1.5,33,768,"Pormpuraaw (S)",0,3.5,1053,80,"36070"
578,1.1,40,1134,"Quilpie (S)",650,2.3,929,100,"36150"
608,1.1,39,1604,"Redland (C)",2000,2.7,1365,350,"36250"
577,1.1,37,1104,"Richmond (S)",715,2.4,964,47,"36300"
578,1.1,37,1435,"Rockhampton (R)",1690,2.6,1166,250,"36360"
493,1.1,42,1212,"Scenic Rim (R)",1733,2.6,1013,250,"36510"
445,1.1,41,1069,"Somerset (R)",1500,2.6,928,240,"36580"
726,1.1,31,1347,"Bulloo (S)",934,2.5,964,105,"31750"
423,1.1,43,980,"Bundaberg (R)",1350,2.4,833,230,"31820"
540,1.1,41,1284,"Burdekin (S)",1300,2.5,1009,180,"31900"
824,1.4,37,1231,"Burke (S)",884,2.6,1230,80,"31950"
620,1.1,36,1393,"Cairns (R)",1733,2.5,1145,250,"32070"
590,1.3,37,1310,"Carpentaria (S)",898,2.6,997,110,"32250"
503,1.1,42,1145,"Cassowary Coast (R)",1300,2.5,931,200,"32260"
831,1.1,31,2321,"Central Highlands (R)",2000,2.8,1998,112,"32270"
487,1.1,38,1221,"Charters Towers (R)",1350,2.5,979,170,"32310"
448,1.1,42,1001,"Southern Downs (R)",1300,2.4,837,195,"36660"
519,1.1,42,1219,"Sunshine Coast (R)",1863,2.5,1010,320,"36710"
451,1.1,43,1049,"Tablelands (R)",1424,2.4,854,188,"36810"
549,1.1,37,1308,"Toowoomba (R)",1517,2.5,1061,230,"36910"
682,1.4,28,1577,"Torres (S)",1817,3.4,1579,117,"36950"
314,1.4,23,788,"Torres Strait Island (R)",0,3.7,849,60,"36960"
675,1.1,33,1626,"Townsville (C)",1860,2.6,1381,290,"37010"
398,1.0,47,926,"Copper Coast (DC)",1083,2.2,749,185,"41560"
497,1.1,43,988,"Elliston (DC)",1083,2.3,804,62,"41750"
643,1.1,38,1620,"Bassendean (T)",1842,2.4,1277,300,"50350"
662,1.1,37,1622,"Bayswater (C)",1954,2.4,1290,300,"50420"
659,1.1,35,1556,"Belmont (C)",2000,2.4,1263,300,"50490"
404,1.1,51,909,"Beverley (S)",1200,2.2,771,95,"50560"
282,1.5,22,717,"Cherbourg (S)",0,4.3,786,75,"32330"
889,1.2,34,1871,"Cloncurry (S)",1500,2.7,1471,102,"32450"
497,1.3,38,1062,"Cook (S)",1000,2.3,831,140,"32500"
467,1.2,36,1053,"Croydon (S)",844,2.8,1020,115,"32600"
1242,1.2,30,2647,"Weipa (T)",2000,2.8,2503,231,"37300"
541,1.1,37,1294,"Western Downs (R)",1300,2.6,1067,200,"37310"
621,1.1,38,1405,"Whitsunday (R)",1768,2.4,1165,260,"37340"
679,1.0,37,1196,"Diamantina (S)",780,2.3,1083,116,"32750"
456,1.1,45,1055,"Brookton (S)",1200,2.4,867,86,"50910"
779,1.2,32,1809,"Broome (S)",2600,2.8,1610,193,"50980"
473,1.1,37,1023,"Broomehill-Tambellup (S)",965,2.7,859,70,"51080"
495,1.1,40,1088,"Bruce Rock (S)",451,2.3,841,74,"51120"
582,1.1,39,1445,"Bunbury (C)",1647,2.3,1139,250,"51190"
555,1.0,39,1334,"Busselton (S)",1881,2.5,1078,270,"51260"
915,1.1,39,2750,"Cambridge (T)",2600,2.6,2285,385,"51310"
595,1.1,34,1719,"Canning (C)",1900,2.7,1423,330,"51330"
664,1.1,34,1783,"Capel (S)",1993,2.9,1628,310,"51400"
549,1.0,45,1231,"Carnamah (S)",650,2.3,1007,95,"51470"
280,1.9,22,683,"Doomadgee (S)",303,5.1,1146,105,"32770"
487,1.2,43,944,"Etheridge (S)",650,2.3,729,70,"33100"
537,1.1,40,1175,"Flinders (S)",693,2.3,939,100,"33200"
396,1.1,44,912,"Fraser Coast (R)",1387,2.4,780,235,"33220"
689,1.1,35,1941,"Gladstone (R)",2000,2.7,1724,300,"33360"
571,1.1,37,1379,"Gold Coast (C)",2075,2.5,1174,350,"33430"
563,1.1,38,1232,"Goondiwindi (R)",1300,2.5,1026,160,"33610"
413,1.1,43,947,"Gympie (R)",1347,2.4,806,220,"33620"
478,1.1,46,1187,"Hinchinbrook (S)",1200,2.4,917,152,"33800"
294,1.4,25,738,"Hope Vale (S)",0,3.9,895,98,"33830"
592,1.1,32,1398,"Ipswich (C)",1733,2.8,1233,280,"33960"
1052,1.1,31,2671,"Isaac (R)",1907,2.9,2579,64,"33980"
286,1.6,28,760,"Kowanyama (S)",0,4.1,1077,45,"34420"
312,1.4,26,1062,"Lockhart River (S)",0,3.9,1140,113,"34570"
462,1.1,37,1163,"Lockyer Valley (R)",1517,2.7,1003,250,"34580"
298,1.3,31,854,"Mapoon (S)",0,3.2,892,53,"34830"
645,1.1,36,1444,"Maranoa (R)",1365,2.6,1209,150,"34860"
581,1.1,37,1451,"Moreton Bay (R)",1928,2.7,1258,300,"35010"
287,1.6,26,690,"Mornington (S)",0,4.0,977,60,"35250"
952,1.2,30,2397,"Mount Isa (C)",2000,2.7,2064,250,"35300"
569,1.1,37,1259,"Murweh (S)",1083,2.5,979,130,"35600"
260,1.5,23,692,"Napranum (S)",0,4.2,827,90,"35670"
440,1.1,44,950,"North Burnett (R)",1000,2.3,790,115,"35760"
439,1.5,22,907,"Northern Peninsula Area (R)",0,3.6,959,60,"35780"
568,1.1,42,1413,"Chapman Valley (S)",1500,2.6,1244,150,"51610"
290,1.8,24,954,"Palm Island (S)",0,4.8,1181,100,"35790"
501,1.1,39,1165,"Paroo (S)",520,2.3,875,90,"35800"
546,1.1,43,1081,"Winton (S)",921,2.3,850,70,"37400"
284,1.6,22,706,"Woorabinda (S)",0,3.8,760,105,"37550"
277,1.6,26,691,"Anangu Pitjantjatjara (AC)",0,3.8,1117,20,"40250"
257,1.4,24,614,"Wujal Wujal (S)",0,3.6,942,65,"37570"
274,1.7,22,728,"Yarrabah (S)",0,4.9,1015,120,"37600"
566,1.1,41,1394,"Barossa (DC)",1460,2.5,1125,210,"40310"
404,1.1,51,918,"Barunga West (DC)",867,2.2,714,145,"40430"
446,1.1,42,997,"Berri and Barmera (DC)",1083,2.3,804,150,"40520"
715,1.1,44,2123,"Burnside (C)",2000,2.4,1472,290,"40700"
517,1.1,41,1366,"Campbelltown (C)",1600,2.5,1069,260,"40910"
585,1.1,37,1327,"Ceduna (DC)",1192,2.5,1048,136,"41010"
524,1.1,41,1345,"Charles Sturt (C)",1700,2.3,1019,235,"41060"
536,1.1,44,1136,"Cleve (DC)",733,2.3,938,85,"41190"
435,1.1,45,1057,"Coober Pedy (DC)",581,2.0,694,100,"41330"
483,1.1,45,1166,"Flinders Ranges (DC)",910,2.3,853,130,"41830"
458,1.1,43,992,"Franklin Harbour (DC)",1120,2.3,845,180,"41960"
516,1.1,40,1253,"Gawler (T)",1408,2.4,960,220,"42030"
413,1.1,46,940,"Goyder (DC)",758,2.3,755,120,"42110"
577,1.1,41,1372,"Grant (DC)",1300,2.7,1184,135,"42250"
846,1.1,31,2177,"Coolgardie (S)",1300,2.6,1818,180,"51960"
493,1.1,46,1125,"Coorow (S)",1400,2.2,917,115,"52030"
646,1.1,45,1727,"Holdfast Bay (C)",1850,2.1,1159,270,"42600"
489,1.1,46,1053,"Kangaroo Island (DC)",1083,2.2,834,159,"42750"
389,1.1,46,887,"Karoonda East Murray (DC)",802,2.4,761,88,"43080"
577,1.1,45,1365,"Kimba (DC)",575,2.4,1017,85,"43220"
480,1.0,46,988,"Kingston (DC)",1083,2.2,819,130,"43360"
570,1.1,38,1457,"Light (RegC)",1430,2.8,1274,200,"43650"
526,1.1,40,1238,"Lower Eyre Peninsula (DC)",1200,2.6,1039,140,"43710"
458,1.1,43,1070,"Loxton Waikerie (DC)",1062,2.3,830,135,"43790"
526,1.1,40,1317,"Mallala (DC)",1354,2.7,1167,190,"43920"
258,1.2,38,724,"Maralinga Tjarutja (AC)",0,1.9,500,0,"44000"
552,1.1,39,1422,"Marion (C)",1600,2.3,1064,240,"44060"
403,1.1,48,931,"Mid Murray (DC)",1083,2.2,757,140,"44210"
637,1.1,41,1815,"Mitcham (C)",1733,2.5,1387,265,"44340"
598,1.1,38,1502,"Mount Barker (DC)",1612,2.6,1254,266,"44550"
504,1.1,37,1174,"Mount Gambier (C)",1257,2.3,899,160,"44620"
423,1.1,49,994,"Mount Remarkable (DC)",910,2.3,795,100,"44830"
454,1.1,40,1026,"Murray Bridge (RC)",1200,2.4,836,180,"45040"
433,1.1,49,1090,"Orroroo/Carrieton (DC)",867,2.3,932,71,"45400"
355,1.1,50,727,"Peterborough (DC)",563,2.0,564,125,"45540"
455,1.1,32,1063,"Playford (C)",1300,2.6,896,200,"45680"
484,1.1,37,1221,"Port Adelaide Enfield (C)",1600,2.4,952,220,"45890"
541,1.1,38,1245,"Port Augusta (C)",1200,2.4,986,150,"46090"
523,1.1,38,1203,"Port Lincoln (C)",1300,2.4,924,180,"46300"
404,1.1,41,1006,"Port Pirie City and Dists (M)",1000,2.3,771,150,"46450"
660,1.1,36,1821,"Prospect (C)",1777,2.4,1336,260,"46510"
462,1.1,40,1052,"Renmark Paringa (DC)",1083,2.4,842,150,"46670"
555,1.0,45,1206,"Robe (DC)",1389,2.3,846,160,"46860"
1464,1.1,29,2840,"Roxby Downs (M)",2323,2.9,2756,196,"46970"
502,1.1,35,1193,"Salisbury (C)",1410,2.6,1021,240,"47140"
480,1.1,43,1060,"Southern Mallee (DC)",780,2.3,866,95,"47290"
463,1.1,43,1044,"Streaky Bay (DC)",1116,2.4,812,140,"47490"
528,1.1,40,1152,"Tatiara (DC)",1000,2.5,946,132,"47630"
591,1.0,40,1493,"Tea Tree Gully (C)",1517,2.6,1246,260,"47700"
427,1.1,44,964,"The Coorong (DC)",877,2.4,785,110,"47800"
723,1.1,39,2065,"Unley (C)",1950,2.3,1428,280,"47980"
408,1.0,56,905,"Victor Harbor (C)",1213,2.1,751,210,"48050"
460,1.1,42,1041,"Wakefield (DC)",997,2.4,842,150,"48130"
544,1.1,38,1262,"Wudinna (DC)",758,2.4,973,84,"48640"
437,1.1,51,946,"Yankalilla (DC)",1120,2.2,778,190,"48750"
858,1.1,42,2530,"East Fremantle (T)",2200,2.5,1834,360,"53150"
1812,1.2,32,2756,"East Pilbara (S)",358,3.1,2695,75,"53220"
699,1.1,44,2118,"Walkerville (M)",1950,2.3,1451,261,"48260"
470,1.1,42,1131,"Wattle Range (DC)",975,2.4,884,130,"48340"
546,1.1,38,1359,"West Torrens (C)",1690,2.3,1014,250,"48410"
472,1.1,38,1276,"Whyalla (C)",1300,2.3,934,150,"48540"
394,1.1,52,889,"Yorke Peninsula (DC)",975,2.2,717,138,"48830"
746,1.2,39,1340,"Unincorporated SA",867,2.3,1087,45,"49399"
522,1.1,41,1269,"Albany (C)",1560,2.4,1003,230,"50080"
578,1.1,38,1401,"Esperance (S)",1517,2.5,1138,180,"53290"
737,1.1,38,1719,"Exmouth (S)",2167,2.4,1373,257,"53360"
680,1.1,41,1863,"Fremantle (C)",2167,2.2,1299,300,"53430"
603,1.1,36,1492,"Geraldton-Greenough (C)",1647,2.6,1225,230,"53520"
472,1.1,44,1123,"Gingin (S)",1603,2.5,937,200,"53570"
621,1.1,34,1534,"Armadale (C)",1850,2.7,1309,290,"50210"
1873,1.1,33,2831,"Ashburton (S)",954,2.8,2705,30,"50250"
565,1.1,42,1577,"Chittering (S)",2000,2.7,1368,220,"51680"
612,1.1,36,1307,"Gnowangerup (S)",650,2.5,1003,100,"53640"
826,1.1,41,2612,"Claremont (T)",2700,2.3,1789,398,"51750"
691,1.0,34,1820,"Cockburn (C)",2015,2.7,1554,330,"51820"
558,1.1,39,1695,"Collie (S)",1586,2.5,1339,195,"51890"
539,1.1,47,1113,"Corrigin (S)",693,2.2,915,100,"52100"
1024,1.1,40,2799,"Cottesloe (T)",3000,2.5,2409,450,"52170"
485,1.1,41,1031,"Cranbrook (S)",860,2.4,842,80,"52240"
469,1.1,44,991,"Cuballing (S)",1000,2.4,895,100,"52310"
380,1.2,49,840,"Cue (S)",217,2.0,671,100,"52380"
510,1.1,38,1239,"Cunderdin (S)",997,2.4,947,114,"52450"
681,1.1,40,1488,"Dalwallinu (S)",953,2.5,1171,110,"52520"
573,1.1,43,1283,"Dandaragan (S)",1500,2.3,994,200,"52590"
636,1.0,35,1697,"Dardanup (S)",1900,2.7,1502,290,"52660"
470,1.1,47,1042,"Denmark (S)",1359,2.3,848,210,"52730"
409,1.3,29,1048,"Derby-West Kimberley (S)",1733,3.2,1208,65,"52800"
496,1.1,44,1278,"Donnybrook-Balingup (S)",1404,2.5,990,195,"52870"
518,1.1,43,1023,"Dowerin (S)",650,2.3,827,90,"52940"
497,1.1,40,958,"Dumbleyung (S)",813,2.3,810,80,"53010"
796,1.1,37,1555,"Dundas (S)",655,2.3,1130,100,"53080"
897,1.1,31,2280,"Kalgoorlie/Boulder (C)",1950,2.7,1969,260,"54280"
1562,1.1,32,2200,"Leonora (S)",800,2.7,1874,0,"55040"
475,1.1,42,1042,"Goomalling (S)",1000,2.5,852,100,"53710"
272,1.4,28,595,"Ngaanyatjarraku (S)",0,3.4,939,21,"56620"
623,1.1,33,1561,"Gosnells (C)",1800,2.8,1372,310,"53780"
312,1.6,26,755,"Halls Creek (S)",175,3.7,968,50,"53920"
603,1.1,37,1683,"Harvey (S)",1842,2.7,1464,260,"53990"
517,1.1,44,1283,"Irwin (S)",1700,2.4,995,195,"54060"
597,1.1,40,1191,"Jerramungup (S)",1000,2.4,958,105,"54130"
718,1.0,38,2036,"Joondalup (C)",2000,2.8,1780,370,"54170"
681,1.0,38,1779,"Kalamunda (S)",1989,2.7,1521,320,"54200"
526,1.1,36,1149,"Katanning (S)",1213,2.6,950,140,"54340"
391,1.1,43,1027,"Kellerberrin (S)",737,2.5,824,100,"54410"
611,1.0,37,1083,"Kent (S)",758,2.6,990,80,"54480"
528,1.1,41,1158,"Kojonup (S)",932,2.4,954,103,"54550"
610,1.1,39,992,"Kondinin (S)",823,2.4,920,110,"54620"
502,1.0,42,859,"Koorda (S)",379,2.5,865,86,"54690"
540,1.1,41,1130,"Kulin (S)",520,2.4,918,89,"54760"
606,1.1,32,1451,"Kwinana (T)",1800,2.7,1253,260,"54830"
616,1.0,40,1302,"Lake Grace (S)",950,2.3,993,100,"54900"
1460,1.3,37,793,"Laverton (S)",953,2.5,900,70,"54970"
506,1.1,37,1181,"Narrogin (T)",1300,2.4,955,160,"56520"
818,1.1,41,2779,"Nedlands (C)",3000,2.8,2490,430,"56580"
292,1.5,37,700,"Menzies (S)",2813,3.1,900,86,"55390"
700,1.1,39,1399,"Mingenew (S)",309,2.4,981,100,"55530"
1421,1.2,31,2944,"Port Hedland (T)",2600,2.8,2809,120,"57280"
590,1.1,37,1361,"Moora (S)",919,2.5,1180,125,"55600"
472,1.1,43,1137,"Northern Midlands (M)",1246,2.4,909,150,"64610"
550,1.1,37,1256,"Morawa (S)",850,2.6,1086,100,"55670"
1028,1.0,40,2912,"Peppermint Grove (S)",2167,2.8,2685,370,"56930"
393,1.1,44,922,"Dorset (M)",997,2.3,734,135,"61810"
747,1.1,38,2555,"Mosman Park (T)",2582,2.3,1497,285,"55740"
582,1.3,37,885,"Mount Magnet (S)",650,2.5,1045,130,"55810"
613,1.0,39,1275,"Mount Marshall (S)",860,2.5,970,60,"55880"
411,1.1,44,910,"Pingelly (S)",1083,2.4,759,124,"57140"
470,1.1,43,1093,"Plantagenet (S)",1300,2.4,888,164,"57210"
550,1.1,45,1312,"Mukinbudin (S)",530,2.3,1055,65,"55950"
553,1.2,38,1187,"Murchison (S)",6100,2.6,1018,45,"56160"
488,1.1,43,1325,"Murray (S)",1950,2.5,1069,245,"56230"
459,1.1,49,984,"Nannup (S)",1620,2.3,821,116,"56300"
454,1.0,52,963,"Flinders (M)",1000,1.9,830,80,"62010"
394,1.1,42,972,"George Town (M)",1200,2.4,788,170,"62210"
422,1.1,53,908,"Glamorgan/Spring Bay (M)",1096,2.1,753,160,"62410"
487,1.1,39,1126,"Glenorchy (C)",1322,2.3,869,215,"62610"
641,1.1,38,1782,"Hobart (C)",1700,2.3,1260,260,"62810"
441,1.1,42,1058,"Huon Valley (M)",1192,2.5,868,200,"63010"
395,1.1,43,962,"Kentish (M)",1116,2.5,820,160,"63210"
625,1.1,46,1357,"King Island (M)",867,2.1,953,115,"63410"
594,1.1,40,1473,"Kingborough (M)",1517,2.5,1208,275,"63610"
480,1.1,44,1136,"Latrobe (M)",1300,2.4,923,195,"63810"
484,1.1,38,1175,"Launceston (C)",1300,2.3,907,200,"64010"
477,1.1,42,1175,"Meander Valley (M)",1300,2.4,922,200,"64210"
538,1.1,44,1181,"Narembeen (S)",650,2.3,961,100,"56370"
465,1.1,39,1284,"West Coast (M)",769,2.2,966,125,"65610"
517,1.1,42,1286,"West Tamar (M)",1311,2.5,1028,220,"65810"
517,1.1,39,1242,"Northam (S)",1300,2.5,1005,180,"56730"
1297,1.1,38,1471,"Perenjori (S)",867,2.5,1105,100,"57000"
1018,1.2,32,2448,"Perth (C)",2496,1.8,1858,440,"57080"
485,1.1,48,2449,"Sandstone (S)",2000,2.0,1042,0,"57630"
866,1.2,33,1974,"Alice Springs (T)",1950,2.6,1692,300,"70200"
497,1.1,46,1275,"Toodyay (S)",1517,2.4,1012,230,"58330"
911,1.1,28,2009,"Palmerston (C)",2167,2.9,1814,365,"72800"
250,1.6,26,589,"Tiwi Islands (S)",542,4.0,774,40,"74050"
275,1.8,23,650,"Victoria-Daly (S)",867,4.1,1021,40,"74500"
511,1.1,44,1166,"Trayning (S)",498,2.3,807,75,"58400"
311,1.4,27,650,"Upper Gascoyne (S)",0,3.2,862,50,"58470"
537,1.1,41,1238,"Victoria Plains (S)",477,2.4,902,70,"58540"
880,1.3,47,1922,"Wagait (S)",2100,2.0,1302,175,"74560"
325,1.8,26,997,"West Arnhem (S)",108,4.2,1717,50,"74660"
867,1.1,34,2309,"Vincent (T)",2300,2.2,1689,360,"58570"
918,1.1,34,2277,"Unincorporated ACT",2167,2.6,1920,380,"89399"
817,1.2,32,1753,"Unincorp. Other Territories",867,2.9,1670,89,"99399"
774,1.1,43,1292,"Westonia (S)",1439,2.3,1458,46,"59030"
496,1.1,42,911,"Wickepin (S)",606,2.4,777,110,"59100"
611,1.1,43,1289,"Williams (S)",1083,2.3,1107,115,"59170"
645,1.1,38,1423,"Wongan-Ballidu (S)",975,2.4,1172,114,"59310"
945,1.1,38,1434,"Yilgarn (S)",867,2.4,1118,100,"59360"
477,1.1,47,1156,"York (S)",1404,2.4,908,200,"59370"
366,1.1,50,831,"Break O'Day (M)",953,2.1,654,167,"60210"
485,1.1,33,1083,"Brighton (M)",1300,2.7,957,185,"60410"
455,1.1,38,1080,"Burnie (C)",1148,2.4,854,175,"60610"
450,1.1,43,1108,"Central Coast (M)",1235,2.4,869,180,"60810"
376,1.1,45,866,"Central Highlands (M)",832,2.3,710,79,"61010"
509,1.1,38,1156,"Circular Head (M)",1092,2.5,936,130,"61210"
577,1.1,41,1400,"Clarence (C)",1500,2.4,1124,235,"61410"
432,1.1,41,1080,"Derwent Valley (M)",1200,2.5,869,185,"61510"
457,1.1,40,1048,"Devonport (C)",1257,2.4,835,190,"61610"
312,1.6,27,763,"Barkly (S)",967,3.5,1158,50,"70420"
272,1.7,27,625,"Central Desert (S)",0,4.3,1063,20,"70620"
528,1.2,43,1066,"Coomalie (S)",1333,2.2,806,92,"70700"
899,1.2,34,2063,"Darwin (C)",2167,2.6,1809,360,"71000"
263,2.0,25,728,"East Arnhem (S)",108,5.3,1410,40,"71300"
759,1.2,31,1759,"Katherine (T)",1733,2.8,1534,200,"72200"
864,1.2,36,2010,"Litchfield (M)",2167,2.8,1767,300,"72300"
257,1.7,27,571,"MacDonnell (S)",1625,4.0,954,25,"72330"
