{"organisation":"NICTA","name":"nicta:hts_geom_2011","title":"LGA Household Travel Survey 2011","legal":{"copyrightYear":"1999, 2004, 2007, 2009 - 2011","attributionYear":"2014","attribution":"{datasource.organisationTitle}, ({dataset.attributionYear}): {dataset.title}; accessed from AURIN Portal on {dateOfAccess}.","clickthrough":false,"licenceType":"Creative Commons Attribution-NonCommercial 4.0 International (CC BY-NC 4.0)","copyrightNotice":"&copy; National Information Communications Technology Australia Ltd {dataset.copyrightYear}"},"referenceSystemIdentifier":"EPSG:4283","geoLevel":"lga","key":"code","keyRegex":null,"availability":"true","geomField":"the_geom","keyword":"household, travel, survey, transport, demographic","theme":null,"temporalExtent":{"beginDate":"2011-01-01T00:00:00","endDate":"2012-12-31T00:00:00","selectTime":false},"type":"dataset","_id":"dataset-NICTA-nicta:hts_geom_2011-lga","bbox":null,"abstract":"National household travel survey dataset aggregatged by LGA. Data are collected by various states with different schema and harmonised by NICTA. (Units:Time in minutes and distance in kilometers) Initially the dataset only covers parts of NSW and QLD.","selectedAttributes":[{"name":"code","type":"java.lang.String","title":"LGA Code","description":"Local Government Area (LGA) Code","stype":"nominal","isDimension":false},{"name":"lga","type":"java.lang.String","title":"LGA Name","description":"Local Government Area (LGA) Name","stype":"nominal","isDimension":false},{"name":"yr","type":"java.lang.String","title":"Year","description":"Survey year","stype":"nominal","isDimension":false},{"name":"ttl_h","type":"java.lang.Double","title":"Household Number","description":"Total number of household","stype":"ratio","isDimension":false},{"name":"av_p_h","type":"java.lang.Double","title":"Average Household Persons","description":"Average number of persons per household","stype":"ratio","isDimension":false},{"name":"md_p_h","type":"java.lang.Double","title":"Median Household Persons","description":"Median number of persons per household","stype":"ratio","isDimension":false},{"name":"ttl_v","type":"java.lang.Double","title":"Vehicle Number","description":"Total number of vehicles","stype":"ratio","isDimension":false},{"name":"av_v_h","type":"java.lang.Double","title":"Average Household Vehicles","description":"Average number of vehicles per household","stype":"ratio","isDimension":false},{"name":"md_v_h","type":"java.lang.Double","title":"Median Household Vehicles","description":"Median number of vehicles per household","stype":"ratio","isDimension":false},{"name":"ttl_b","type":"java.lang.Double","title":"Number Of Bicycles","description":"Total number of bicycles","stype":"ratio","isDimension":false},{"name":"av_b_h","type":"java.lang.Double","title":"Average Household Bicycles","description":"Average number of bicycles per household","stype":"ratio","isDimension":false},{"name":"md_b_h","type":"java.lang.Double","title":"Median Household Bicycles","description":"Median number of bicycles per household","stype":"ratio","isDimension":false},{"name":"ttl_p","type":"java.lang.Double","title":"Total Population","description":"Total population","stype":"ratio","isDimension":false},{"name":"ttl_m","type":"java.lang.Double","title":"Male Population","description":"Total male population","stype":"ratio","isDimension":false},{"name":"ttl_f","type":"java.lang.Double","title":"Female Population","description":"Total female population","stype":"ratio","isDimension":false},{"name":"g_0_4","type":"java.lang.Double","title":"Age 0-4","description":"Number of persons in age group of 0 and 4 inclusive","stype":"ratio","isDimension":false},{"name":"g_5_9","type":"java.lang.Double","title":"Age 5-9","description":"Number of persons in age group of 5 and 9 inclusive","stype":"ratio","isDimension":false},{"name":"g_10_14","type":"java.lang.Double","title":"Age 10-14","description":"Number of persons in age group of 10 and 14 inclusive","stype":"ratio","isDimension":false},{"name":"g_15_19","type":"java.lang.Double","title":"Age 15-19","description":"Number of persons in age group of 15 and 19 inclusive","stype":"ratio","isDimension":false},{"name":"g_20_24","type":"java.lang.Double","title":"Age 20-24","description":"Number of persons in age group of 20 and 24 inclusive","stype":"ratio","isDimension":false},{"name":"g_25_29","type":"java.lang.Double","title":"Age 25-29","description":"Number of persons in age group of 25 and 29 inclusive","stype":"ratio","isDimension":false},{"name":"g_30_34","type":"java.lang.Double","title":"Age 30-34","description":"Number of persons in age group of 30 and 34 inclusive","stype":"ratio","isDimension":false},{"name":"g_35_39","type":"java.lang.Double","title":"Age 35-39","description":"Number of persons in age group of 35 and 39 inclusive","stype":"ratio","isDimension":false},{"name":"g_40_44","type":"java.lang.Double","title":"Age 40-44","description":"Number of persons in age group of 40 and 44 inclusive","stype":"ratio","isDimension":false},{"name":"g_45_49","type":"java.lang.Double","title":"Age 45-49","description":"Number of persons in age group of 45 and 49 inclusive","stype":"ratio","isDimension":false},{"name":"g_50_54","type":"java.lang.Double","title":"Age 50-54","description":"Number of persons in age group of 50 and 54 inclusive","stype":"ratio","isDimension":false},{"name":"g_55_59","type":"java.lang.Double","title":"Age 55-59","description":"Number of persons in age group of 55 and 59 inclusive","stype":"ratio","isDimension":false},{"name":"g_60_64","type":"java.lang.Double","title":"Age 60-64","description":"Number of persons in age group of 60 and 64 inclusive","stype":"ratio","isDimension":false},{"name":"g_65_","type":"java.lang.Double","title":"Age 65+","description":"Number of persons in age group of 65 or over","stype":"ratio","isDimension":false},{"name":"ttl_d","type":"java.lang.Double","title":"Daily Travel Distance","description":"Total daily travel distance in kilometres","stype":"ratio","isDimension":false},{"name":"ttl_d_v","type":"java.lang.Double","title":"Daily Distance By Vehicles","description":"Daily travel distance by vehicle in kilometers","stype":"ratio","isDimension":false},{"name":"av_d_t","type":"java.lang.Double","title":"Average Trip Distance","description":"Average travel distance per trip in kilometers","stype":"ratio","isDimension":false},{"name":"md_d_t","type":"java.lang.Double","title":"Medium Trip Distance","description":"Medium travel distance per trip in kilometers","stype":"ratio","isDimension":false},{"name":"av_n_wd","type":"java.lang.Double","title":"Average Weekday Trips","description":"Average number of trips per weekday","stype":"ratio","isDimension":false},{"name":"md_n_wd","type":"java.lang.Double","title":"Medium Weekday Trips","description":"Medium number of trips per weekday","stype":"ratio","isDimension":false},{"name":"av_n_wk","type":"java.lang.Double","title":"Average Weekend Trips","description":"Average number of trips per weekend","stype":"ratio","isDimension":false},{"name":"md_n_wk","type":"java.lang.Double","title":"Medium Weekend Trips","description":"Medium number of trips per weekend","stype":"ratio","isDimension":false},{"name":"av_d_h","type":"java.lang.Double","title":"Average Household Distance","description":"Average distance per household in kilometers","stype":"ratio","isDimension":false},{"name":"md_d_h","type":"java.lang.Double","title":"Medium Household Distance","description":"Medium distance per household in kilometers","stype":"ratio","isDimension":false},{"name":"av_n_h_wd","type":"java.lang.Double","title":"Average Weekday Household Trips","description":"Average number of trips per household weekdays","stype":"ratio","isDimension":false},{"name":"md_n_h_wd","type":"java.lang.Double","title":"Medium Weekday Household Trips","description":"Medium number of trips per household weekdays","stype":"ratio","isDimension":false},{"name":"av_n_h_wk","type":"java.lang.Double","title":"Average Weekend Household Trips","description":"Average number of trips per household weekends","stype":"ratio","isDimension":false},{"name":"md_n_h_wk","type":"java.lang.Double","title":"Medium Weekend Household Trips","description":"Medium number of trips per household weekends","stype":"ratio","isDimension":false},{"name":"av_n_p_wd","type":"java.lang.Double","title":"Average Weekday Trips Per Person","description":"Average number of trips per person by Weekdays","stype":"ratio","isDimension":false},{"name":"md_n_p_wd","type":"java.lang.Double","title":"Medium Weekday Trips Per Person","description":"Medium number of trips per person by Weekdays","stype":"ratio","isDimension":false},{"name":"av_n_p_wk","type":"java.lang.Double","title":"Average Weekend Trips Per Person","description":"Average number of trips per person by weekends","stype":"ratio","isDimension":false},{"name":"md_n_p_wk","type":"java.lang.Double","title":"Medium Weekend Trips Per Person","description":"Medium number of trips per person by Weekends","stype":"ratio","isDimension":false},{"name":"av_d_p","type":"java.lang.Double","title":"Average Distance Per Person","description":"Average distance travelled per person in kilometres","stype":"ratio","isDimension":false},{"name":"md_d_p","type":"java.lang.Double","title":"Medium Distance Per Person","description":"Medium distance travelled per person in kilometres","stype":"ratio","isDimension":false},{"name":"av_d_p_v","type":"java.lang.Double","title":"Average Distance By Vehicle Per Person","description":"Average distance travelled by vehicle per person in kilometers","stype":"ratio","isDimension":false},{"name":"md_d_p_v","type":"java.lang.Double","title":"Medium Distance By Vehicle Per Person","description":"Medium distance travelled by vehicle per person in kilometers","stype":"ratio","isDimension":false},{"name":"av_t_wrk","type":"java.lang.Double","title":"Average Trip Time (Work)","description":"Average work related travel time per trip in minutes","stype":"ratio","isDimension":false},{"name":"md_t_wrk","type":"java.lang.Double","title":"Medium Trip Time (Work)","description":"Medium work related travel time per trip in minutes","stype":"ratio","isDimension":false},{"name":"av_t_nwrk","type":"java.lang.Double","title":"Average Trip Time (Non-Work)","description":"Average non-work related travel time per trip in minutes","stype":"ratio","isDimension":false},{"name":"md_t_nwrk","type":"java.lang.Double","title":"Medium Trip Time (Non-Work)","description":"Medium non-work related travel time per trip in minutes","stype":"ratio","isDimension":false},{"name":"av_t_all","type":"java.lang.Double","title":"Average Trip Time","description":"Average travel time per trip in minutes","stype":"ratio","isDimension":false},{"name":"md_t_all","type":"java.lang.Double","title":"Medium Trip Time","description":"Medium travel time per trip in minutes","stype":"ratio","isDimension":false},{"name":"av_t_p","type":"java.lang.Double","title":"Average Travel Time Per Person","description":"Average travel time per person all trips in minutes","stype":"ratio","isDimension":false},{"name":"md_t_p","type":"java.lang.Double","title":"Medium Travel Time Per Person","description":"Medium travel time per person all trips in minutes","stype":"ratio","isDimension":false},{"name":"dm_drv","type":"java.lang.Double","title":"Distance As Driver","description":"Distance travelled as a vehicle driver in kilometers","stype":"ratio","isDimension":false},{"name":"dm_psg","type":"java.lang.Double","title":"Distance As Passenger","description":"Distance travelled as a vehicle passenger in kilometers","stype":"ratio","isDimension":false},{"name":"dm_wlk","type":"java.lang.Double","title":"Distance As Walker","description":"Distance travelled as a walker in kilometers","stype":"ratio","isDimension":false},{"name":"dm_bus","type":"java.lang.Double","title":"Distance By Bus","description":"Distance travelled by bus in kilometers","stype":"ratio","isDimension":false},{"name":"dm_trn","type":"java.lang.Double","title":"Distance By Train","description":"Distance travelled by train in kilometers","stype":"ratio","isDimension":false},{"name":"dm_b","type":"java.lang.Double","title":"Distance By Bus","description":"Distance travelled by bus in kilometers","stype":"ratio","isDimension":false},{"name":"dm_txi","type":"java.lang.Double","title":"Distance By Taxi","description":"Distance travelled by taxi in kilometers","stype":"ratio","isDimension":false},{"name":"dm_trm","type":"java.lang.Double","title":"Distance By Tram","description":"Distance travelled by tram in kilometers","stype":"ratio","isDimension":false},{"name":"dm_air","type":"java.lang.Double","title":"Distance By Airplane","description":"Distance travelled by airplane in kilometers","stype":"ratio","isDimension":false},{"name":"dm_oth","type":"java.lang.Double","title":"Distance By Others","description":"Distance travelled by other means in kilometers","stype":"ratio","isDimension":false},{"name":"tm_drv","type":"java.lang.Double","title":"Time As Driver","description":"Travel time as vehicle driver in minutes","stype":"interval","isDimension":false},{"name":"tm_psg","type":"java.lang.Double","title":"Time As Passenger","description":"Travel time as vehicle passenger in minutes","stype":"interval","isDimension":false},{"name":"tm_wlk","type":"java.lang.Double","title":"Time As Walker","description":"Travel time as walker in minutes","stype":"interval","isDimension":false},{"name":"tm_bus","type":"java.lang.Double","title":"Time By Bus","description":"Travel time by bus in minutes","stype":"interval","isDimension":false},{"name":"tm_trn","type":"java.lang.Double","title":"Time By Train","description":"Travel time by train in minutes","stype":"interval","isDimension":false},{"name":"tm_b","type":"java.lang.Double","title":"Time By Bus","description":"Travel time by bus in minutes","stype":"interval","isDimension":false},{"name":"tm_txi","type":"java.lang.Double","title":"Time By Taxi","description":"Travel time by taxi in minutes","stype":"interval","isDimension":false},{"name":"tm_trm","type":"java.lang.Double","title":"Time By Tram","description":"Travel time by tram in minutes","stype":"interval","isDimension":false},{"name":"tm_air","type":"java.lang.Double","title":"Time By Airplane","description":"Travel time by airplane in minutes","stype":"interval","isDimension":false},{"name":"tm_oth","type":"java.lang.Double","title":"Time By Others","description":"Travel time by other means in minutes","stype":"interval","isDimension":false},{"name":"dp_acc","type":"java.lang.Double","title":"Distance As Companion","description":"Distance travelled accompanying someone in kilometers","stype":"ratio","isDimension":false},{"name":"dp_hm","type":"java.lang.Double","title":"Distance At Home","description":"Distance travelled while staying at home in kilometers","stype":"ratio","isDimension":false},{"name":"dp_buy","type":"java.lang.Double","title":"Distance For Shopping","description":"Distance travelled for buying something in kilometers","stype":"ratio","isDimension":false},{"name":"dp_chm","type":"java.lang.Double","title":"Distance Changing Mode","description":"Distance travelled for changing transport mode in kilometers","stype":"ratio","isDimension":false},{"name":"dp_edu","type":"java.lang.Double","title":"Distance For Education","description":"Distance travelled for education purpose in kilometers","stype":"ratio","isDimension":false},{"name":"dp_oth","type":"java.lang.Double","title":"Distance For Others","description":"Distance travelled for other purpose in kilometers","stype":"ratio","isDimension":false},{"name":"dp_onb","type":"java.lang.Double","title":"Distance For Own Business","description":"Distance travelled for own business in kilometers","stype":"ratio","isDimension":false},{"name":"dp_gds","type":"java.lang.Double","title":"Distance For Goods","description":"Distance travelled for picking up or delivering goods in kilometers","stype":"ratio","isDimension":false},{"name":"dp_ppl","type":"java.lang.Double","title":"Distance For Person","description":"Distance travelled for picking up or dropping off someone in kilometers","stype":"ratio","isDimension":false},{"name":"dp_rcr","type":"java.lang.Double","title":"Distance For Recreation","description":"Distance travelled for recreational purpose in kilometers","stype":"ratio","isDimension":false},{"name":"dp_soc","type":"java.lang.Double","title":"Distance For Social","description":"Distance travelled for social purpose in kilometers","stype":"ratio","isDimension":false},{"name":"dp_wrk","type":"java.lang.Double","title":"Distance For Work","description":"Distance travelled for work in kilometers","stype":"ratio","isDimension":false},{"name":"dp_ukn","type":"java.lang.Double","title":"Distance For Unknown Purposes","description":"Distance travelled for unknown purposes in kilometers","stype":"ratio","isDimension":false},{"name":"tp_acc","type":"java.lang.Double","title":"Time Accompanying Someone","description":"Travel time for accompanying someone in kilometers","stype":"interval","isDimension":false},{"name":"tp_hm","type":"java.lang.Double","title":"Travel Time (At Home)","description":"Travel time while staying at home in minutes","stype":"ratio","isDimension":false},{"name":"tp_buy","type":"java.lang.Double","title":"Time For Shopping","description":"Travel time for buying something in minutes","stype":"interval","isDimension":false},{"name":"tp_chm","type":"java.lang.Double","title":"Time Changing Mode","description":"Travel time for changing transport mode in minutes","stype":"interval","isDimension":false},{"name":"tp_edu","type":"java.lang.Double","title":"Time For Education","description":"Travel time for education purpose in minutes","stype":"interval","isDimension":false},{"name":"tp_oth","type":"java.lang.Double","title":"Time For Other Purposes","description":"Travel time for other purposes in minutes","stype":"interval","isDimension":false},{"name":"tp_onb","type":"java.lang.Double","title":"Time For Own Business","description":"Travel time for own business in minutes","stype":"interval","isDimension":false},{"name":"tp_gds","type":"java.lang.Double","title":"Time For Goods","description":"Travel time for picking up or delivering goods in minutes","stype":"interval","isDimension":false},{"name":"tp_ppl","type":"java.lang.Double","title":"Time For Persons","description":"Travel time for picking up or dropping off persons in minutes","stype":"interval","isDimension":false},{"name":"tp_rcr","type":"java.lang.Double","title":"Time For Recreation","description":"Travel time for recreational purpose in minutes","stype":"interval","isDimension":false},{"name":"tp_soc","type":"java.lang.Double","title":"Time For Social","description":"Travel time for social activities in minutes","stype":"interval","isDimension":false},{"name":"tp_wrk","type":"java.lang.Double","title":"Time For Work","description":"Travel time for work in minutes","stype":"interval","isDimension":false},{"name":"tp_ukn","type":"java.lang.Double","title":"Time For Unknown Purposes","description":"Travel time for unknown purposes in minutes","stype":"interval","isDimension":false},{"name":"sqkm","type":"java.lang.Double","title":"LGA Area","description":"LGA area size in square kilometers","stype":"ratio","isDimension":false}],"filter":{"filterType":"tabular","feature":{"key":"code","geoLevel":"lga","geoField":"ignored","year":"2006","featureBbox":[96.81676569599999,-43.740509603,159.109219008,-9.142175977],"featureType":"country","featureInstance":"au","featureName":"Australia","referenceSystemIdentifier":"EPSG:4283","prefix":"","keyTransform":null},"states":[]}}