{"organisation":"VIC_Govt_DOH","name":"Health:lga_profilesdata2011","title":"Local Government Area (LGA) profiles data 2011","legal":{"copyrightYear":"2011 - 2012","attributionYear":"2012","attribution":"{datasource.organisationTitle}, ({dataset.attributionYear}): {dataset.title}; accessed from AURIN Portal on {dateOfAccess}.","clickthrough":false,"licenceType":"Creative Commons Attribution 3.0 Australia (CC BY 3.0 AU)","copyrightNotice":"&copy; {datasource.organisationTitle} {dataset.copyrightYear}"},"referenceSystemIdentifier":"urn:x-ogc:def:crs:EPSG:4283","geoLevel":"lga","key":"lga_code","keyRegex":null,"availability":"true","geomField":"wkb_geometry","keyword":"influenza, health, well being, quality of life, demographic, population, employment, social","theme":null,"temporalExtent":{"beginDate":"2011-01-01T00:00:00","endDate":"2011-12-31T00:00:00","selectTime":false},"type":"dataset","_id":"dataset-VIC_Govt_DOH-Health:lga_profilesdata2011-lga","bbox":null,"abstract":"The Local Government Area (LGA) profiles are produced annually to facilitate service planning and policy development by enabling access to a broad range of data about each LGA. Each profile includes population, socio-economic, services and health data relating to the LGA, provided by a range of sources.","selectedAttributes":[{"name":"lga_code","type":"java.lang.Integer","title":"Local Government Area Code","description":"Code of the local government area","stype":"Nominal","isDimension":false},{"name":"pfi","type":"java.lang.String","title":"Persistent Feature Identifier","description":"Persistent Feature Identifier. Assigned at the creation of the feature and is retained for the life of the feature.","stype":"Nominal","isDimension":false},{"name":"lga_name","type":"java.lang.String","title":"Local Government Area Name","description":"Name of the local government area","stype":"Nominal","isDimension":false},{"name":"lga","type":"java.lang.String","title":"Local Government Area Name","description":"Name of the local government area","stype":"Nominal","isDimension":false},{"name":"metro_rural","type":"java.lang.String","title":"Metro/rural","description":"This item specifies whether the local government area (LGA) is in a metropolitan or rural departmental region.","stype":"Nominal","isDimension":false},{"name":"dh_region","type":"java.lang.String","title":"DH region","description":"The departmental region in which the LGA is located.","stype":"Nominal","isDimension":false},{"name":"area_of_lga","type":"java.lang.Double","title":"Area of LGA (sq km)","description":"The land area of the Local Government Area in square kilometres.","stype":"Ratio","isDimension":false},{"name":"asgc_code","type":"java.lang.String","title":"ASGC code","description":"The numeric code for the LGA in the Australian Standard Geographical Classification.","stype":"Nominal","isDimension":false},{"name":"most_populpus_community","type":"java.lang.String","title":"Most populous community","description":"The name of the town or suburb in the LGA with the largest population.","stype":"Nominal","isDimension":false},{"name":"distance_to_melbourne","type":"java.lang.String","title":"Distance to Melbourne","description":"The distance by road to the most populous community in the LGA from the former Melbourne General Post Office (GPO) via the shortest practical route.","stype":"Ratio","isDimension":false},{"name":"travel_time_to_melbourne","type":"java.lang.String","title":"Travel time to Melbourne","description":"The travel time in minutes to the most populous community in the LGA from the former Melbourne GPO via the quickest practical route.","stype":"Ratio","isDimension":false},{"name":"remoteness_area","type":"java.lang.String","title":"Remoteness area","description":"The remoteness of the LGA as measured by the Accessibility/Remoteness Index of Australia (ARIA+).","stype":"Nominal","isDimension":false},{"name":"aria_measures","type":"java.lang.String","title":"ARIA measures (low/average/high)","description":"The minimum average and maximum grid values in the LGA as provided by the ARIA+ product.","stype":"Nominal","isDimension":false},{"name":"perc_business","type":"java.lang.String","title":"%Business","description":"The proportion of the LGAs total area assigned to business land use.","stype":"Ratio","isDimension":false},{"name":"perc_industrial","type":"java.lang.String","title":"%Industrial","description":"The proportion of the LGAs total area assigned to industrial land use.","stype":"Ratio","isDimension":false},{"name":"perc_residential","type":"java.lang.String","title":"%Residential","description":"The proportion of the LGAs total area assigned to residential land use.","stype":"Ratio","isDimension":false},{"name":"perc_rural","type":"java.lang.String","title":"%Rural","description":"The proportion of the LGAs total area assigned to rural land use.","stype":"Ratio","isDimension":false},{"name":"perc_other","type":"java.lang.String","title":"%Other","description":"The proportion of the LGAs total area not assigned to business industrial residential or rural land use.","stype":"Ratio","isDimension":false},{"name":"per_annum_population_change_2000_2010","type":"java.lang.Double","title":"Per annum population change 2000-2010","description":"The per annum population change for the LGA/region over the historic period 2000?2010.","stype":"Ratio","isDimension":false},{"name":"per_annum_projected_population_change_2010_2022","type":"java.lang.Double","title":"Per annum projected population change 2010-2022","description":"The per annum population change for the LGA/region over the projected period 2010?2022.","stype":"Ratio","isDimension":false},{"name":"erp_2010_females_0_14","type":"java.lang.Double","title":"ERP 2010 Females 0-14","description":"The number of females in the LGA aged 0-14 in 2010.","stype":"Ratio","isDimension":false},{"name":"erp_2010_females_15_24","type":"java.lang.Double","title":"ERP 2010 Females 15-24","description":"The number of females in the LGA aged 15-24 in 2010.","stype":"Ratio","isDimension":false},{"name":"erp_2010_females_25_44","type":"java.lang.Double","title":"ERP 2010 Females 25-44","description":"The number of females in the LGA aged 25-44 in 2010.","stype":"Ratio","isDimension":false},{"name":"erp_2010_females_45_64","type":"java.lang.Double","title":"ERP 2010 Females 45-64","description":"The number of females in the LGA aged 45-64 in 2010.","stype":"Ratio","isDimension":false},{"name":"erp_2010_females_65_84","type":"java.lang.Double","title":"ERP 2010 Females 65-84","description":"The number of females in the LGA aged 65-84 in 2010.","stype":"Ratio","isDimension":false},{"name":"erp_2010__females_85","type":"java.lang.Double","title":"ERP 2010  Females 85+","description":"The number of females in the LGA aged 85+ in 2010.","stype":"Ratio","isDimension":false},{"name":"erp_2010__females_total","type":"java.lang.Double","title":"ERP 2010  Females Total","description":"The number of females in the LGA in 2010.","stype":"Ratio","isDimension":false},{"name":"erp_2010_males_0_14","type":"java.lang.Double","title":"ERP 2010 Males 0-14","description":"The number of males in the LGA aged 0-14 in 2010.","stype":"Ratio","isDimension":false},{"name":"erp_2010_males_15_24","type":"java.lang.Double","title":"ERP 2010 Males 15-24","description":"The number of males in the LGA aged 15-24 in 2010.","stype":"Ratio","isDimension":false},{"name":"erp_2010_males_25_44","type":"java.lang.Double","title":"ERP 2010 Males 25-44","description":"The number of males in the LGA aged 25-44 in 2010.","stype":"Ratio","isDimension":false},{"name":"erp_2010_males_45_64","type":"java.lang.Double","title":"ERP 2010 Males 45-64","description":"The number of males in the LGA aged 45-64 in 2010.","stype":"Ratio","isDimension":false},{"name":"erp_2010_males_65_84","type":"java.lang.Double","title":"ERP 2010 Males 65-84","description":"The number of males in the LGA aged 65-84 in 2010.","stype":"Ratio","isDimension":false},{"name":"erp_2010__males_85","type":"java.lang.Double","title":"ERP 2010  Males 85+","description":"The number of males in the LGA aged 85+ in 2010.","stype":"Ratio","isDimension":false},{"name":"erp_2010__males_total","type":"java.lang.Double","title":"ERP 2010  Males Total","description":"The number of males in the LGA in 2010.","stype":"Ratio","isDimension":false},{"name":"erp_2010_total_0_14","type":"java.lang.Double","title":"ERP 2010 Total 0-14","description":"The population aged 0-14 in 2010.","stype":"Ratio","isDimension":false},{"name":"erp_2010_total_15_24","type":"java.lang.Double","title":"ERP 2010 Total 15-24","description":"The population aged 15-24 in 2010.","stype":"Ratio","isDimension":false},{"name":"erp_2010_total_25_44","type":"java.lang.Double","title":"ERP 2010 Total 25-44","description":"The population aged 25-44 in 2010.","stype":"Ratio","isDimension":false},{"name":"erp_2010_total_45_64","type":"java.lang.Double","title":"ERP 2010 Total 45-64","description":"The population aged 45-64 in 2010.","stype":"Ratio","isDimension":false},{"name":"erp_2010_total_65_84","type":"java.lang.Double","title":"ERP 2010 Total 65-84","description":"The population aged 65-84 in 2010.","stype":"Ratio","isDimension":false},{"name":"erp_2010__total_85","type":"java.lang.Double","title":"ERP 2010  Total 85+","description":"The population aged 85+ in 2010.","stype":"Ratio","isDimension":false},{"name":"erp_2010__total","type":"java.lang.Double","title":"ERP 2010  Total 85+","description":"The population aged 85+ in 2010.","stype":"Ratio","isDimension":false},{"name":"erp_2010_perc_0_14","type":"java.lang.Double","title":"ERP 2010 %0-14","description":"The percentage of the total LGA/region population aged 0-14.","stype":"Ratio","isDimension":false},{"name":"erp_2010_perc_15_24","type":"java.lang.Double","title":"ERP 2010 %15-24","description":"The percentage of the total LGA/region population aged 15-24.","stype":"Ratio","isDimension":false},{"name":"erp_2010_perc_25_44","type":"java.lang.Double","title":"ERP 2010 %25-44","description":"The percentage of the total LGA/region population aged 25-44.","stype":"Ratio","isDimension":false},{"name":"erp_2010_perc_45_64","type":"java.lang.Double","title":"ERP 2010 %45-64","description":"The percentage of the total LGA/region population aged 45-64.","stype":"Ratio","isDimension":false},{"name":"erp_2010_perc_65_84","type":"java.lang.Double","title":"ERP 2010 %65-84","description":"The percentage of the total LGA/region population aged 65-84.","stype":"Ratio","isDimension":false},{"name":"erp_2010__perc_85","type":"java.lang.Double","title":"ERP 2010  %85+","description":"The percentage of the total LGA/region population aged 85+.","stype":"Ratio","isDimension":false},{"name":"total_fertility_rate","type":"java.lang.Double","title":"Total fertility rate","description":"The total fertility rate represents the average number of children that a woman in a particular LGA could expect to bear during her reproductive lifetime if current fertility rates in that LGA continue.","stype":"Ratio","isDimension":false},{"name":"rank_total_fertility_rate","type":"java.lang.Double","title":"RANK total fertility rate","description":"The rank of the LGA/region in relation to total fertility rate.","stype":"Ordinal","isDimension":false},{"name":"perc_atsi_population","type":"java.lang.Double","title":"%ATSI population","description":"The percentage of the population who are identified as being Aboriginal or Torres Straits Islander in the Experimental Estimates of Aboriginal and Torres Strait Islander produced by the ABS.","stype":"Ratio","isDimension":false},{"name":"rank_atsi_population","type":"java.lang.Double","title":"RANK ATSI population","description":"The rank of the LGA/region in relation to ATSI population.","stype":"Ordinal","isDimension":false},{"name":"perc_born_overseas","type":"java.lang.Double","title":"%Born overseas","description":"The percentage of the population who were born overseas.","stype":"Ratio","isDimension":false},{"name":"rank_born_overseas","type":"java.lang.Double","title":"RANK born overseas","description":"The rank of the LGA/region in relation to percentage of population born overseas.","stype":"Ordinal","isDimension":false},{"name":"perc_speak_lote","type":"java.lang.Double","title":"% speak LOTE at home","description":"The percentage of the population who speak a language other than English at home.","stype":"Ratio","isDimension":false},{"name":"rank_lote","type":"java.lang.Double","title":"RANK LOTE","description":"The rank of the LGA/region in relation to percentage of population that speak a language other than English at home.","stype":"Ordinal","isDimension":false},{"name":"perc_low_english","type":"java.lang.Double","title":"% low English proficiency","description":"The percentage of the population who indicated in the 2006 census that they spoke English ?not well? or ?not at all?.","stype":"Ratio","isDimension":false},{"name":"rank_low_english","type":"java.lang.Double","title":"RANK low English proficiency","description":"The rank of the LGA/region in relation to percentage of population with low English proficiency.","stype":"Ordinal","isDimension":false},{"name":"perc_anglo_saxon_celtic","type":"java.lang.Double","title":"%Anglo-saxon Celtic background","description":"The percentage of the population aged 18 plus who have Anglo-Saxon or Celtic background derived from data provided by the OriginsInfo segmentation tool which classifies names according to their most likely cultural origins.","stype":"Ratio","isDimension":false},{"name":"rank_anglo_saxon_celtic","type":"java.lang.Double","title":"RANK Anglo-saxon Celtic","description":"The rank of the LGA/region in relation to percentage of population with Anglo-saxon Celtic background.","stype":"Ordinal","isDimension":false},{"name":"new_settler","type":"java.lang.Double","title":"New settler arrivals per 100000 population","description":"The number of arrivals from overseas per 100000 population during the 2010?11 financial year under the permanent resident visa category.","stype":"Ratio","isDimension":false},{"name":"rank_new_settler","type":"java.lang.Double","title":"RANK new settler arrivals","description":"The rank of the LGA/region in relation to new settler arrivals per 100000 population.","stype":"Ordinal","isDimension":false},{"name":"perc_humanitarian","type":"java.lang.Double","title":"%Humanitarian arrivals","description":"The number of individuals arriving from overseas under the permanent resident visa category of humanitarian.","stype":"Ratio","isDimension":false},{"name":"rank_humanitarian","type":"java.lang.String","title":"RANK humanitarian arrivals","description":"The rank of the LGA/region in relation to humanitarian arrivals as a percentage of new settlers.","stype":"Ordinal","isDimension":false},{"name":"perc_multiculturalism","type":"java.lang.Double","title":"% believe multiculturalism makes life better","description":"The percentage of the LGA population that feels multiculturalism makes life in their area better.","stype":"Ratio","isDimension":false},{"name":"rank_multiculturalism","type":"java.lang.Double","title":"RANK believe multiculturalism makes life better","description":"The rank of the LGA/region in relation to percentage of population that believes multiculturalism makes life better.","stype":"Ordinal","isDimension":false},{"name":"irsed","type":"java.lang.Double","title":"IRSED","description":"A measure of relative socio-economic disadvantage in a given geographic area.","stype":"Ratio","isDimension":false},{"name":"rank_irsed","type":"java.lang.Double","title":"RANK IRSED","description":"The rank of the LGA/region in relation to Index of Relative Socio-economic Disadvantage.","stype":"Ordinal","isDimension":false},{"name":"perc_households","type":"java.lang.Double","title":"% of households with income <$650 per week","description":"The percentage of households with a gross total income of less than $650 per week. Only incomes of household members aged 15 years and over are included in the household total.","stype":"Ratio","isDimension":false},{"name":"rank_households","type":"java.lang.Double","title":"RANK households with internet connected","description":"The rank of the LGA/region in relation to percentage of households with internet connected.","stype":"Ordinal","isDimension":false},{"name":"gaming_machine_losses","type":"java.lang.Double","title":"Gaming machine losses per head of population","description":"The total amount of money lost on electronic gaming machines that are located in an LGA per head of adult population.","stype":"Ratio","isDimension":false},{"name":"rank_gaming_machine_losses","type":"java.lang.Double","title":"RANK gaming machine losses","description":"The rank of the LGA/region in relation to gaming machine losses per head of adult population.","stype":"Ordinal","isDimension":false},{"name":"family_incidents","type":"java.lang.Double","title":"Family incidents per 1000 population","description":"The number of family violence incidents reported to police per 1000 population. Incidents are not necessarily offences typically only about 25% of incidents result in a formal charge.","stype":"Ratio","isDimension":false},{"name":"rank_family_incidents","type":"java.lang.Double","title":"RANK family incidents per 1000 population","description":"The rank of the LGA/region in relation to family violence incidents per 1000 population.","stype":"Ordinal","isDimension":false},{"name":"drug_usage_possession","type":"java.lang.Double","title":"Drug usage/ possession offences per 1000 population","description":"The number of offences per 1000 population involving the possession or use of drugs. Provided as a number per postcode and converted to LGA by DH.","stype":"Ratio","isDimension":false},{"name":"rank_drug_usage_possession","type":"java.lang.Double","title":"RANK drug usage/ possession offences per 1000 population","description":"The rank of the LGA/region in relation to drug usage and possession offences per 1000 population.","stype":"Ordinal","isDimension":false},{"name":"total_offences","type":"java.lang.Double","title":"Total offences per 1000 population","description":"The total number of offences per 1000 population. Includes crime against person crime against property drug offences and other crime. Provided as a number per postcode and converted to LGA by DH.","stype":"Ratio","isDimension":false},{"name":"rank_total_offences","type":"java.lang.Double","title":"RANK total offences per 1000 population","description":"The rank of the LGA/region in relation to total number of offences per 1000 population.","stype":"Ordinal","isDimension":false},{"name":"perc_feel_safe","type":"java.lang.Double","title":"% who feel safe on street after dark","description":"The percentage of the population who say they feel safe walking down their street alone after dark.","stype":"Ratio","isDimension":false},{"name":"rank_feel_safe","type":"java.lang.Double","title":"RANK feel safe on street after dark","description":"The rank of the LGA/region in relation to percentage of population who feel safe on their street alone after dark.","stype":"Ordinal","isDimension":false},{"name":"perc_volunteers","type":"java.lang.Double","title":"% of population which volunteers","description":"The percentage of the population aged 15 or over who indicated that they did voluntary work through an organisation or group in the twelve months prior to the 2006 Census.","stype":"Ratio","isDimension":false},{"name":"rank_volunteers","type":"java.lang.Double","title":"RANK population which volunteers","description":"The rank of the LGA/region in relation to percentage of population who help out as a volunteer.","stype":"Ordinal","isDimension":false},{"name":"perc_membership_groups","type":"java.lang.Double","title":"% of population with membership of organised groups","description":"The percentage of the population who say they are a member of an organised group such as a sports or church group or another community organisation or professional organisation.","stype":"Ratio","isDimension":false},{"name":"rank_membership_groups","type":"java.lang.Double","title":"RANK membership of organised groups","description":"The rank of the LGA/region in relation to percentage of population with membership of an organised group.","stype":"Ordinal","isDimension":false},{"name":"perc_parents_schools","type":"java.lang.Double","title":"% of parents who participate in schools","description":"The percentage of parents who have school-aged children who say they are actively involved with activities at their child/childrens school/s.","stype":"Ratio","isDimension":false},{"name":"rank_parents_schools","type":"java.lang.Double","title":"RANK parents who participate in schools","description":"The rank of the LGA/region in relation to percentage of parents involved in schools.","stype":"Ordinal","isDimension":false},{"name":"perc_population_good_facilities_services","type":"java.lang.Double","title":"% of population who believe the area has good facilities and services","description":"The percentage of the LGA population which believes that there are good facilities and services in the LGA like shops childcare schools and libraries.","stype":"Ratio","isDimension":false},{"name":"rank_population_good_facilities_services","type":"java.lang.Double","title":"RANK believe the area has good facilities and services","description":"The rank of the LGA/region in relation to percentage of population who believe the LGA has good facilities.","stype":"Ordinal","isDimension":false},{"name":"unemployment_rate","type":"java.lang.Double","title":"Unemployment rate","description":"The percentage of the labour force which is unemployed.","stype":"Ratio","isDimension":false},{"name":"rank_unemployment_rate","type":"java.lang.Double","title":"RANK unemployment rate","description":"The rank of the LGA/region in relation to unemployment rate.","stype":"Ordinal","isDimension":false},{"name":"perc_individual_income","type":"java.lang.Double","title":"% of persons with individual income <$400 per week","description":"The percentage of the population aged 15 and over with a gross individual income of less than $400 per week and the proportion of these who are female/male.","stype":"Ratio","isDimension":false},{"name":"rank_individual_income","type":"java.lang.Double","title":"RANK individual income <$400","description":"The rank of the LGA/region in relation to individual income < $400 per week.","stype":"Ordinal","isDimension":false},{"name":"perc_female_low_income","type":"java.lang.Double","title":"% female low income","description":"The female proportion of the population aged 15 and over with a gross individual income of less than $400 per week.","stype":"Ratio","isDimension":false},{"name":"perc_male_low_income","type":"java.lang.Double","title":"% male low income","description":"The male proportion of the population aged 15 and over with a gross individual income of less than $400 per week.","stype":"Ratio","isDimension":false},{"name":"perc_one_parent_families","type":"java.lang.Double","title":"% families headed by one parent","description":"The percentage of families which were headed by a single parent.","stype":"Ratio","isDimension":false},{"name":"rank_one_parent_families","type":"java.lang.Double","title":"RANK one-parent families","description":"The rank of the LGA/region in relation to percentage of one-parent headed families.","stype":"Ordinal","isDimension":false},{"name":"perc_female_one_parent_families","type":"java.lang.Double","title":"% female one-parent families","description":"The proportion of one-parent headed families which were headed by a female single parent.","stype":"Ratio","isDimension":false},{"name":"perc_male_one_parent_families","type":"java.lang.Double","title":"% male one-parent families","description":"The proportion of one-parent headed families which were headed by a male single parent.","stype":"Ratio","isDimension":false},{"name":"perc_households_income_650","type":"java.lang.Double","title":"% of households with income <$650 per week","description":"The percentage of households with a gross total income of less than $650 per week. Only incomes of household members aged 15 years and over are included in the household total.","stype":"Ratio","isDimension":false},{"name":"rank_households_income_650","type":"java.lang.Double","title":"RANK households with income <$650 per week","description":"The rank of the LGA/region in relation to household income < $650 per week.","stype":"Ordinal","isDimension":false},{"name":"perc_low_income_families","type":"java.lang.Double","title":"% low income families with children","description":"Welfare-dependant and other low income families with children (as a percentage of all families).","stype":"Ratio","isDimension":false},{"name":"rank_low_income_families","type":"java.lang.Double","title":"RANK low income families with children","description":"The rank of the LGA/region in relation to families with children in low income households .","stype":"Ordinal","isDimension":false},{"name":"perc_population_food_insecurity","type":"java.lang.Double","title":"% population with food insecurity","description":"The percentage of people who ran out of food in the last twelve months and could not afford to buy more.","stype":"Ratio","isDimension":false},{"name":"rank_population_food_insecurity","type":"java.lang.Double","title":"RANK population with food insecurity","description":"The rank of the LGA/region in relation to population with food insecurity.","stype":"Ordinal","isDimension":false},{"name":"perc_housing_costs_40perc__income","type":"java.lang.Double","title":"% of households with housing costs >40% of income","description":"The percentage of households where more than 40% of weekly household income is spent on housing costs.","stype":"Ratio","isDimension":false},{"name":"rank_housing_costs_40perc__income","type":"java.lang.Double","title":"RANK households with housing costs >40% of income","description":"The rank of the LGA/region in relation to housing costs > 40% of income.","stype":"Ordinal","isDimension":false},{"name":"perc_affordable_rental_housing","type":"java.lang.Double","title":"% of rental housing that is affordable","description":"The percentage of housing available for rental within the LGA which is affordable for lower income families.","stype":"Ratio","isDimension":false},{"name":"rank_affordable_rental_housing","type":"java.lang.Double","title":"RANK rental housing that is affordable","description":"The rank of the LGA/region in relation to affordable rental housing.","stype":"Ordinal","isDimension":false},{"name":"median_house_price","type":"java.lang.Double","title":"Median house price","description":"The value of the middle item when all sale prices are arranged in ascending order of magnitude.","stype":"Ratio","isDimension":false},{"name":"rank_median_house_price","type":"java.lang.Double","title":"RANK median house price","description":"The rank of the LGA/region in relation to median house price.","stype":"Ordinal","isDimension":false},{"name":"median_rent_3room","type":"java.lang.Double","title":"Median rent for 3 bedroom house","description":"The median weekly rent for a 3 bedroom house located in the LGA.","stype":"Ratio","isDimension":false},{"name":"rank_median_rent_3room","type":"java.lang.Double","title":"RANK median rent for 3 bedroom house","description":"The rank of the LGA/region in relation to median rent for a 3 bedroom house.","stype":"Ordinal","isDimension":false},{"name":"new_dwellings","type":"java.lang.Double","title":"New dwellings per 1000 population","description":"The number of new dwellings approved for construction per 1000 population. This measure provides an indicator of economic activity and growth in the LGA.","stype":"Ratio","isDimension":false},{"name":"rank_new_dwellings","type":"java.lang.Double","title":"RANK new dwellings per 1000 population","description":"The rank of the LGA/region in relation to new dwelling approvals per 1000 population.","stype":"Ordinal","isDimension":false},{"name":"social_housing","type":"java.lang.Double","title":"Social housing as a percentage of total dwellings","description":"The percentage of dwellings which are social housing stock.","stype":"Ratio","isDimension":false},{"name":"rank_social_housing","type":"java.lang.Double","title":"RANK social housing as a percentage of total dwellings","description":"The rank of the LGA/region in relation to percentage of dwellings that are social housing stock.","stype":"Ordinal","isDimension":false},{"name":"perc_dwellings_no_motor_vehicle","type":"java.lang.Double","title":"% dwellings with no motor vehicle","description":"The percentage of private occupied dwellings with no motor vehicle.","stype":"Ratio","isDimension":false},{"name":"rank_dwellings_no_motor_vehicle","type":"java.lang.Double","title":"RANK dwellings with no motor vehicle","description":"The rank of the LGA/region in relation to percentage of households with no motor vehicle.","stype":"Ordinal","isDimension":false},{"name":"passenger_vehicles","type":"java.lang.Double","title":"Passenger vehicles per 1000 population","description":"The number of passenger vehicles per 1000 population.","stype":"Ratio","isDimension":false},{"name":"rank_passenger_vehicles","type":"java.lang.Double","title":"RANK passenger vehicles per 1000 population","description":"The rank of the LGA/region in relation to passenger vehicles per 1000 population.","stype":"Ordinal","isDimension":false},{"name":"perc_motor_vehicles_10old","type":"java.lang.Double","title":"% motor vehicles more than ten years old","description":"The percentage of total passenger vehicles registered in that LGA which are more than 10 years old. The data is from the Motor Vehicle Census undertaken by the ABS on 31 January 2011.","stype":"Ratio","isDimension":false},{"name":"rank_motor_vehicles_10old","type":"java.lang.Double","title":"RANK motor vehicles more than ten years old","description":"The rank of the LGA/region in relation to passenger vehicles more than ten years old.","stype":"Ordinal","isDimension":false},{"name":"household_recycling_diversion_rate","type":"java.lang.Double","title":"Household recycling diversion rate","description":"Recycle diversion rate equals the tonnes of recyclables and green organics collected (less contaminants) divided by the total tonnes of garbage recyclables and green organics collected.","stype":"Ratio","isDimension":false},{"name":"rank_household_recycling_diversion_rate","type":"java.lang.Double","title":"RANK household recycling diversion rate","description":"The rank of the LGA/region in relation to household recycle diversion rate.","stype":"Ordinal","isDimension":false},{"name":"household_garbage_yield","type":"java.lang.Double","title":"Household garbage yield (kg)","description":"The average number of kilograms of garbage produced per year by each household in the LGA.","stype":"Ratio","isDimension":false},{"name":"rank_household_garbage_yield","type":"java.lang.Double","title":"RANK household garbage yield","description":"The rank of the LGA/region in relation to household garbage yield.","stype":"Ordinal","isDimension":false},{"name":"fte_students","type":"java.lang.Double","title":"FTE students","description":"The number of full-time equivalent students enrolled in schools which are located within the LGA.","stype":"Ratio","isDimension":false},{"name":"perc_9_students_min_reading","type":"java.lang.Double","title":"% year 9 students who attain national minimum standards in reading","description":"The percentage of year 9 students who achieved at or above the national minimum standards in reading in the National Assessment Program ? Literacy and Numeracy (NAPLAN).","stype":"Ratio","isDimension":false},{"name":"rank_9_students_min_reading","type":"java.lang.Double","title":"RANK year 9 students who attain national minimum standards in reading","description":"The rank of the LGA/region in relation to year 9 students who attain national minimum standards in reading.","stype":"Ordinal","isDimension":false},{"name":"perc_9_students_min_writing","type":"java.lang.Double","title":"% year 9 students who attain national minimum standards in writing","description":"The percentage of year 9 students who achieved at or above the national minimum standards in writing in the National Assessment Program ? Literacy and Numeracy (NAPLAN).","stype":"Ratio","isDimension":false},{"name":"rank_9_students_min_writing","type":"java.lang.Double","title":"RANK year 9 students who attain national minimum standards in writing","description":"The rank of the LGA/region in relation to year 9 students who attain national minimum standards in writing.","stype":"Ordinal","isDimension":false},{"name":"perc_9_students_min_numeracy","type":"java.lang.Double","title":"% year 9 students who attain national minimum standards in numeracy","description":"The percentage of year 9 students who achieved at or above the national minimum standards in numeracy in the National Assessment Program ? Literacy and Numeracy (NAPLAN).","stype":"Ratio","isDimension":false},{"name":"rank_9_students_min_numeracy","type":"java.lang.Double","title":"RANK year 9 students who attain national minimum standards in numeracy","description":"The rank of the LGA/region in relation to year 9 students who attain national minimum standards in numeracy.","stype":"Ordinal","isDimension":false},{"name":"perc_pop_not_complete_year_12","type":"java.lang.Double","title":"% of population who did not complete year 12","description":"The percentage of people aged 15 years and over who did not attend school or attended school but did not complete year 12.","stype":"Ratio","isDimension":false},{"name":"rank_pop_not_complete_year_12","type":"java.lang.Double","title":"RANK population who did not complete year 12","description":"The rank of the LGA/region in relation to percentage of population who did not complete year 12.","stype":"Ordinal","isDimension":false},{"name":"perc_pop_higher_education","type":"java.lang.Double","title":"% of population with higher education qualification","description":"The percentage of people aged 15 years and over who have attained a definitive higher education qualification including a post-graduate degree- a graduate diploma a graduate certificate or a bachelor degree.","stype":"Ratio","isDimension":false},{"name":"rank_pop_higher_education","type":"java.lang.Double","title":"RANK population with higher education qualification","description":"The rank of the LGA/region in relation to percentage of population with a higher education qualification.","stype":"Ordinal","isDimension":false},{"name":"perc_students_government_school","type":"java.lang.Double","title":"% students attending a government school","description":"The percentage of all primary and secondary school students resident in the LGA who attend a government school (rather than an independent or Catholic school).","stype":"Ratio","isDimension":false},{"name":"rank_students_government_school","type":"java.lang.Double","title":"RANK students attending a government school","description":"The rank of the LGA/region in relation to percentage of school children attending a government school.","stype":"Ordinal","isDimension":false},{"name":"low_birth_weight_babies","type":"java.lang.Double","title":"Low birth weight babies","description":"The percentage of babies weighing less than 2500 grams at birth. Includes both live and still born.","stype":"Ratio","isDimension":false},{"name":"rank_low_birth_weight_babies","type":"java.lang.Double","title":"RANK low birth weight babies","description":"The rank of the LGA/region in relation to percentage of Low birth weight babies.","stype":"Ordinal","isDimension":false},{"name":"perc_persons_reporting_asthma","type":"java.lang.Double","title":"% persons reporting asthma","description":"The percentage of persons who reported that they had symptoms of asthma in the 12 months before the Victorian Population Health Survey 2008.","stype":"Ratio","isDimension":false},{"name":"rank_persons_reporting_asthma","type":"java.lang.Double","title":"RANK persons reporting asthma","description":"The rank of the LGA/region in relation to percentage of population with current asthma.","stype":"Ordinal","isDimension":false},{"name":"perc_persons_reporting_type_2_diabetes","type":"java.lang.Double","title":"% persons reporting type 2 diabetes","description":"The percentage of persons who reported that they had been told by a doctor that they had type 2 diabetes.","stype":"Ratio","isDimension":false},{"name":"rank_persons_reporting_type_2_diabetes","type":"java.lang.Double","title":"RANK persons reporting type 2 diabetes","description":"The rank of the LGA/region in relation to percentage of population with type 2 diabetes.","stype":"Ordinal","isDimension":false},{"name":"asthma_admission_rate_ratio","type":"java.lang.String","title":"Asthma admission rate ratio","description":"Standardised public hospital admission rate ratios for asthma. The rate ratios are a comparison of the actual rate for each LGA with Victoria where the Victorian rate equals 1.","stype":"Ratio","isDimension":false},{"name":"rank_asthma_admission_rate_ratio","type":"java.lang.Double","title":"RANK Asthma admission rate ratio","description":"The rank of the LGA/region in relation to asthma admission rate ratio.","stype":"Ordinal","isDimension":false},{"name":"diabetes_complications_admission_rate_ratio","type":"java.lang.Double","title":"Diabetes complications admission rate ratio","description":"Standardised public hospital admission rate ratios for complications resulting from diabetes.","stype":"Ratio","isDimension":false},{"name":"rank_diabetes_complications_admission_rate_ratio","type":"java.lang.Double","title":"RANK diabetes complications admission rate ratio","description":"The rank of the LGA/region in relation to diabetes complications admission rate ratio.","stype":"Ordinal","isDimension":false},{"name":"perc_persons_overweight_obese","type":"java.lang.Double","title":"% persons overweight or obese","description":"The percentage of persons whose reported height and weight indicates that their Body Mass Index (BMI) is classified as overweight or obese.","stype":"Ratio","isDimension":false},{"name":"rank_persons_overweight_obese","type":"java.lang.Double","title":"RANK persons overweight or obese","description":"The rank of the LGA/region in relation to percentage of population that is overweight or obese.","stype":"Ordinal","isDimension":false},{"name":"perc_females_overweight_obese","type":"java.lang.Double","title":"% females overweight or obese","description":"The percentage of females whose reported height and weight indicates that their Body Mass Index (BMI) is classified as overweight or obese.","stype":"Ratio","isDimension":false},{"name":"rank_females_overweight_obese","type":"java.lang.Double","title":"RANK females overweight or obese","description":"The rank of the LGA/region in relation to percentage of female population that is overweight or obese.","stype":"Ordinal","isDimension":false},{"name":"perc_males_overweight_obese","type":"java.lang.Double","title":"% males overweight or obese","description":"The percentage of males whose reported height and weight indicates that their Body Mass Index (BMI) is classified as overweight or obese.","stype":"Ratio","isDimension":false},{"name":"rank_males_overweight_obese","type":"java.lang.Double","title":"RANK males overweight or obese","description":"The rank of the LGA/region in relation to percentage of male population that is overweight or obese.","stype":"Ordinal","isDimension":false},{"name":"cancer_incidence","type":"java.lang.Double","title":"Cancer incidence per 100000 population","description":"The total number of malignant cancers newly diagnosed in 2010 for total persons. Presented as a rate per 100000.","stype":"Ratio","isDimension":false},{"name":"cancer_incidence_females","type":"java.lang.Double","title":"Cancer incidence - females per 100000","description":"The total number of malignant cancers newly diagnosed in 2010 for females. Presented as a rate per 100000.","stype":"Ratio","isDimension":false},{"name":"cancer_incidence_males","type":"java.lang.Double","title":"Cancer incidence - males per 100000","description":"The total number of malignant cancers newly diagnosed in 2010 for males. Presented as a rate per 100000.","stype":"Ratio","isDimension":false},{"name":"acsc_acute","type":"java.lang.Double","title":"ACSC acute per 1000 population","description":"The number of inpatient admissions for acute Ambulatory Care Sensitive Conditions.","stype":"Ratio","isDimension":false},{"name":"rank_acsc_acute","type":"java.lang.Double","title":"RANK ACSC acute","description":"The rank of the LGA/region in relation to ACSC acute.","stype":"Ordinal","isDimension":false},{"name":"acsc_chronic","type":"java.lang.Double","title":"ACSC chronic per 1000 population","description":"The number of inpatient admissions for chronic Ambulatory Care Sensitive Conditions.","stype":"Ratio","isDimension":false},{"name":"rank_acsc_chronic","type":"java.lang.Double","title":"RANK ACSC chronic","description":"The rank of the LGA/region in relation to ACSC chronic.","stype":"Ordinal","isDimension":false},{"name":"acsc_vaccine_preventablem","type":"java.lang.Double","title":"ACSC vaccine preventable per 1000 population","description":"The number of inpatient admissions for vaccine preventable Ambulatory Care Sensitive Conditions.","stype":"Ratio","isDimension":false},{"name":"rank_acsc_vaccine_preventable","type":"java.lang.Double","title":"RANK ACSC vaccine preventable","description":"The rank of the LGA/region in relation to ACSC vaccine preventable.","stype":"Ordinal","isDimension":false},{"name":"pertussis_notifications","type":"java.lang.Double","title":"Notifications per 1000 people of pertussis","description":"The number of notifications of Pertussis (whooping cough) per 1000 population of the LGA during 2010.","stype":"Ratio","isDimension":false},{"name":"rank_pertussis_notifications","type":"java.lang.Double","title":"RANK pertussis notifications","description":"The rank of the LGA/region in relation to Notifications per 1000 people of pertussis.","stype":"Ordinal","isDimension":false},{"name":"influenza_notification","type":"java.lang.Double","title":"Notifications per 1000 people of influenza","description":"The number of notifications of influenza per 1000 population of the LGA during 2010.","stype":"Ratio","isDimension":false},{"name":"rank_influenza_notifications","type":"java.lang.Double","title":"RANK influenza notifications","description":"The rank of the LGA/region in relation to Notifications per 1000 people of influenza.","stype":"Ordinal","isDimension":false},{"name":"chlamydia_notifications","type":"java.lang.Double","title":"Notifications per 1000 people of chlamydia","description":"The number of notifications of Chlamydia per 100000 population of the LGA during 2010. Chlamydia is a bacterial sexually transmissible infection caused by Chlamydia trachomatis.","stype":"Ratio","isDimension":false},{"name":"rank_chlamydia_notifications","type":"java.lang.Double","title":"RANK chlamydia notifications","description":"The rank of the LGA/region in relation to Notifications per 1000 people of chlamydia.","stype":"Ordinal","isDimension":false},{"name":"perc_people_18_smokers","type":"java.lang.Double","title":"% people 18+ that are current smokers","description":"The percentage of persons/males/females aged 18 years or older who indicate that they are current smokers that is they smoke daily or occasionally.","stype":"Ratio","isDimension":false},{"name":"rank_people_18_smokers","type":"java.lang.Double","title":"RANK people 18+ that are current smokers","description":"The rank of the LGA/region in relation to population (18 years and over) that currently smoke.","stype":"Ordinal","isDimension":false},{"name":"perc_females_18_smokers","type":"java.lang.Double","title":"% females 18+ that are current smokers","description":"The percentage of females aged 18 years or older who indicated that they are current smokers that is they smoke daily or occasionally.","stype":"Ratio","isDimension":false},{"name":"rank_females_18_smokers","type":"java.lang.Double","title":"RANK females 18+ that are current smokers","description":"The rank of the LGA/region in relation to females (18 years and over) that currently smoke.","stype":"Ordinal","isDimension":false},{"name":"perc_males_18_smokers","type":"java.lang.Double","title":"% males 18+ that are current smokers","description":"The percentage of males aged 18 years or older who indicated that they are current smokers that is they smoke daily or occasionally.","stype":"Ratio","isDimension":false},{"name":"rank_males_18smokers","type":"java.lang.Double","title":"RANK males 18+ that are current smokers","description":"The rank of the LGA/region in relation to males (18 years and over) that currently smoke.","stype":"Ordinal","isDimension":false},{"name":"perc_of_15_17_smokers","type":"java.lang.String","title":"% of 15-17 year olds who smoked cigarettes","description":"The percentage of 15 to 17 year olds in the LGA who reported they had smoked cigarettes in the past 30 days.","stype":"Ratio","isDimension":false},{"name":"rank_15_17_year_smokers","type":"java.lang.String","title":"RANK 15-17 year olds who smoked cigarettes","description":"The rank of the LGA/region in relation to 15-17 year olds who smoked cigarettes.","stype":"Ordinal","isDimension":false},{"name":"perc_at_risk_alcohol","type":"java.lang.Double","title":"% at risk of short term harm from alcohol","description":"The percentage of residents of the LGA who indicated as part of the Victorian Population Health Survey that they consume alcohol at risky or high risk levels at least once per week.","stype":"Ratio","isDimension":false},{"name":"rank_at_risk_alcohol","type":"java.lang.Double","title":"RANK at risk of short term harm from alcohol","description":"The rank of the LGA/region in relation to percent of population at risk of short term harm from alcohol consumption.","stype":"Ordinal","isDimension":false},{"name":"perc_15_17_year_alcohol","type":"java.lang.String","title":"% 15-17 year olds who drank alcohol in last 30 days","description":"The percentage of 15 to 17 year olds in the LGA who reported they drank alcohol in the past 30 days.","stype":"Ratio","isDimension":false},{"name":"rank_15_17_year_alcohol","type":"java.lang.String","title":"RANK 15-17 year olds who drank alcohol in last 30 days","description":"The rank of the LGA/region in relation to 15-17 year olds who drank alcohol in the past 30 days.","stype":"Ordinal","isDimension":false},{"name":"perc_persons_not_fruitveg","type":"java.lang.Double","title":"% persons that did not meet fruit and vegetable guidelines","description":"The percentage of persons who indicate that they do not meet the current Australian guidelines for fruit and vegetable consumption.","stype":"Ratio","isDimension":false},{"name":"rank_persons_not_fruitveg","type":"java.lang.Double","title":"RANK persons that did not meet fruit and vegetable guidelines","description":"The rank of the LGA/region in relation to percentage of population not meeting dietary guidelines for fruit and vegetable intake.","stype":"Ordinal","isDimension":false},{"name":"perc_females_not_fruitveg","type":"java.lang.Double","title":"% females that did not meet fruit and vegetable guidelines","description":"The percentage of females who indicate that they do not meet the current Australian guidelines for fruit and vegetable consumption.","stype":"Ratio","isDimension":false},{"name":"rank_females_not_fruitveg","type":"java.lang.Double","title":"RANK females that did not meet fruit and vegetable guidelines","description":"The rank of the LGA/region in relation to percentage of female population not meeting dietary guidelines for fruit and vegetable intake.","stype":"Ordinal","isDimension":false},{"name":"perc_males_not_fruitveg","type":"java.lang.Double","title":"% males that did not meet fruit and vegetable guidelines","description":"The percentage of males who indicate that they do not meet the current Australian guidelines for fruit and vegetable consumption.","stype":"Ratio","isDimension":false},{"name":"rank_males_not_fruitveg","type":"java.lang.Double","title":"RANK males that did not meet fruit and vegetable guidelines","description":"The rank of the LGA/region in relation to percentage of male population not meeting dietary guidelines for fruit and vegetable intake.","stype":"Ordinal","isDimension":false},{"name":"perc_persons_not_physical","type":"java.lang.Double","title":"% persons who did not meet physical activity guidelines","description":"The proportion of people who do not meet the National Physical Activity Guidelines for Australians developed by the Department of Health and Aged Care 1999.","stype":"Ratio","isDimension":false},{"name":"rank_persons_not_physical","type":"java.lang.Double","title":"RANK persons who did not meet physical activity guidelines","description":"The rank of the LGA/region in relation to percentage of population not meeting physical activity guidelines.","stype":"Ordinal","isDimension":false},{"name":"perc_females_not_physical","type":"java.lang.Double","title":"% females who did not meet physical activity guidelines","description":"The proportion of females who do not meet the National Physical Activity Guidelines for Australians developed by the Department of Health and Aged Care 1999.","stype":"Ratio","isDimension":false},{"name":"rank_females_not_physical","type":"java.lang.Double","title":"RANK females who did not meet physical activity guidelines","description":"The rank of the LGA/region in relation to percentage of female population not meeting physical activity guidelines.","stype":"Ordinal","isDimension":false},{"name":"perc_males_not_physical","type":"java.lang.Double","title":"% males who did not meet physical activity guidelines","description":"The proportion of males who do not meet the National Physical Activity Guidelines for Australians developed by the Department of Health and Aged Care 1999.","stype":"Ratio","isDimension":false},{"name":"rank_males_not_physical","type":"java.lang.Double","title":"RANK males who did not meet physical activity guidelines","description":"The rank of the LGA/region in relation to percentage of male population not meeting physical activity guidelines.","stype":"Ordinal","isDimension":false},{"name":"perc_adolescents_not_physical","type":"java.lang.String","title":"% adolescents who adopt sunsmart behaviours","description":"The percentage of 15 to 17 year olds in the LGA who reported they always wore a hat and sunscreen when it was sunny.","stype":"Ratio","isDimension":false},{"name":"rank_adolescents_not_physical","type":"java.lang.String","title":"RANK adolescents who brush teeth twice a day","description":"The rank of the LGA/region in relation to percentage of adolescents who brush teeth twice a day.","stype":"Ordinal","isDimension":false},{"name":"perc_adolescents_not_physical1","type":"java.lang.String","title":"% adolescents who brush teeth twice a day","description":"The percentage of 15 to 17 year olds in the LGA who reported they brushed their teeth at least twice per day.","stype":"Ratio","isDimension":false},{"name":"rank_adolescents_not_physical1","type":"java.lang.String","title":"RANK adolescents who brush teeth twice a day","description":"The rank of the LGA/region in relation to percentage of adolescents who brush teeth twice a day.","stype":"Ordinal","isDimension":false},{"name":"perc_infants","type":"java.lang.Double","title":"% infants fully breastfed at 3 months","description":"The percentage of infants who are fully breastfed at three months of age.","stype":"Ratio","isDimension":false},{"name":"rank_infants","type":"java.lang.Double","title":"RANK infants fully breastfed at 3 months","description":"The rank of the LGA/region in relation to percentage of infants who are fully breastfed at three months of age.","stype":"Ordinal","isDimension":false},{"name":"perc_children_immunised_24_27","type":"java.lang.Double","title":"% children fully immunised at 24-27 months","description":"The percentage of children who are fully immunised at 24-27 months of age.","stype":"Ratio","isDimension":false},{"name":"rank_children_immunised_24_27","type":"java.lang.Double","title":"RANK children fully immunised at 24-27 months","description":"The rank of the LGA/region in relation to percentage of children fully immunised at 24-27 months of age.","stype":"Ordinal","isDimension":false},{"name":"breast_cancer_screening","type":"java.lang.Double","title":"Breast cancer screening participation","description":"The percentage of women aged 50 to 69 years who participated in breast cancer screening during 2006 and 2007.","stype":"Ratio","isDimension":false},{"name":"rank_breast_cancer","type":"java.lang.Double","title":"RANK breast cancer screening participation","description":"The rank of the LGA/region in relation to percentage of women aged during 50 to 69 years who participated in breast cancer screening.","stype":"Ordinal","isDimension":false},{"name":"cervical_cancer_screening","type":"java.lang.Double","title":"Cervical cancer screening participation","description":"The percentage of women aged 20 to 69 who participated in cervical cancer screening during 2006 and 2007.","stype":"Ratio","isDimension":false},{"name":"rank_cervical_cancer","type":"java.lang.Double","title":"RANK cervical cancer screening participation","description":"The rank of the LGA/region in relation to percentage of women aged during 20 to 69 years who participated in cervical cancer screening.","stype":"Ordinal","isDimension":false},{"name":"perc_core_activities","type":"java.lang.Double","title":"% with need for assistance with core activities","description":"The percentage of people in the LGA who need ?help or assistance in one or more of the three core activity areas of self-care mobility and communication because of a long-term health condition-  a disability or old age.","stype":"Ratio","isDimension":false},{"name":"rank_core_activities","type":"java.lang.Double","title":"RANK need for assistance with core activities","description":"The rank of the LGA/region in relation to percentage of population with core activity need for assistance.","stype":"Ordinal","isDimension":false},{"name":"perc_people_disability","type":"java.lang.Double","title":"% of people with profound or severe disability living in the community","description":"The percentage of people in the LGA who have a severe and profound disability and live in the community rather than in long-term residential care.","stype":"Ratio","isDimension":false},{"name":"rank_people_disability","type":"java.lang.Double","title":"RANK people with profound or severe disability","description":"The rank of the LGA/region in relation to percentage of people with profound or severe disability.","stype":"Ordinal","isDimension":false},{"name":"perc_persons_75_alone","type":"java.lang.Double","title":"% of persons aged 75+ who live alone","description":"The percentage of the LGA population who are aged 75 and over who live in a single person household.","stype":"Ratio","isDimension":false},{"name":"rank_persons_75_alone","type":"java.lang.Double","title":"RANK persons aged 75+ who live alone","description":"The rank of the LGA/region in relation to percentage of population aged 75 years and over and living alone.","stype":"Ordinal","isDimension":false},{"name":"perc_female_75_alone","type":"java.lang.Double","title":"% female 75+ living alone","description":"The female proportion of the LGA population who are aged 75 and over who live in a single person household.","stype":"Ratio","isDimension":false},{"name":"perc_male_75_alone","type":"java.lang.Double","title":"% male 75+ living alone","description":"The male proportion of the LGA population who are aged 75 and over who live in a single person household.","stype":"Ordinal","isDimension":false},{"name":"aged_high_care","type":"java.lang.Double","title":"Aged care (high care) places per 1000 eligible population","description":"The number of residential aged care places licensed to provide services to residents with high levels of dependency per 1000 target population.","stype":"Ratio","isDimension":false},{"name":"rank_aged_high_care","type":"java.lang.Double","title":"RANK aged care (high care) places per 1000 eligible population","description":"The rank of the LGA/region in relation to aged care high care places per 1000 eligible population.","stype":"Ordinal","isDimension":false},{"name":"aged_low_care","type":"java.lang.Double","title":"Aged care (low care) places per 1000 eligible population","description":"The number of aged care places licensed to provide services to residents with low levels of dependency per 1000 target population.","stype":"Ratio","isDimension":false},{"name":"rank_aged_low_care","type":"java.lang.Double","title":"RANK aged care (low care) places per 1000 eligible population","description":"The rank of the LGA/region in relation to aged care low care places per 1000 eligible population.","stype":"Ordinal","isDimension":false},{"name":"male_life_expectancy","type":"java.lang.Double","title":"Male life expectancy","description":"The average number of years a male of a given age is expected to live if current mortality rates continue to apply.","stype":"Ratio","isDimension":false},{"name":"rank_male_life_expectancy","type":"java.lang.Double","title":"RANK male life expectancy","description":"The rank of the LGA/region in relation to male life expectancy.","stype":"Ordinal","isDimension":false},{"name":"female_life_expectancy","type":"java.lang.Double","title":"Female life expectancy","description":"The average number of years a female of a given age is expected to live if current mortality rates continue to apply.","stype":"Ratio","isDimension":false},{"name":"rank_female_life_expectancy","type":"java.lang.Double","title":"RANK female life expectancy","description":"The rank of the LGA/region in relation to female life expectancy.","stype":"Ordinal","isDimension":false},{"name":"perc_poor_health","type":"java.lang.Double","title":"% persons reporting fair or poor health","description":"The percentage of persons in the LGA who reported as part of the Victorian Population Health Survey 2008 that their general health was fair or poor.","stype":"Ratio","isDimension":false},{"name":"rank_poor_health","type":"java.lang.Double","title":"RANK persons reporting fair or poor health","description":"The rank of the LGA/region in relation to persons reporting fair or poor health.","stype":"Ordinal","isDimension":false},{"name":"perc_females_poor_health","type":"java.lang.Double","title":"% females reporting fair or poor health","description":"The percentage of females in the LGA who reported as part of the Victorian Population Health Survey 2008 that their general health was fair or poor.","stype":"Ratio","isDimension":false},{"name":"rank_females_poor_health","type":"java.lang.Double","title":"RANK females reporting fair or poor health","description":"The rank of the LGA/region in relation to females reporting fair or poor health.","stype":"Ordinal","isDimension":false},{"name":"perc_males_poor_health","type":"java.lang.Double","title":"% males reporting fair or poor health","description":"The percentage of males in the LGA who reported as part of the Victorian Population Health Survey 2008 that their general health was fair or poor.","stype":"Ratio","isDimension":false},{"name":"rank_males_poor_health","type":"java.lang.Double","title":"RANK males reporting fair or poor health","description":"The rank of the LGA/region in relation to males reporting fair or poor health.","stype":"Ordinal","isDimension":false},{"name":"perc_persons_psychological_distress","type":"java.lang.Double","title":"% persons reporting high/very high psychological distress","description":"The percentage of persons who were categorised as part of the Victorian Population Health Survey as experiencing high or very high psychological distress.","stype":"Ratio","isDimension":false},{"name":"rank_persons_psychological_distress","type":"java.lang.Double","title":"RANK persons reporting high/very high psychological distress","description":"The rank of the LGA/region in relation to percentage of population with high levels of distress.","stype":"Ordinal","isDimension":false},{"name":"perc_children_vulnerable_one","type":"java.lang.Double","title":"% children developmentally vulnerable in one or more domains","description":"The percentage of children who are vulnerable across one or more of the five domains of early childhood development as measured using the Australian Early Development Index.","stype":"Ratio","isDimension":false},{"name":"rank_children_vulnerable_one","type":"java.lang.Double","title":"RANK children developmentally vulnerable one or more domains","description":"The rank of the LGA/region in relation to percentage of children developmentally vulnerable in one or more domains.","stype":"Ordinal","isDimension":false},{"name":"perc_children_vulnerable_two","type":"java.lang.Double","title":"% children developmentally vulnerable in one or more domains","description":"The percentage of children who are vulnerable across two or more of the five domains of early childhood development as measured using the Australian Early Development Index.","stype":"Ratio","isDimension":false},{"name":"rank_children_vulnerable_two","type":"java.lang.Double","title":"RANK children developmentally vulnerable one or more domains","description":"The rank of the LGA/region in relation to percentage of children developmentally vulnerable in two or more domains.","stype":"Ordinal","isDimension":false},{"name":"perc_adolescents_bullied","type":"java.lang.String","title":"% adolescents who reported being recently bullied","description":"The proportion of adolescents enrolled in Years 7 9 and 11 who reported being bullied recently. Bullying is assessed using the Gatehouse Bullying Scale.","stype":"Ratio","isDimension":false},{"name":"rank_adolescents_bullied","type":"java.lang.String","title":"RANK adolescents who reported being recently bullied","description":"The rank of the LGA/region in relation to percentage of adolescents who reported being recently bullied.","stype":"Ordinal","isDimension":false},{"name":"perc_adolescents_positive","type":"java.lang.String","title":"% adolescents who reported positive psychological development","description":"The proportion of adolescents enrolled in Years 7 9 and 11 who had a mean score of 5 or more on the Basic Psychological Needs Scale indicating positive psychological development.","stype":"Ratio","isDimension":false},{"name":"rank_adolescents_positive","type":"java.lang.String","title":"RANK adolescents who reported  positive psychological development","description":"The rank of the LGA/region in relation to percentage of adolescents who reported positive psychological development.","stype":"Ordinal","isDimension":false},{"name":"medicare_local","type":"java.lang.String","title":"Medicare Local","description":"The Medicare Local to which the LGA belongs. Medicare Locals are a component of the Australian Governments National Health Reforms.","stype":"Nominal","isDimension":false},{"name":"primary_care_partnership","type":"java.lang.String","title":"Primary Care Partnership","description":"The primary care partnership (PCP) to which the LGA belongs. A PCP is a collection of two or more Local Government Areas that plan and deliver primary care services at a local level","stype":"Nominal","isDimension":false},{"name":"number_of_hospitals_health","type":"java.lang.Double","title":"Number of hospitals/health services","description":"The number of hospitals and health service campuses located within the LGA. Includes both public and private hospitals.","stype":"Ratio","isDimension":false},{"name":"general_practitioners","type":"java.lang.Double","title":"General practitioners per 1000 population","description":"The number of general practitioners working in an LGA per 1000 population.","stype":"Ratio","isDimension":false},{"name":"rank_general_practitioners","type":"java.lang.Double","title":"RANK general practitioners per 1000 population","description":"The rank of the LGA/region in relation to general practitioners per 1000 population.","stype":"Ordinal","isDimension":false},{"name":"dental_services","type":"java.lang.Double","title":"Dental services per 1000 population","description":"The number of dental services per 1000 population located within the LGA. Dental services include general dental services only not specialist services.","stype":"Ratio","isDimension":false},{"name":"rank_dental_services","type":"java.lang.Double","title":"RANK dental services per 1000 population","description":"The rank of the LGA/region in relation to dental services per 1000 population.","stype":"Ordinal","isDimension":false},{"name":"pharmacies","type":"java.lang.Double","title":"Pharmacies per 1000 population","description":"The number of retail pharmacies per 1000 population located within the LGA.","stype":"Ratio","isDimension":false},{"name":"rank_pharmacies","type":"java.lang.Double","title":"RANK pharmacies per 1000 population","description":"The rank of the LGA/region in relation to pharmacies per 1000 population.","stype":"Ordinal","isDimension":false},{"name":"number_of_kindergartens","type":"java.lang.Double","title":"Number of kindergartens","description":"The number of locations that provide a funded kindergarten program. This item includes long day-care centres that provide funded kindergarten programs as well as stand-alone kindergartens.","stype":"Ratio","isDimension":false},{"name":"number_of_schools","type":"java.lang.Double","title":"Number of schools","description":"The number of schools located in the LGA. This item includes government private and Catholic primary and secondary schools. It also includes schools for children with special needs.","stype":"Ordinal","isDimension":false},{"name":"percpopulation_near_pt","type":"java.lang.Double","title":"%population near public transport","description":"The percentage of the population that lives within 400 metres of a bus and/or tram stop and/or 800 metres of a train station.","stype":"Ratio","isDimension":false},{"name":"rank_population_pt","type":"java.lang.Double","title":"RANK population near public transport","description":"The rank of the LGA/region in relation to percentage of population near puiblic transport.","stype":"Ordinal","isDimension":false},{"name":"perc_private_health","type":"java.lang.Double","title":"% population with private health insurance","description":"The percentage of the LGA population aged 15 years and over covered by private health insurance.","stype":"Ratio","isDimension":false},{"name":"rank_private_health","type":"java.lang.Double","title":"RANK population with private health insurance","description":"The rank of the LGA/region in relation to percentage of population with private health insurance.","stype":"Ordinal","isDimension":false},{"name":"inpatient_separations","type":"java.lang.Double","title":"Inpatient separations per 1000 population","description":"The number of hospital inpatient separations per 1000 population. A separation is a completed admission to hospital.","stype":"Ratio","isDimension":false},{"name":"rank_inpatient_separations","type":"java.lang.Double","title":"RANK inpatient separations per 1000 population","description":"The rank of the LGA/region in relation to hospital inpatient separations per 1000 population.","stype":"Ordinal","isDimension":false},{"name":"perc_inpatient_private_hospital","type":"java.lang.Double","title":"% inpatient separations in private hospital","description":"The percentage of total separations for residents of the LGA which are in a private hospital.","stype":"Ratio","isDimension":false},{"name":"rank_inpatient_private_hospital","type":"java.lang.Double","title":"RANK inpatient separations in private hospital","description":"The rank of the LGA/region in relation to inpatient separations in private hospital.","stype":"Ordinal","isDimension":false},{"name":"main_public_hospital","type":"java.lang.String","title":"Main public hospital attended","description":"The name of the Victorian public hospital with the highest number of separations of residents of the LGA.","stype":"Nominal","isDimension":false},{"name":"separations_attended_hospital","type":"java.lang.Double","title":"Separations from most frequently attended hospital","description":"The percentage of all separations involving residents of an LGA which occurred at the most frequently attended public hospital. Estimated Resident Population 2010.","stype":"Ratio","isDimension":false},{"name":"rank_separations_attended_hospital","type":"java.lang.Double","title":"RANK Separations from most frequently attended hospital","description":"The rank of the LGA/region in relation to separations from most frequently attended hospital.","stype":"Ordinal","isDimension":false},{"name":"average_stay_public","type":"java.lang.Double","title":"Average length of stay (days) public hospitals","description":"The average length of stay (in days) for a Victorian public hospital inpatient. Note that all separations (including same-day stays) have been included.","stype":"Ratio","isDimension":false},{"name":"rank_average_stay_public","type":"java.lang.Double","title":"RANK Average length of stay (days) public hospitals","description":"The rank of the LGA/region in relation to average length of stay (days) public hospitals.","stype":"Ordinal","isDimension":false},{"name":"average_average_stay_all","type":"java.lang.Double","title":"Average length of stay (days) all hospitals","description":"The average length of stay (in days) for all inpatients. Note that all separations (including same-day stays) have been included.","stype":"Ratio","isDimension":false},{"name":"rank_average_average_stay_all","type":"java.lang.Double","title":"RANK Average length of stay (days) all hospitals","description":"The rank of the LGA/region in relation to average length of stay (days) all hospitals.","stype":"Ordinal","isDimension":false},{"name":"annum_change_hospital","type":"java.lang.Double","title":"Per annum change in hospital separations (2000-01 to 2010-11)","description":"The per annum change in the actual number of Victorian public and private hospital inpatient separations between 2000-01 and 2010-11.","stype":"Ratio","isDimension":false},{"name":"rank_annum_change_hospital","type":"java.lang.Double","title":"RANK per annum change in hospital separations (2000-01 to 2010-11)","description":"The rank of the LGA/region in relation to per annum change in separations from 2000-01 to 2010-11.","stype":"Ordinal","isDimension":false},{"name":"projected_annum_change_separations","type":"java.lang.Double","title":"Projected per annum change in separations  2010-11 to 2021-22","description":"The per annum change between the projected number of Victorian hospital inpatient separations for 2021?22 and the actual number of separations in 2010?11.","stype":"Ratio","isDimension":false},{"name":"rank_projected_annum_change_separations","type":"java.lang.Double","title":"RANK projected per annum change in separations  2010-11 to 2021-22","description":"The rank of the LGA/region in relation to projected per annum change in separations from 2010-11 to 2021-22.","stype":"Ordinal","isDimension":false},{"name":"acsc_admission_rate","type":"java.lang.Double","title":"ACSC admission rate per 1000 population","description":"The number of inpatient admissions for Ambulatory Care Sensitive Conditions per 1000 population.","stype":"Ratio","isDimension":false},{"name":"rank_acsc_rate","type":"java.lang.Double","title":"RANK ACSC admssion rate per 1000 population","description":"The rank of the LGA/region in relation to ACSC rate per 1000 population.","stype":"Ordinal","isDimension":false},{"name":"acsc_average_stay","type":"java.lang.Double","title":"ACSC average length of stay (days)","description":"The average length of stay for Ambulatory Care Sensitive Conditions admissions.","stype":"Ratio","isDimension":false},{"name":"rank_acsc_average_stay","type":"java.lang.Double","title":"RANK ACSC average length of stay","description":"The rank of the LGA/region in relation to ACSC average length of stay.","stype":"Ordinal","isDimension":false},{"name":"ed_presentations","type":"java.lang.Double","title":"ED presentations per 1000 population","description":"The number of presentations by residents of an LGA at public hospital emergency departments per 1000 population.","stype":"Ratio","isDimension":false},{"name":"rank_ed_presentations","type":"java.lang.Double","title":"RANK ED presentations per 1000 population","description":"The rank of the LGA/region in relation to emergency department presentations per 1000 population.","stype":"Ordinal","isDimension":false},{"name":"primary_care_ed","type":"java.lang.Double","title":"Primary care type ED presentations per 1000 population","description":"The proportion of presentations at Emergency Departments within the LGA which were classified as ?primary care type presentations?.","stype":"Ratio","isDimension":false},{"name":"rank_primary_care_ed","type":"java.lang.Double","title":"RANK primary care type ED presentations per 1000 population","description":"The rank of the LGA/region in relation to primary care type emergency department presentations per 1000 population.","stype":"Ordinal","isDimension":false},{"name":"gp_attendances_males","type":"java.lang.Double","title":"GP attendances males per 1000 population","description":"The rate of attendances at a General Practitioner for males per 1000 population for services under the Medicare Benefits Schedule and Department of Veterans Affairs.","stype":"Ratio","isDimension":false},{"name":"rank_gp_attendances_males","type":"java.lang.Double","title":"RANK GP attendances males","description":"The rank of the LGA/region in relation to GP attendances males.","stype":"Ordinal","isDimension":false},{"name":"gp_attendances_females_males","type":"java.lang.Double","title":"GP attendances females per 1000 population","description":"The rate of attendances at a General Practitioner for females per 1000 population for services under the Medicare Benefits Schedule and Department of Veterans Affairs.","stype":"Ratio","isDimension":false},{"name":"rank_gp_attendances_females_males","type":"java.lang.Double","title":"RANK GP attendances females","description":"The rank of the LGA/region in relation to GP attendances females.","stype":"Ordinal","isDimension":false},{"name":"gp_attendances_total","type":"java.lang.Double","title":"GP attendances total per 1000 population","description":"The rate of attendances at a General Practitioner per 1000 population for services under the Medicare Benefits Schedule and Department of Veterans Affairs.","stype":"Ratio","isDimension":false},{"name":"rank_gp_attendances_total","type":"java.lang.Double","title":"RANK GP attendances total","description":"The rank of the LGA/region in relation to general practitioner attendances per 1000 population.","stype":"Ordinal","isDimension":false},{"name":"hacc_clients_69","type":"java.lang.Double","title":"HACC clients  aged 0-69 per 1000 target population","description":"The number of people aged 0-69 years receiving services funded by the Home and Community Care (HACC) program per 1000 target population.","stype":"Ratio","isDimension":false},{"name":"rank_hacc_clients_69","type":"java.lang.Double","title":"RANK HACC clients  aged 0-69 per 1000 target population","description":"The rank of the LGA/region in relation to HACC clients aged 0-69 years per 1000 target population.","stype":"Ordinal","isDimension":false},{"name":"hacc_clients_70","type":"java.lang.Double","title":"HACC clients aged 70 plus per 1000 target population","description":"The number of people aged 70 years and over receiving services funded by the Home and Community Care (HACC) program per 1000 target population.","stype":"Ratio","isDimension":false},{"name":"rank_hacc_clients_70","type":"java.lang.Double","title":"RANK HACC clients aged 70 plus per 1000 target population","description":"The rank of the LGA/region in relation to HACC clients aged 70 years and over per 1000 target population.","stype":"Ordinal","isDimension":false},{"name":"primary_health_occasions","type":"java.lang.Double","title":"Primary health occasions of service per 1000 population","description":"The number of occasions of service per 1000 population provided by primary health services to residents of the LGA.","stype":"Ratio","isDimension":false},{"name":"rank_primary_health_occasions","type":"java.lang.Double","title":"RANK primary health occasions of service per 1000 population","description":"The rank of the LGA/region in relation to primary health occasions of service per 1000 population.","stype":"Ordinal","isDimension":false},{"name":"drug_and_alcohol","type":"java.lang.Double","title":"Drug and alcohol clients per 1000 population","description":"The number of residents of an LGA per 1000 population who received treatment from alcohol and drug treatment services.","stype":"Ratio","isDimension":false},{"name":"rank_drug_and_alcohol","type":"java.lang.Double","title":"RANK drug and alcohol clients per 1000 population","description":"The rank of the LGA/region in relation to drug and alcohol clients per 1000 population.","stype":"Ordinal","isDimension":false},{"name":"registered_mental_health","type":"java.lang.Double","title":"Registered mental health clients per 1000 population","description":"The number of residents of an LGA who are registered as clients with a mental health service per 1000 population.","stype":"Ratio","isDimension":false},{"name":"rank_registered_mental_health","type":"java.lang.Double","title":"RANK registered mental health clients per 1000 population","description":"The rank of the LGA/region in relation to registered mental health clients per 1000 population.","stype":"Ordinal","isDimension":false}],"filter":{"filterType":"tabular","feature":{"key":"lga_code","geoLevel":"lga","geoField":"ignored","year":"2006","featureBbox":[96.81676569599999,-43.740509603,159.109219008,-9.142175977],"featureType":"country","featureInstance":"au","featureName":"Australia","referenceSystemIdentifier":"urn:x-ogc:def:crs:EPSG:4283","prefix":"","keyTransform":null},"states":[]}}