{"organisation":"AU_Govt_ABS","name":"lga_g19_voluntary_work_by_age_by_sex_census_2016","title":"LGA-G19 Voluntary Work by Age by Sex-Census 2016","legal":{"copyrightYear":"2017","attributionYear":"2017","attribution":"{datasource.organisationTitle}, ({dataset.attributionYear}): {dataset.title}; accessed from AURIN Portal on {dateOfAccess}.","clickthrough":false,"licenceType":"Creative Commons Attribution 2.5 Australia (CC BY 2.5 AU)","copyrightNotice":"&copy; {datasource.organisationTitle} {dataset.copyrightYear}"},"referenceSystemIdentifier":"urn:x-ogc:def:crs:EPSG:4283","geoLevel":"lga2016","key":"lga_code_2016","keyRegex":null,"availability":"true","geomField":"wkb_geometry","keyword":"voluntary work,volunteer,age,sex,census,2016,general community profile,g19,gcp,lga","theme":null,"temporalExtent":{"beginDate":"2016-08-09T00:00:00","endDate":"2016-08-11T00:00:00","selectTime":false},"type":"dataset","_id":"dataset-AU_Govt_ABS-lga_g19_voluntary_work_by_age_by_sex_census_2016-lga2016","bbox":null,"abstract":"LGA based data for Voluntary Work for an Organisation or Group by Age by Sex, in General Community Profile (GCP), 2016 Census. Count of persons aged 15 years and over. The data is by LGA 2016 boundaries. Periodicity: 5-Yearly. <br/>\nNote: There are small random adjustments made to all cell values to protect the confidentiality of data. These adjustments may cause the sum of rows or columns to differ by small amounts from table totals.<br/>\nFor more information visit the data source: <a href=http://www.abs.gov.au/census>http://www.abs.gov.au/census</a>. \n","selectedAttributes":[{"name":"lga_code_2016","type":"java.lang.String","title":"LGA Code 2016","description":"LGA Code 2016.","stype":"nominal","isDimension":false},{"name":"f_15_19_yr_not_a_volunteer","type":"java.lang.Integer","title":"Females 15-19 years Not a volunteer","description":"Females 15-19 years Not a volunteer.","stype":"ratio","isDimension":false},{"name":"f_15_19_yr_tot","type":"java.lang.Integer","title":"Females 15-19 years Total","description":"Females 15-19 years Total.","stype":"ratio","isDimension":false},{"name":"f_15_19_yr_voluntary_work_ns","type":"java.lang.Integer","title":"Females 15-19 years Voluntary work not stated","description":"Females 15-19 years Voluntary work not stated.","stype":"ratio","isDimension":false},{"name":"f_15_19_yr_volunteer","type":"java.lang.Integer","title":"Females 15-19 years Volunteer","description":"Females 15-19 years Volunteer.","stype":"ratio","isDimension":false},{"name":"f_20_24_yr_not_a_volunteer","type":"java.lang.Integer","title":"Females 20-24 years Not a volunteer","description":"Females 20-24 years Not a volunteer.","stype":"ratio","isDimension":false},{"name":"f_20_24_yr_tot","type":"java.lang.Integer","title":"Females 20-24 years Total","description":"Females 20-24 years Total.","stype":"ratio","isDimension":false},{"name":"f_20_24_yr_voluntary_work_ns","type":"java.lang.Integer","title":"Females 20-24 years Voluntary work not stated","description":"Females 20-24 years Voluntary work not stated.","stype":"ratio","isDimension":false},{"name":"f_20_24_yr_volunteer","type":"java.lang.Integer","title":"Females 20-24 years Volunteer","description":"Females 20-24 years Volunteer.","stype":"ratio","isDimension":false},{"name":"f_25_34_yr_not_a_volunteer","type":"java.lang.Integer","title":"Females 25-34 years Not a volunteer","description":"Females 25-34 years Not a volunteer.","stype":"ratio","isDimension":false},{"name":"f_25_34_yr_tot","type":"java.lang.Integer","title":"Females 25-34 years Total","description":"Females 25-34 years Total.","stype":"ratio","isDimension":false},{"name":"f_25_34_yr_voluntary_work_ns","type":"java.lang.Integer","title":"Females 25-34 years Voluntary work not stated","description":"Females 25-34 years Voluntary work not stated.","stype":"ratio","isDimension":false},{"name":"f_25_34_yr_volunteer","type":"java.lang.Integer","title":"Females 25-34 years Volunteer","description":"Females 25-34 years Volunteer.","stype":"ratio","isDimension":false},{"name":"f_35_44_yr_not_a_volunteer","type":"java.lang.Integer","title":"Females 35-44 years Not a volunteer","description":"Females 35-44 years Not a volunteer.","stype":"ratio","isDimension":false},{"name":"f_35_44_yr_tot","type":"java.lang.Integer","title":"Females 35-44 years Total","description":"Females 35-44 years Total.","stype":"ratio","isDimension":false},{"name":"f_35_44_yr_voluntary_work_ns","type":"java.lang.Integer","title":"Females 35-44 years Voluntary work not stated","description":"Females 35-44 years Voluntary work not stated.","stype":"ratio","isDimension":false},{"name":"f_35_44_yr_volunteer","type":"java.lang.Integer","title":"Females 35-44 years Volunteer","description":"Females 35-44 years Volunteer.","stype":"ratio","isDimension":false},{"name":"f_45_54_yr_not_a_volunteer","type":"java.lang.Integer","title":"Females 45-54 years Not a volunteer","description":"Females 45-54 years Not a volunteer.","stype":"ratio","isDimension":false},{"name":"f_45_54_yr_tot","type":"java.lang.Integer","title":"Females 45-54 years Total","description":"Females 45-54 years Total.","stype":"ratio","isDimension":false},{"name":"f_45_54_yr_voluntary_work_ns","type":"java.lang.Integer","title":"Females 45-54 years Voluntary work not stated","description":"Females 45-54 years Voluntary work not stated.","stype":"ratio","isDimension":false},{"name":"f_45_54_yr_volunteer","type":"java.lang.Integer","title":"Females 45-54 years Volunteer","description":"Females 45-54 years Volunteer.","stype":"ratio","isDimension":false},{"name":"f_55_64_yr_not_a_volunteer","type":"java.lang.Integer","title":"Females 55-64 years Not a volunteer","description":"Females 55-64 years Not a volunteer.","stype":"ratio","isDimension":false},{"name":"f_55_64_yr_tot","type":"java.lang.Integer","title":"Females 55-64 years Total","description":"Females 55-64 years Total.","stype":"ratio","isDimension":false},{"name":"f_55_64_yr_voluntary_work_ns","type":"java.lang.Integer","title":"Females 55-64 years Voluntary work not stated","description":"Females 55-64 years Voluntary work not stated.","stype":"ratio","isDimension":false},{"name":"f_55_64_yr_volunteer","type":"java.lang.Integer","title":"Females 55-64 years Volunteer","description":"Females 55-64 years Volunteer.","stype":"ratio","isDimension":false},{"name":"f_65_74_yr_not_a_volunteer","type":"java.lang.Integer","title":"Females 65-74 years Not a volunteer","description":"Females 65-74 years Not a volunteer.","stype":"ratio","isDimension":false},{"name":"f_65_74_yr_tot","type":"java.lang.Integer","title":"Females 65-74 years Total","description":"Females 65-74 years Total.","stype":"ratio","isDimension":false},{"name":"f_65_74_yr_voluntary_work_ns","type":"java.lang.Integer","title":"Females 65-74 years Voluntary work not stated","description":"Females 65-74 years Voluntary work not stated.","stype":"ratio","isDimension":false},{"name":"f_65_74_yr_volunteer","type":"java.lang.Integer","title":"Females 65-74 years Volunteer","description":"Females 65-74 years Volunteer.","stype":"ratio","isDimension":false},{"name":"f_75_84_yr_not_a_volunteer","type":"java.lang.Integer","title":"Females 75-84 years Not a volunteer","description":"Females 75-84 years Not a volunteer.","stype":"ratio","isDimension":false},{"name":"f_75_84_yr_tot","type":"java.lang.Integer","title":"Females 75-84 years Total","description":"Females 75-84 years Total.","stype":"ratio","isDimension":false},{"name":"f_75_84_yr_voluntary_work_ns","type":"java.lang.Integer","title":"Females 75-84 years Voluntary work not stated","description":"Females 75-84 years Voluntary work not stated.","stype":"ratio","isDimension":false},{"name":"f_75_84_yr_volunteer","type":"java.lang.Integer","title":"Females 75-84 years Volunteer","description":"Females 75-84 years Volunteer.","stype":"ratio","isDimension":false},{"name":"f_85ov_not_a_volunteer","type":"java.lang.Integer","title":"Females 85 years and over Not a volunteer","description":"Females 85 years and over Not a volunteer.","stype":"ratio","isDimension":false},{"name":"f_85ov_tot","type":"java.lang.Integer","title":"Females 85 years and over Total","description":"Females 85 years and over Total.","stype":"ratio","isDimension":false},{"name":"f_85_ov_voluntary_work_ns","type":"java.lang.Integer","title":"Females 85 years and over Voluntary work not stated","description":"Females 85 years and over Voluntary work not stated.","stype":"ratio","isDimension":false},{"name":"f_85ov_volunteer","type":"java.lang.Integer","title":"Females 85 years and over Volunteer","description":"Females 85 years and over Volunteer.","stype":"ratio","isDimension":false},{"name":"f_tot_not_a_volunteer","type":"java.lang.Integer","title":"Females Total Not a volunteer","description":"Females Total Not a volunteer.","stype":"ratio","isDimension":false},{"name":"f_tot_tot","type":"java.lang.Integer","title":"Females Total Total","description":"Females Total Total.","stype":"ratio","isDimension":false},{"name":"f_tot_voluntary_work_ns","type":"java.lang.Integer","title":"Females Total Voluntary work not stated","description":"Females Total Voluntary work not stated.","stype":"ratio","isDimension":false},{"name":"f_tot_volunteer","type":"java.lang.Integer","title":"Females Total Volunteer","description":"Females Total Volunteer.","stype":"ratio","isDimension":false},{"name":"lga_name_2016","type":"java.lang.String","title":"LGA Name 2016","description":"LGA Name 2016.","stype":"nominal","isDimension":false},{"name":"m_15_19_yr_not_a_volunteer","type":"java.lang.Integer","title":"Males 15-19 years Not a volunteer","description":"Males 15-19 years Not a volunteer.","stype":"ratio","isDimension":false},{"name":"m_15_19_yr_tot","type":"java.lang.Integer","title":"Males 15-19 years Total","description":"Males 15-19 years Total.","stype":"ratio","isDimension":false},{"name":"m_15_19_yr_voluntary_work_ns","type":"java.lang.Integer","title":"Males 15-19 years Voluntary work not stated","description":"Males 15-19 years Voluntary work not stated.","stype":"ratio","isDimension":false},{"name":"m_15_19_yr_volunteer","type":"java.lang.Integer","title":"Males 15-19 years Volunteer","description":"Males 15-19 years Volunteer.","stype":"ratio","isDimension":false},{"name":"m_20_24_yr_not_a_volunteer","type":"java.lang.Integer","title":"Males 20-24 years Not a volunteer","description":"Males 20-24 years Not a volunteer.","stype":"ratio","isDimension":false},{"name":"m_20_24_yr_tot","type":"java.lang.Integer","title":"Males 20-24 years Total","description":"Males 20-24 years Total.","stype":"ratio","isDimension":false},{"name":"m_20_24_yr_voluntary_work_ns","type":"java.lang.Integer","title":"Males 20-24 years Voluntary work not stated","description":"Males 20-24 years Voluntary work not stated.","stype":"ratio","isDimension":false},{"name":"m_20_24_yr_volunteer","type":"java.lang.Integer","title":"Males 20-24 years Volunteer","description":"Males 20-24 years Volunteer.","stype":"ratio","isDimension":false},{"name":"m_25_34_yr_not_a_volunteer","type":"java.lang.Integer","title":"Males 25-34 years Not a volunteer","description":"Males 25-34 years Not a volunteer.","stype":"ratio","isDimension":false},{"name":"m_25_34_yr_tot","type":"java.lang.Integer","title":"Males 25-34 years Total","description":"Males 25-34 years Total.","stype":"ratio","isDimension":false},{"name":"m_25_34_yr_voluntary_work_ns","type":"java.lang.Integer","title":"Males 25-34 years Voluntary work not stated","description":"Males 25-34 years Voluntary work not stated.","stype":"ratio","isDimension":false},{"name":"m_25_34_yr_volunteer","type":"java.lang.Integer","title":"Males 25-34 years Volunteer","description":"Males 25-34 years Volunteer.","stype":"ratio","isDimension":false},{"name":"m_35_44_yr_not_a_volunteer","type":"java.lang.Integer","title":"Males 35-44 years Not a volunteer","description":"Males 35-44 years Not a volunteer.","stype":"ratio","isDimension":false},{"name":"m_35_44_yr_tot","type":"java.lang.Integer","title":"Males 35-44 years Total","description":"Males 35-44 years Total.","stype":"ratio","isDimension":false},{"name":"m_35_44_yr_voluntary_work_ns","type":"java.lang.Integer","title":"Males 35-44 years Voluntary work not stated","description":"Males 35-44 years Voluntary work not stated.","stype":"ratio","isDimension":false},{"name":"m_35_44_yr_volunteer","type":"java.lang.Integer","title":"Males 35-44 years Volunteer","description":"Males 35-44 years Volunteer.","stype":"ratio","isDimension":false},{"name":"m_45_54_yr_not_a_volunteer","type":"java.lang.Integer","title":"Males 45-54 years Not a volunteer","description":"Males 45-54 years Not a volunteer.","stype":"ratio","isDimension":false},{"name":"m_45_54_yr_tot","type":"java.lang.Integer","title":"Males 45-54 years Total","description":"Males 45-54 years Total.","stype":"ratio","isDimension":false},{"name":"m_45_54_yr_voluntary_work_ns","type":"java.lang.Integer","title":"Males 45-54 years Voluntary work not stated","description":"Males 45-54 years Voluntary work not stated.","stype":"ratio","isDimension":false},{"name":"m_45_54_yr_volunteer","type":"java.lang.Integer","title":"Males 45-54 years Volunteer","description":"Males 45-54 years Volunteer.","stype":"ratio","isDimension":false},{"name":"m_55_64_yr_not_a_volunteer","type":"java.lang.Integer","title":"Males 55-64 years Not a volunteer","description":"Males 55-64 years Not a volunteer.","stype":"ratio","isDimension":false},{"name":"m_55_64_yr_tot","type":"java.lang.Integer","title":"Males 55-64 years Total","description":"Males 55-64 years Total.","stype":"ratio","isDimension":false},{"name":"m_55_64_yr_voluntary_work_ns","type":"java.lang.Integer","title":"Males 55-64 years Voluntary work not stated","description":"Males 55-64 years Voluntary work not stated.","stype":"ratio","isDimension":false},{"name":"m_55_64_yr_volunteer","type":"java.lang.Integer","title":"Males 55-64 years Volunteer","description":"Males 55-64 years Volunteer.","stype":"ratio","isDimension":false},{"name":"m_65_74_yr_not_a_volunteer","type":"java.lang.Integer","title":"Males 65-74 years Not a volunteer","description":"Males 65-74 years Not a volunteer.","stype":"ratio","isDimension":false},{"name":"m_65_74_yr_tot","type":"java.lang.Integer","title":"Males 65-74 years Total","description":"Males 65-74 years Total.","stype":"ratio","isDimension":false},{"name":"m_65_74_yr_voluntary_work_ns","type":"java.lang.Integer","title":"Males 65-74 years Voluntary work not stated","description":"Males 65-74 years Voluntary work not stated.","stype":"ratio","isDimension":false},{"name":"m_65_74_yr_volunteer","type":"java.lang.Integer","title":"Males 65-74 years Volunteer","description":"Males 65-74 years Volunteer.","stype":"ratio","isDimension":false},{"name":"m_75_84_yr_not_a_volunteer","type":"java.lang.Integer","title":"Males 75-84 years Not a volunteer","description":"Males 75-84 years Not a volunteer.","stype":"ratio","isDimension":false},{"name":"m_75_84_yr_tot","type":"java.lang.Integer","title":"Males 75-84 years Total","description":"Males 75-84 years Total.","stype":"ratio","isDimension":false},{"name":"m_75_84_yr_voluntary_work_ns","type":"java.lang.Integer","title":"Males 75-84 years Voluntary work not stated","description":"Males 75-84 years Voluntary work not stated.","stype":"ratio","isDimension":false},{"name":"m_75_84_yr_volunteer","type":"java.lang.Integer","title":"Males 75-84 years Volunteer","description":"Males 75-84 years Volunteer.","stype":"ratio","isDimension":false},{"name":"m_85ov_not_a_volunteer","type":"java.lang.Integer","title":"Males 85 years and over Not a volunteer","description":"Males 85 years and over Not a volunteer.","stype":"ratio","isDimension":false},{"name":"m_85ov_tot","type":"java.lang.Integer","title":"Males 85 years and over Total","description":"Males 85 years and over Total.","stype":"ratio","isDimension":false},{"name":"m_85_ov_voluntary_work_ns","type":"java.lang.Integer","title":"Males 85 years and over Voluntary work not stated","description":"Males 85 years and over Voluntary work not stated.","stype":"ratio","isDimension":false},{"name":"m_85ov_volunteer","type":"java.lang.Integer","title":"Males 85 years and over Volunteer","description":"Males 85 years and over Volunteer.","stype":"ratio","isDimension":false},{"name":"m_tot_not_a_volunteer","type":"java.lang.Integer","title":"Males Total Not a volunteer","description":"Males Total Not a volunteer.","stype":"ratio","isDimension":false},{"name":"m_tot_tot","type":"java.lang.Integer","title":"Males Total Total","description":"Males Total Total.","stype":"ratio","isDimension":false},{"name":"m_tot_voluntary_work_ns","type":"java.lang.Integer","title":"Males Total Voluntary work not stated","description":"Males Total Voluntary work not stated.","stype":"ratio","isDimension":false},{"name":"m_tot_volunteer","type":"java.lang.Integer","title":"Males Total Volunteer","description":"Males Total Volunteer.","stype":"ratio","isDimension":false},{"name":"p_15_19_yr_not_a_volunteer","type":"java.lang.Integer","title":"Persons 15-19 years Not a volunteer","description":"Persons 15-19 years Not a volunteer.","stype":"ratio","isDimension":false},{"name":"p_15_19_yr_tot","type":"java.lang.Integer","title":"Persons 15-19 years Total","description":"Persons 15-19 years Total.","stype":"ratio","isDimension":false},{"name":"p_15_19_yr_voluntary_work_ns","type":"java.lang.Integer","title":"Persons 15-19 years Voluntary work not stated","description":"Persons 15-19 years Voluntary work not stated.","stype":"ratio","isDimension":false},{"name":"p_15_19_yr_volunteer","type":"java.lang.Integer","title":"Persons 15-19 years Volunteer","description":"Persons 15-19 years Volunteer.","stype":"ratio","isDimension":false},{"name":"p_20_24_yr_not_a_volunteer","type":"java.lang.Integer","title":"Persons 20-24 years Not a volunteer","description":"Persons 20-24 years Not a volunteer.","stype":"ratio","isDimension":false},{"name":"p_20_24_yr_tot","type":"java.lang.Integer","title":"Persons 20-24 years Total","description":"Persons 20-24 years Total.","stype":"ratio","isDimension":false},{"name":"p_20_24_yr_voluntary_work_ns","type":"java.lang.Integer","title":"Persons 20-24 years Voluntary work not stated","description":"Persons 20-24 years Voluntary work not stated.","stype":"ratio","isDimension":false},{"name":"p_20_24_yr_volunteer","type":"java.lang.Integer","title":"Persons 20-24 years Volunteer","description":"Persons 20-24 years Volunteer.","stype":"ratio","isDimension":false},{"name":"p_25_34_yr_not_a_volunteer","type":"java.lang.Integer","title":"Persons 25-34 years Not a volunteer","description":"Persons 25-34 years Not a volunteer.","stype":"ratio","isDimension":false},{"name":"p_25_34_yr_tot","type":"java.lang.Integer","title":"Persons 25-34 years Total","description":"Persons 25-34 years Total.","stype":"ratio","isDimension":false},{"name":"p_25_34_yr_voluntary_work_ns","type":"java.lang.Integer","title":"Persons 25-34 years Voluntary work not stated","description":"Persons 25-34 years Voluntary work not stated.","stype":"ratio","isDimension":false},{"name":"p_25_34_yr_volunteer","type":"java.lang.Integer","title":"Persons 25-34 years Volunteer","description":"Persons 25-34 years Volunteer.","stype":"ratio","isDimension":false},{"name":"p_35_44_yr_not_a_volunteer","type":"java.lang.Integer","title":"Persons 35-44 years Not a volunteer","description":"Persons 35-44 years Not a volunteer.","stype":"ratio","isDimension":false},{"name":"p_35_44_yr_tot","type":"java.lang.Integer","title":"Persons 35-44 years Total","description":"Persons 35-44 years Total.","stype":"ratio","isDimension":false},{"name":"p_35_44_yr_voluntary_work_ns","type":"java.lang.Integer","title":"Persons 35-44 years Voluntary work not stated","description":"Persons 35-44 years Voluntary work not stated.","stype":"ratio","isDimension":false},{"name":"p_35_44_yr_volunteer","type":"java.lang.Integer","title":"Persons 35-44 years Volunteer","description":"Persons 35-44 years Volunteer.","stype":"ratio","isDimension":false},{"name":"p_45_54_yr_not_a_volunteer","type":"java.lang.Integer","title":"Persons 45-54 years Not a volunteer","description":"Persons 45-54 years Not a volunteer.","stype":"ratio","isDimension":false},{"name":"p_45_54_yr_tot","type":"java.lang.Integer","title":"Persons 45-54 years Total","description":"Persons 45-54 years Total.","stype":"ratio","isDimension":false},{"name":"p_45_54_yr_voluntary_work_ns","type":"java.lang.Integer","title":"Persons 45-54 years Voluntary work not stated","description":"Persons 45-54 years Voluntary work not stated.","stype":"ratio","isDimension":false},{"name":"p_45_54_yr_volunteer","type":"java.lang.Integer","title":"Persons 45-54 years Volunteer","description":"Persons 45-54 years Volunteer.","stype":"ratio","isDimension":false},{"name":"p_55_64_yr_not_a_volunteer","type":"java.lang.Integer","title":"Persons 55-64 years Not a volunteer","description":"Persons 55-64 years Not a volunteer.","stype":"ratio","isDimension":false},{"name":"p_55_64_yr_tot","type":"java.lang.Integer","title":"Persons 55-64 years Total","description":"Persons 55-64 years Total.","stype":"ratio","isDimension":false},{"name":"p_55_64_yr_voluntary_work_ns","type":"java.lang.Integer","title":"Persons 55-64 years Voluntary work not stated","description":"Persons 55-64 years Voluntary work not stated.","stype":"ratio","isDimension":false},{"name":"p_55_64_yr_volunteer","type":"java.lang.Integer","title":"Persons 55-64 years Volunteer","description":"Persons 55-64 years Volunteer.","stype":"ratio","isDimension":false},{"name":"p_65_74_yr_not_a_volunteer","type":"java.lang.Integer","title":"Persons 65-74 years Not a volunteer","description":"Persons 65-74 years Not a volunteer.","stype":"ratio","isDimension":false},{"name":"p_65_74_yr_tot","type":"java.lang.Integer","title":"Persons 65-74 years Total","description":"Persons 65-74 years Total.","stype":"ratio","isDimension":false},{"name":"p_65_74_yr_voluntary_work_ns","type":"java.lang.Integer","title":"Persons 65-74 years Voluntary work not stated","description":"Persons 65-74 years Voluntary work not stated.","stype":"ratio","isDimension":false},{"name":"p_65_74_yr_volunteer","type":"java.lang.Integer","title":"Persons 65-74 years Volunteer","description":"Persons 65-74 years Volunteer.","stype":"ratio","isDimension":false},{"name":"p_75_84_yr_not_a_volunteer","type":"java.lang.Integer","title":"Persons 75-84 years Not a volunteer","description":"Persons 75-84 years Not a volunteer.","stype":"ratio","isDimension":false},{"name":"p_75_84_yr_tot","type":"java.lang.Integer","title":"Persons 75-84 years Total","description":"Persons 75-84 years Total.","stype":"ratio","isDimension":false},{"name":"p_75_84_yr_voluntary_work_ns","type":"java.lang.Integer","title":"Persons 75-84 years Voluntary work not stated","description":"Persons 75-84 years Voluntary work not stated.","stype":"ratio","isDimension":false},{"name":"p_75_84_yr_volunteer","type":"java.lang.Integer","title":"Persons 75-84 years Volunteer","description":"Persons 75-84 years Volunteer.","stype":"ratio","isDimension":false},{"name":"p_85ov_not_a_volunteer","type":"java.lang.Integer","title":"Persons 85 years and over Not a volunteer","description":"Persons 85 years and over Not a volunteer.","stype":"ratio","isDimension":false},{"name":"p_85ov_tot","type":"java.lang.Integer","title":"Persons 85 years and over Total","description":"Persons 85 years and over Total.","stype":"ratio","isDimension":false},{"name":"p_85_ov_voluntary_work_ns","type":"java.lang.Integer","title":"Persons 85 years and over Voluntary work not stated","description":"Persons 85 years and over Voluntary work not stated.","stype":"ratio","isDimension":false},{"name":"p_85ov_volunteer","type":"java.lang.Integer","title":"Persons 85 years and over Volunteer","description":"Persons 85 years and over Volunteer.","stype":"ratio","isDimension":false},{"name":"p_tot_not_a_volunteer","type":"java.lang.Integer","title":"Persons Total Not a volunteer","description":"Persons Total Not a volunteer.","stype":"ratio","isDimension":false},{"name":"p_tot_tot","type":"java.lang.Integer","title":"Persons Total Total","description":"Persons Total Total.","stype":"ratio","isDimension":false},{"name":"p_tot_voluntary_work_ns","type":"java.lang.Integer","title":"Persons Total Voluntary work not stated","description":"Persons Total Voluntary work not stated.","stype":"ratio","isDimension":false},{"name":"p_tot_volunteer","type":"java.lang.Integer","title":"Persons Total Volunteer","description":"Persons Total Volunteer.","stype":"ratio","isDimension":false}],"filter":{"filterType":"tabular","feature":{"key":"lga_code_2016","geoLevel":"lga2016","geoField":"ignored","year":"2006","featureBbox":[96.81676569599999,-43.740509603,159.109219008,-9.142175977],"featureType":"country","featureInstance":"au","featureName":"Australia","referenceSystemIdentifier":"urn:x-ogc:def:crs:EPSG:4283","prefix":"","keyTransform":null},"states":[]}}