{"organisation":"VIC_Govt_VicHealth","name":"vichealth:alcohol_dollar_spend_at_licensed_premises_last_7_days","title":"LGA 7 day $ spend at a licensed premises (of those purchasing)","legal":{"copyrightYear":"2011 - 2014","attributionYear":"2014","attribution":"{datasource.organisationTitle}, ({dataset.attributionYear}): {dataset.title}; accessed from AURIN Portal on {dateOfAccess}.","clickthrough":false,"licenceType":"Data Licence (AURIN)","copyrightNotice":"&copy; Victorian Health Promotion Foundation {dataset.copyrightYear}"},"referenceSystemIdentifier":"urn:x-ogc:def:crs:EPSG:4283","geoLevel":"lga","key":"lga_code06","keyRegex":null,"availability":"true","geomField":"the_geom","keyword":"alcohol","theme":null,"temporalExtent":null,"type":"dataset","_id":"dataset-VIC_Govt_VicHealth-vichealth:alcohol_dollar_spend_at_licensed_premises_last_7_days-lga","bbox":null,"abstract":"This data reports the average amount of money spent ($) on alcohol at a licenced premises for any person who has purchased alcohol from this source in the last 7 days. Respondents who reported $0, or who didn't know or refused to answer the question have been excluded from analysis. Survey question:In the last 7 days, how much money did you spend on alcoholic drinks which you purchased and drank in a restaurant, pub or club? Response given (specify whole dollar amount) (ALLOWABLE RANGE: 0-1000). Source of question: VicHealth Indicators Survey, 2011","selectedAttributes":[{"name":"lga_code06","type":"java.lang.Integer","title":"LGA Code (ABS 2006)","description":"LGA Code (ABS 2006)","stype":"nominal","isDimension":false},{"name":"lga_name06","type":"java.lang.String","title":"LGA Name (ABS 2006)","description":"LGA Name (ABS 2006)","stype":"nominal","isDimension":false},{"name":"numeric","type":"java.lang.Float","title":"LGA estimate","description":"LGA estimate","stype":"ratio","isDimension":false},{"name":"ci_low","type":"java.lang.Float","title":"LGA estimate lower confidence interval","description":"LGA estimate lower confidence interval","stype":"ratio","isDimension":false},{"name":"ci_high","type":"java.lang.Float","title":"LGA estimate upper confidence interval","description":"LGA estimate upper confidence interval","stype":"ratio","isDimension":false},{"name":"significance","type":"java.lang.String","title":"significantly different to the Victorian average","description":"significantly different to the Victorian average","stype":"nominal","isDimension":false},{"name":"vic_ave","type":"java.lang.Float","title":"Victorian average","description":"Victorian average","stype":"ratio","isDimension":false}],"filter":{"filterType":"tabular","feature":{"key":"lga_code06","geoLevel":"lga","geoField":"ignored","year":"2006","featureBbox":[96.81676569599999,-43.740509603,159.109219008,-9.142175977],"featureType":"country","featureInstance":"au","featureName":"Australia","referenceSystemIdentifier":"urn:x-ogc:def:crs:EPSG:4283","prefix":"","keyTransform":null},"states":[]}}