{"organisation":"TUA_PHIDU","name":"sla11_prematuremortality","title":"SLA11 Premature Mortality","legal":{"copyrightYear":"2014","attributionYear":"2014","attribution":"{datasource.organisationTitle}, ({dataset.attributionYear}): {dataset.title}; accessed from AURIN Portal on {dateOfAccess}.","clickthrough":false,"licenceType":"Creative Commons Attribution-NonCommercial-ShareAlike 3.0 Australia (CC BY-NC-SA 3.0 AU)","copyrightNotice":"&copy; {datasource.organisationTitle} {dataset.copyrightYear}"},"referenceSystemIdentifier":"EPSG:4283","geoLevel":"sla2011","key":"area_code","keyRegex":null,"availability":"true","geomField":"wkb_geometry","keyword":"deaths, mortality, premature mortality, breast cancer, cancer, cerebrovascular, circulatory system, colorectal cancer, copd, chronic obstructive pulmonary disease, diabetes, external causes, ischaemic heart disease, lung cancer, respiratory system disease, road traffic injuries, gender, suicide, health, population, demographic","theme":null,"temporalExtent":{"beginDate":"2008-01-01T00:00:00","endDate":"2012-12-31T00:00:00","selectTime":false},"type":"dataset","_id":"dataset-TUA_PHIDU-sla11_prematuremortality-sla2011","bbox":null,"abstract":"Premature mortality by selected causes and sex by SLA 2011, from 2008 to 2012.","selectedAttributes":[{"name":"area_code","type":"java.lang.Integer","title":"Statistical Local Area Code","description":"Statistical Local Area code (2011)","stype":"nominal","isDimension":false},{"name":"area_name","type":"java.lang.String","title":"Statistical Local Area Name","description":"Statistical Local Area name (2011)","stype":"nominal","isDimension":false},{"name":"dths_cerb_0_74_3_lci_1_08_12_12","type":"java.lang.Double","title":"Deaths from Cerebrovascular Diseases - 0 to 74 Years - Rate per 100000 - Lower 95 Percent C.I.","description":"Deaths from cerebrovascular diseases, 0 to 74 years - average annual rate per 100000 - lower 95% Confidence Interval. Source: Data produced by PHIDU from deaths data supplied by ABS on behalf of State and Territory Registrars of deaths for 2008 to 2012 and ABS Estimated Resident Population, 30 June 2008 to 2012","stype":"ratio","isDimension":false},{"name":"dths_cerb_0_74_4_uci_1_08_12_12","type":"java.lang.Double","title":"Deaths from Cerebrovascular Diseases - 0 to 74 Years - Rate per 100000 - Upper 95 Percent C.I.","description":"Deaths from cerebrovascular diseases, 0 to 74 years - average annual rate per 100000 - upper 95% Confidence Interval. Source: Data produced by PHIDU from deaths data supplied by ABS on behalf of State and Territory Registrars of deaths for 2008 to 2012 and ABS Estimated Resident Population, 30 June 2008 to 2012","stype":"ratio","isDimension":false},{"name":"dth_cop_0_74_3_lci_1_08_12_12","type":"java.lang.Double","title":"Deaths from Chronic Obstructive Pulmonary Disease - 0 to 74 Years - Rate per 100000 - Lower 95 Percent C.I.","description":"Deaths from chronic obstructive pulmonary disease, 0 to 74 years - average annual rate per 100000 - lower 95% Confidence Interval. Source: Data produced by PHIDU from deaths data supplied by ABS on behalf of State and Territory Registrars of deaths for 2008 to 2012 and ABS Estimated Resident Population, 30 June 2008 to 2012","stype":"ratio","isDimension":false},{"name":"dths_cerb_0_74_5_sig_1_08_12_12","type":"java.lang.Double","title":"Deaths from Cerebrovascular Diseases - 0 to 74 Years - Statistical Significance","description":"The statistical significance category for the rate of Deaths from cerebrovascular diseases, 0 to 74 years - Sig. 1 = statistically significantly different from the Australian rate at the 95% confidence level, 2 = statistically significantly different from the Australian rate at the 99% confidence level, 3 = not statistically significant from the Australian rate.","stype":"nominal","isDimension":false},{"name":"dths_cir_0_74_1_no_1_08_12_12","type":"java.lang.Double","title":"Deaths from Circulatory System Diseases - 0 to 74 Years - Count","description":"Deaths from circulatory system diseases, 0 to 74 years - Count. Source: Data produced by PHIDU from deaths data supplied by ABS on behalf of State and Territory Registrars of deaths for 2008 to 2012 and ABS Estimated Resident Population, 30 June 2008 to 2012","stype":"ratio","isDimension":false},{"name":"dths_cir_0_74_2_rate_1_08_12_12","type":"java.lang.Double","title":"Deaths from Circulatory System Diseases - 0 to 74 Years - Rate per 100000","description":"Deaths from circulatory system diseases, 0 to 74 years - average annual rate per 100000. Source: Data produced by PHIDU from deaths data supplied by ABS on behalf of State and Territory Registrars of deaths for 2008 to 2012 and ABS Estimated Resident Population, 30 June 2008 to 2012","stype":"ratio","isDimension":false},{"name":"dth_bst_0_74_1_no_1_08_12_12","type":"java.lang.Double","title":"Deaths from Breast Cancer - 0 to 74 Years - Count","description":"Deaths from breast cancer, 0 to 74 years - Count. Source: Data produced by PHIDU from deaths data supplied by ABS on behalf of State and Territory Registrars of deaths for 2008 to 2012 and ABS Estimated Resident Population, 30 June 2008 to 2012","stype":"ratio","isDimension":false},{"name":"dths_cir_0_74_3_lci_1_08_12_12","type":"java.lang.Double","title":"Deaths from Circulatory System Diseases - 0 to 74 Years - Rate per 100000 - Lower 95 Percent C.I.","description":"Deaths from circulatory system diseases, 0 to 74 years - average annual rate per 100000 - lower 95% Confidence Interval. Source: Data produced by PHIDU from deaths data supplied by ABS on behalf of State and Territory Registrars of deaths for 2008 to 2012 and ABS Estimated Resident Population, 30 June 2008 to 2012","stype":"ratio","isDimension":false},{"name":"dths_cir_0_74_4_uci_1_08_12_12","type":"java.lang.Double","title":"Deaths from Circulatory System Diseases - 0 to 74 Years - Rate per 100000 - Upper 95 Percent C.I.","description":"Deaths from circulatory system diseases, 0 to 74 years - average annual rate per 100000 - upper 95% Confidence Interval. Source: Data produced by PHIDU from deaths data supplied by ABS on behalf of State and Territory Registrars of deaths for 2008 to 2012 and ABS Estimated Resident Population, 30 June 2008 to 2012","stype":"ratio","isDimension":false},{"name":"dths_cir_0_74_5_sig_1_08_12_12","type":"java.lang.Double","title":"Deaths from Circulatory System Diseases - 0 to 74 Years - Statistical Significance","description":"The statistical significance category for the rate of Deaths from circulatory system diseases, 0 to 74 years - Sig. 1 = statistically significantly different from the Australian rate at the 95% confidence level, 2 = statistically significantly different from the Australian rate at the 99% confidence level, 3 = not statistically significant from the Australian rate.","stype":"nominal","isDimension":false},{"name":"dths_canc_0_74_1_no_1_08_12_12","type":"java.lang.Double","title":"Deaths from Cancer - 0 to 74 Years - Count","description":"Deaths from cancer, 0 to 74 years - Count. Source: Data produced by PHIDU from deaths data supplied by ABS on behalf of State and Territory Registrars of deaths for 2008 to 2012 and ABS Estimated Resident Population, 30 June 2008 to 2012","stype":"ratio","isDimension":false},{"name":"dths_colo_0_74_1_no_1_08_12_12","type":"java.lang.Double","title":"Deaths from Colorectal Cancer - 0 to 74 Years - Count","description":"Deaths from colorectal cancer, 0 to 74 years - Count. Source: Data produced by PHIDU from deaths data supplied by ABS on behalf of State and Territory Registrars of deaths for 2008 to 2012 and ABS Estimated Resident Population, 30 June 2008 to 2012","stype":"ratio","isDimension":false},{"name":"dths_colo_0_74_2_rate_1_08_12_12","type":"java.lang.Double","title":"Deaths from Colorectal Cancer - 0 to 74 Years - Rate per 100000","description":"Deaths from colorectal cancer, 0 to 74 years - average annual rate per 100000. Source: Data produced by PHIDU from deaths data supplied by ABS on behalf of State and Territory Registrars of deaths for 2008 to 2012 and ABS Estimated Resident Population, 30 June 2008 to 2012","stype":"ratio","isDimension":false},{"name":"dths_colo_0_74_3_lci_1_08_12_12","type":"java.lang.Double","title":"Deaths from Colorectal Cancer - 0 to 74 Years - Rate per 100000 - Lower 95 Percent C.I.","description":"Deaths from colorectal cancer, 0 to 74 years - average annual rate per 100000 - lower 95% Confidence Interval. Source: Data produced by PHIDU from deaths data supplied by ABS on behalf of State and Territory Registrars of deaths for 2008 to 2012 and ABS Estimated Resident Population, 30 June 2008 to 2012","stype":"ratio","isDimension":false},{"name":"dth_cop_0_74_4_uci_1_08_12_12","type":"java.lang.Double","title":"Deaths from Chronic Obstructive Pulmonary Disease - 0 to 74 Years - Rate per 100000 - Upper 95 Percent C.I.","description":"Deaths from chronic obstructive pulmonary disease, 0 to 74 years - average annual rate per 100000 - upper 95% Confidence Interval. Source: Data produced by PHIDU from deaths data supplied by ABS on behalf of State and Territory Registrars of deaths for 2008 to 2012 and ABS Estimated Resident Population, 30 June 2008 to 2012","stype":"ratio","isDimension":false},{"name":"dths_colo_0_74_4_uci_1_08_12_12","type":"java.lang.Double","title":"Deaths from Colorectal Cancer - 0 to 74 Years - Rate per 100000 - Upper 95 Percent C.I.","description":"Deaths from colorectal cancer, 0 to 74 years - average annual rate per 100000 - upper 95% Confidence Interval. Source: Data produced by PHIDU from deaths data supplied by ABS on behalf of State and Territory Registrars of deaths for 2008 to 2012 and ABS Estimated Resident Population, 30 June 2008 to 2012","stype":"ratio","isDimension":false},{"name":"dths_colo_0_74_5_sig_1_08_12_12","type":"java.lang.Double","title":"Deaths from Colorectal Cancer - 0 to 74 Years - Statistical Significance","description":"The statistical significance category for the rate of Deaths from colorectal cancer, 0 to 74 years - Sig. 1 = statistically significantly different from the Australian rate at the 95% confidence level, 2 = statistically significantly different from the Australian rate at the 99% confidence level, 3 = not statistically significant from the Australian rate.","stype":"nominal","isDimension":false},{"name":"dths_extl_0_74_1_no_1_08_12_12","type":"java.lang.Double","title":"Deaths from External Causes - 0 to 74 Years - Count","description":"Deaths from external causes, 0 to 74 years - Count. Source: Data produced by PHIDU from deaths data supplied by ABS on behalf of State and Territory Registrars of deaths for 2008 to 2012 and ABS Estimated Resident Population, 30 June 2008 to 2012","stype":"ratio","isDimension":false},{"name":"dths_extl_0_74_2_rate_1_08_12_12","type":"java.lang.Double","title":"Deaths from External Causes - 0 to 74 Years - Rate per 100000","description":"Deaths from external causes, 0 to 74 years - average annual rate per 100000. Source: Data produced by PHIDU from deaths data supplied by ABS on behalf of State and Territory Registrars of deaths for 2008 to 2012 and ABS Estimated Resident Population, 30 June 2008 to 2012","stype":"ratio","isDimension":false},{"name":"dth_bst_0_74_2_rate_1_08_12_12","type":"java.lang.Double","title":"Deaths from Breast Cancer - 0 to 74 Years - Rate per 100000","description":"Deaths from breast cancer, 0 to 74 years - average annual rate per 100000. Source: Data produced by PHIDU from deaths data supplied by ABS on behalf of State and Territory Registrars of deaths for 2008 to 2012 and ABS Estimated Resident Population, 30 June 2008 to 2012","stype":"ratio","isDimension":false},{"name":"dths_extl_0_74_3_lci_1_08_12_12","type":"java.lang.Double","title":"Deaths from External Causes - 0 to 74 Years - Rate per 100000 - Lower 95 Percent C.I.","description":"Deaths from external causes, 0 to 74 years - average annual rate per 100000 - lower 95% Confidence Interval. Source: Data produced by PHIDU from deaths data supplied by ABS on behalf of State and Territory Registrars of deaths for 2008 to 2012 and ABS Estimated Resident Population, 30 June 2008 to 2012","stype":"ratio","isDimension":false},{"name":"dths_canc_0_74_2_rate_1_08_12_12","type":"java.lang.Double","title":"Deaths from Cancer - 0 to 74 Years - Rate per 100000","description":"Deaths from cancer, 0 to 74 years - average annual rate per 100000. Source: Data produced by PHIDU from deaths data supplied by ABS on behalf of State and Territory Registrars of deaths for 2008 to 2012 and ABS Estimated Resident Population, 30 June 2008 to 2012","stype":"ratio","isDimension":false},{"name":"dths_extl_0_74_4_uci_1_08_12_12","type":"java.lang.Double","title":"Deaths from External Causes - 0 to 74 Years - Rate per 100000 - Upper 95 Percent C.I.","description":"Deaths from external causes, 0 to 74 years - average annual rate per 100000 - upper 95% Confidence Interval. Source: Data produced by PHIDU from deaths data supplied by ABS on behalf of State and Territory Registrars of deaths for 2008 to 2012 and ABS Estimated Resident Population, 30 June 2008 to 2012","stype":"ratio","isDimension":false},{"name":"dths_extl_0_74_5_sig_1_08_12_12","type":"java.lang.Double","title":"Deaths from External Causes - 0 to 74 Years - Statistical Significance","description":"The statistical significance category for the rate of Deaths from external causes, 0 to 74 years - Sig. 1 = statistically significantly different from the Australian rate at the 95% confidence level, 2 = statistically significantly different from the Australian rate at the 99% confidence level, 3 = not statistically significant from the Australian rate.","stype":"nominal","isDimension":false},{"name":"dths_f_0_74_1_no_1_08_12_12","type":"java.lang.Double","title":"Deaths of Females - 0 to 74 Years - Count","description":"Deaths of females, 0 to 74 years. Source: Data produced by PHIDU from deaths data supplied by ABS on behalf of State and Territory Registrars of deaths for 2008 to 2012 and ABS Estimated Resident Population, 30 June 2008 to 2012","stype":"ratio","isDimension":false},{"name":"dths_f_0_74_2_rate_1_08_12_12","type":"java.lang.Double","title":"Deaths of Females - 0 to 74 Years - Rate per 100000","description":"Deaths of females, 0 to 74 years - average annual rate per 100000. Source: Data produced by PHIDU from deaths data supplied by ABS on behalf of State and Territory Registrars of deaths for 2008 to 2012 and ABS Estimated Resident Population, 30 June 2008 to 2012","stype":"ratio","isDimension":false},{"name":"dth_cop_0_74_5_sig_1_08_12_12","type":"java.lang.Double","title":"Deaths from Chronic Obstructive Pulmonary Disease - 0 to 74 Years - Statistical Significance","description":"The statistical significance category for the rate of Deaths from chronic obstructive pulmonary disease, 0 to 74 years - Sig. 1 = statistically significantly different from the Australian rate at the 95% confidence level, 2 = statistically significantly different from the Australian rate at the 99% confidence level, 3 = not statistically significant from the Australian rate.","stype":"nominal","isDimension":false},{"name":"dths_f_0_74_3_lci_1_08_12_12","type":"java.lang.Double","title":"Deaths of Females - 0 to 74 Years - Rate per 100000 - Lower 95 Percent C.I.","description":"Deaths of females, 0 to 74 years - average annual rate per 100000 - lower 95% confidence interval. Source: Data produced by PHIDU from deaths data supplied by ABS on behalf of State and Territory Registrars of deaths for 2008 to 2012 and ABS Estimated Resident Population, 30 June 2008 to 2012","stype":"ratio","isDimension":false},{"name":"dths_f_0_74_4_uci_1_08_12_12","type":"java.lang.Double","title":"Deaths of Females - 0 to 74 Years - Rate per 100000 - Upper 95 Percent C.I.","description":"Deaths of females, 0 to 74 years - average annual rate per 100000 - upper 95% confidence interval. Source: Data produced by PHIDU from deaths data supplied by ABS on behalf of State and Territory Registrars of deaths for 2008 to 2012 and ABS Estimated Resident Population, 30 June 2008 to 2012","stype":"ratio","isDimension":false},{"name":"dths_f_0_74_5_sig_1_08_12_12","type":"java.lang.Double","title":"Deaths of Females - 0 to 74 Years - Statistical Significance","description":"Deaths of females, 0 to 74 years - Sig. 1 = statistically significantly different from the Australian rate at the 95% confidence level, 2 = statistically significantly different from the Australian rate at the 99% confidence level, 3 = not statistically significant from the Australian rate.","stype":"nominal","isDimension":false},{"name":"dths_isch_0_74_1_no_1_08_12_12","type":"java.lang.Double","title":"Deaths from Ischaemic Heart Disease - 0 to 74 Years - Count","description":"Deaths from ischaemic heart disease, 0 to 74 years - Count. Source: Data produced by PHIDU from deaths data supplied by ABS on behalf of State and Territory Registrars of deaths for 2008 to 2012 and ABS Estimated Resident Population, 30 June 2008 to 2012","stype":"ratio","isDimension":false},{"name":"dths_isch_0_74_2_rate_1_08_12_12","type":"java.lang.Double","title":"Deaths from Ischaemic Heart Disease - 0 to 74 Years - Rate per 100000","description":"Deaths from ischaemic heart disease, 0 to 74 years - average annual rate per 100000. Source: Data produced by PHIDU from deaths data supplied by ABS on behalf of State and Territory Registrars of deaths for 2008 to 2012 and ABS Estimated Resident Population, 30 June 2008 to 2012","stype":"ratio","isDimension":false},{"name":"dth_bst_0_74_3_lci_1_08_12_12","type":"java.lang.Double","title":"Deaths from Breast Cancer - 0 to 74 Years - Rate per 100000 - Lower 95 Percent C.I.","description":"Deaths from breast cancer, 0 to 74 years - average annual rate per 100000 - lower 95% Confidence Interval. Source: Data produced by PHIDU from deaths data supplied by ABS on behalf of State and Territory Registrars of deaths for 2008 to 2012 and ABS Estimated Resident Population, 30 June 2008 to 2012","stype":"ratio","isDimension":false},{"name":"dths_isch_0_74_3_lci_1_08_12_12","type":"java.lang.Double","title":"Deaths from Ischaemic Heart Disease - 0 to 74 Years - Rate per 100000 - Lower 95 Percent C.I.","description":"Deaths from ischaemic heart disease, 0 to 74 years - average annual rate per 100000 - lower 95% Confidence Interval. Source: Data produced by PHIDU from deaths data supplied by ABS on behalf of State and Territory Registrars of deaths for 2008 to 2012 and ABS Estimated Resident Population, 30 June 2008 to 2012","stype":"ratio","isDimension":false},{"name":"dths_isch_0_74_4_uci_1_08_12_12","type":"java.lang.Double","title":"Deaths from Ischaemic Heart Disease - 0 to 74 Years - Rate per 100000 - Upper 95 Percent C.I.","description":"Deaths from ischaemic heart disease, 0 to 74 years - average annual rate per 100000 - upper 95% Confidence Interval. Source: Data produced by PHIDU from deaths data supplied by ABS on behalf of State and Territory Registrars of deaths for 2008 to 2012 and ABS Estimated Resident Population, 30 June 2008 to 2012","stype":"ratio","isDimension":false},{"name":"dths_isch_0_74_5_sig_1_08_12_12","type":"java.lang.Double","title":"Deaths from Ischaemic Heart Disease - 0 to 74 Years - Statistical Significance","description":"The statistical significance category for the rate of Deaths from ischaemic heart disease, 0 to 74 years - Sig. 1 = statistically significantly different from the Australian rate at the 95% confidence level, 2 = statistically significantly different from the Australian rate at the 99% confidence level, 3 = not statistically significant from the Australian rate.","stype":"nominal","isDimension":false},{"name":"dths_lung_0_74_1_no_1_08_12_12","type":"java.lang.Double","title":"Deaths from Lung Cancer - 0 to 74 Years - Count","description":"Deaths from lung cancer, 0 to 74 years - Count. Source: Data produced by PHIDU from deaths data supplied by ABS on behalf of State and Territory Registrars of deaths for 2008 to 2012 and ABS Estimated Resident Population, 30 June 2008 to 2012","stype":"ratio","isDimension":false},{"name":"dth_dia_0_74_1_no_1_08_12_12","type":"java.lang.Double","title":"Deaths from Diabetes - 0 to 74 Years - Count","description":"Deaths from diabetes, 0 to 74 years - Count. Source: Data produced by PHIDU from deaths data supplied by ABS on behalf of State and Territory Registrars of deaths for 2008 to 2012 and ABS Estimated Resident Population, 30 June 2008 to 2012","stype":"ratio","isDimension":false},{"name":"dths_lung_0_74_2_rate_1_08_12_12","type":"java.lang.Double","title":"Deaths from Lung Cancer - 0 to 74 Years - Rate per 100000","description":"Deaths from lung cancer, 0 to 74 years - average annual rate per 100000. Source: Data produced by PHIDU from deaths data supplied by ABS on behalf of State and Territory Registrars of deaths for 2008 to 2012 and ABS Estimated Resident Population, 30 June 2008 to 2012","stype":"ratio","isDimension":false},{"name":"dths_lung_0_74_3_lci_1_08_12_12","type":"java.lang.Double","title":"Deaths from Lung Cancer - 0 to 74 Years - Rate per 100000 - Lower 95 Percent C.I.","description":"Deaths from lung cancer, 0 to 74 years - average annual rate per 100000 - lower 95% Confidence Interval. Source: Data produced by PHIDU from deaths data supplied by ABS on behalf of State and Territory Registrars of deaths for 2008 to 2012 and ABS Estimated Resident Population, 30 June 2008 to 2012","stype":"ratio","isDimension":false},{"name":"dths_lung_0_74_4_uci_1_08_12_12","type":"java.lang.Double","title":"Deaths from Lung Cancer - 0 to 74 Years - Rate per 100000 - Upper 95 Percent C.I.","description":"Deaths from lung cancer, 0 to 74 years - average annual rate per 100000 - upper 95% Confidence Interval. Source: Data produced by PHIDU from deaths data supplied by ABS on behalf of State and Territory Registrars of deaths for 2008 to 2012 and ABS Estimated Resident Population, 30 June 2008 to 2012","stype":"ratio","isDimension":false},{"name":"dths_lung_0_74_5_sig_1_08_12_12","type":"java.lang.Double","title":"Deaths from Lung Cancer - 0 to 74 Years - Statistical Significance","description":"The statistical significance category for the rate of Deaths from lung cancer, 0 to 74 years - Sig. 1 = statistically significantly different from the Australian rate at the 95% confidence level, 2 = statistically significantly different from the Australian rate at the 99% confidence level, 3 = not statistically significant from the Australian rate.","stype":"nominal","isDimension":false},{"name":"dths_canc_0_74_3_lci_1_08_12_12","type":"java.lang.Double","title":"Deaths from Cancer - 0 to 74 Years - Rate per 100000 - Lower 95 Percent C.I.","description":"Deaths from cancer, 0 to 74 years - average annual rate per 100000 - lower 95% Confidence Interval. Source: Data produced by PHIDU from deaths data supplied by ABS on behalf of State and Territory Registrars of deaths for 2008 to 2012 and ABS Estimated Resident Population, 30 June 2008 to 2012","stype":"ratio","isDimension":false},{"name":"dths_m_0_74_1_no_1_08_12_12","type":"java.lang.Double","title":"Deaths of Males - 0 to 74 Years - Count","description":"Deaths of males, 0 to 74 years. Source: Data produced by PHIDU from deaths data supplied by ABS on behalf of State and Territory Registrars of deaths for 2008 to 2012 and ABS Estimated Resident Population, 30 June 2008 to 2012","stype":"ratio","isDimension":false},{"name":"dths_m_0_74_2_rate_1_08_12_12","type":"java.lang.Double","title":"Deaths of Males - 0 to 74 Years - Rate per 100000","description":"Deaths of males, 0 to 74 years - average annual rate per 100000. Source: Data produced by PHIDU from deaths data supplied by ABS on behalf of State and Territory Registrars of deaths for 2008 to 2012 and ABS Estimated Resident Population, 30 June 2008 to 2012","stype":"ratio","isDimension":false},{"name":"dth_bst_0_74_4_uci_1_08_12_12","type":"java.lang.Double","title":"Deaths from Breast Cancer - 0 to 74 Years - Rate per 100000 - Upper 95 Percent C.I.","description":"Deaths from breast cancer, 0 to 74 years - average annual rate per 100000 - upper 95% Confidence Interval. Source: Data produced by PHIDU from deaths data supplied by ABS on behalf of State and Territory Registrars of deaths for 2008 to 2012 and ABS Estimated Resident Population, 30 June 2008 to 2012","stype":"ratio","isDimension":false},{"name":"dths_m_0_74_3_lci_1_08_12_12","type":"java.lang.Double","title":"Deaths of Males - 0 to 74 Years - Rate per 100000 - Lower 95 Percent C.I.","description":"Deaths of males, 0 to 74 years - average annual rate per 100000 - lower 95% confidence interval. Source: Data produced by PHIDU from deaths data supplied by ABS on behalf of State and Territory Registrars of deaths for 2008 to 2012 and ABS Estimated Resident Population, 30 June 2008 to 2012","stype":"ratio","isDimension":false},{"name":"dths_m_0_74_4_uci_1_08_12_12","type":"java.lang.Double","title":"Deaths of Males - 0 to 74 Years - Rate per 100000 - Upper 95 Percent C.I.","description":"Deaths of males, 0 to 74 years - average annual rate per 100000 - upper 95% confidence interval. Source: Data produced by PHIDU from deaths data supplied by ABS on behalf of State and Territory Registrars of deaths for 2008 to 2012 and ABS Estimated Resident Population, 30 June 2008 to 2012","stype":"ratio","isDimension":false},{"name":"dths_m_0_74_5_sig_1_08_12_12","type":"java.lang.Double","title":"Deaths of Males - 0 to 74 Years - Statistical Significance","description":"Deaths of males, 0 to 74 years - Sig. 1 = statistically significantly different from the Australian rate at the 95% confidence level, 2 = statistically significantly different from the Australian rate at the 99% confidence level, 3 = not statistically significant from the Australian rate.","stype":"nominal","isDimension":false},{"name":"dth_dia_0_74_2_rate_1_08_12_12","type":"java.lang.Double","title":"Deaths from Diabetes - 0 to 74 Years - Rate per 100000","description":"Deaths from diabetes, 0 to 74 years - average annual rate per 100000. Source: Data produced by PHIDU from deaths data supplied by ABS on behalf of State and Territory Registrars of deaths for 2008 to 2012 and ABS Estimated Resident Population, 30 June 2008 to 2012","stype":"ratio","isDimension":false},{"name":"dths_resp_0_74_1_no_1_08_12_12","type":"java.lang.Double","title":"Deaths from Respiratory System Diseases - 0 to 74 Years - Count","description":"Deaths from respiratory system diseases, 0 to 74 years - Count. Source: Data produced by PHIDU from deaths data supplied by ABS on behalf of State and Territory Registrars of deaths for 2008 to 2012 and ABS Estimated Resident Population, 30 June 2008 to 2012","stype":"ratio","isDimension":false},{"name":"dths_resp_0_74_2_rate_1_08_12_12","type":"java.lang.Double","title":"Deaths from Respiratory System Diseases - 0 to 74 Years - Rate per 100000","description":"Deaths from respiratory system diseases, 0 to 74 years - average annual rate per 100000. Source: Data produced by PHIDU from deaths data supplied by ABS on behalf of State and Territory Registrars of deaths for 2008 to 2012 and ABS Estimated Resident Population, 30 June 2008 to 2012","stype":"ratio","isDimension":false},{"name":"dths_resp_0_74_3_lci_1_08_12_12","type":"java.lang.Double","title":"Deaths from Respiratory System Diseases - 0 to 74 Years - Rate per 100000 - Lower 95 Percent C.I.","description":"Deaths from respiratory system diseases, 0 to 74 years - average annual rate per 100000 - lower 95% Confidence Interval. Source: Data produced by PHIDU from deaths data supplied by ABS on behalf of State and Territory Registrars of deaths for 2008 to 2012 and ABS Estimated Resident Population, 30 June 2008 to 2012","stype":"ratio","isDimension":false},{"name":"dths_canc_0_74_4_uci_1_08_12_12","type":"java.lang.Double","title":"Deaths from Cancer - 0 to 74 Years - Rate per 100000 - Upper 95 Percent C.I.","description":"Deaths from cancer, 0 to 74 years - average annual rate per 100000 - upper 95% Confidence Interval. Source: Data produced by PHIDU from deaths data supplied by ABS on behalf of State and Territory Registrars of deaths for 2008 to 2012 and ABS Estimated Resident Population, 30 June 2008 to 2012","stype":"ratio","isDimension":false},{"name":"dths_resp_0_74_4_uci_1_08_12_12","type":"java.lang.Double","title":"Deaths from Respiratory System Diseases - 0 to 74 Years - Rate per 100000 - Upper 95 Percent C.I.","description":"Deaths from respiratory system diseases, 0 to 74 years - average annual rate per 100000 - upper 95% Confidence Interval. Source: Data produced by PHIDU from deaths data supplied by ABS on behalf of State and Territory Registrars of deaths for 2008 to 2012 and ABS Estimated Resident Population, 30 June 2008 to 2012","stype":"ratio","isDimension":false},{"name":"dths_resp_0_74_5_sig_1_08_12_12","type":"java.lang.Double","title":"Deaths from Respiratory System Diseases - 0 to 74 Years - Statistical Significance","description":"The statistical significance category for the rate of Deaths from respiratory system diseases, 0 to 74 years - Sig. 1 = statistically significantly different from the Australian rate at the 95% confidence level, 2 = statistically significantly different from the Australian rate at the 99% confidence level, 3 = not statistically significant from the Australian rate.","stype":"nominal","isDimension":false},{"name":"dths_rti_0_74_1_no_1_08_12_12","type":"java.lang.Double","title":"Deaths from Road Traffic Injuries - 0 to 74 Years - Count","description":"Deaths from road traffic injuries, 0 to 74 years - Count. Source: Data produced by PHIDU from deaths data supplied by ABS on behalf of State and Territory Registrars of deaths for 2008 to 2012 and ABS Estimated Resident Population, 30 June 2008 to 2012","stype":"ratio","isDimension":false},{"name":"dths_rti_0_74_2_rate_1_08_12_12","type":"java.lang.Double","title":"Deaths from Road Traffic Injuries - 0 to 74 Years - Rate per 100000","description":"Deaths from road traffic injuries, 0 to 74 years - average annual rate per 100000. Source: Data produced by PHIDU from deaths data supplied by ABS on behalf of State and Territory Registrars of deaths for 2008 to 2012 and ABS Estimated Resident Population, 30 June 2008 to 2012","stype":"ratio","isDimension":false},{"name":"dth_bst_0_74_5_sig_1_08_12_12","type":"java.lang.Double","title":"Deaths from Breast Cancer - 0 to 74 Years - Statistical Significance","description":"The statistical significance category for the rate of Deaths from breast cancer, 0 to 74 years - Sig. 1 = statistically significantly different from the Australian rate at the 95% confidence level, 2 = statistically significantly different from the Australian rate at the 99% confidence level, 3 = not statistically significant from the Australian rate.","stype":"nominal","isDimension":false},{"name":"dths_rti_0_74_3_lci_1_08_12_12","type":"java.lang.Double","title":"Deaths from Road Traffic Injuries - 0 to 74 Years - Rate per 100000 - Lower 95 Percent C.I.","description":"Deaths from road traffic injuries, 0 to 74 years - average annual rate per 100000 - lower 95% Confidence Interval. Source: Data produced by PHIDU from deaths data supplied by ABS on behalf of State and Territory Registrars of deaths for 2008 to 2012 and ABS Estimated Resident Population, 30 June 2008 to 2012","stype":"ratio","isDimension":false},{"name":"dths_rti_0_74_4_uci_1_08_12_12","type":"java.lang.Double","title":"Deaths from Road Traffic Injuries - 0 to 74 Years - Rate per 100000 - Upper 95 Percent C.I.","description":"Deaths from road traffic injuries, 0 to 74 years - average annual rate per 100000 - upper 95% Confidence Interval. Source: Data produced by PHIDU from deaths data supplied by ABS on behalf of State and Territory Registrars of deaths for 2008 to 2012 and ABS Estimated Resident Population, 30 June 2008 to 2012","stype":"ratio","isDimension":false},{"name":"dth_dia_0_74_3_lci_1_08_12_12","type":"java.lang.Double","title":"Deaths from Diabetes - 0 to 74 Years - Rate per 100000 - Lower 95 Percent C.I.","description":"Deaths from diabetes, 0 to 74 years - average annual rate per 100000 - lower 95% Confidence Interval. Source: Data produced by PHIDU from deaths data supplied by ABS on behalf of State and Territory Registrars of deaths for 2008 to 2012 and ABS Estimated Resident Population, 30 June 2008 to 2012","stype":"ratio","isDimension":false},{"name":"dths_rti_0_74_5_sig_1_08_12_12","type":"java.lang.Double","title":"Deaths from Road Traffic Injuries - 0 to 74 Years - Statistical Significance","description":"The statistical significance category for the rate of Deaths from road traffic injuries, 0 to 74 years - Sig. 1 = statistically significantly different from the Australian rate at the 95% confidence level, 2 = statistically significantly different from the Australian rate at the 99% confidence level, 3 = not statistically significant from the Australian rate.","stype":"nominal","isDimension":false},{"name":"dths_suic_0_74_1_no_1_08_12_12","type":"java.lang.Double","title":"Deaths from Suicide and Self-Inflicted Injuries - 0 to 74 Years - Count","description":"Deaths from suicide and self-inflicted injuries, 0 to 74 years - Count. Source: Data produced by PHIDU from deaths data supplied by ABS on behalf of State and Territory Registrars of deaths for 2008 to 2012 and ABS Estimated Resident Population, 30 June 2008 to 2012","stype":"ratio","isDimension":false},{"name":"dths_canc_0_74_5_sig_1_08_12_12","type":"java.lang.Double","title":"Deaths from Cancer - 0 to 74 Years - Statistical Significance","description":"The statistical significance category for the rate of Deaths from cancer, 0 to 74 years - Sig. 1 = statistically significantly different from the Australian rate at the 95% confidence level, 2 = statistically significantly different from the Australian rate at the 99% confidence level, 3 = not statistically significant from the Australian rate.","stype":"nominal","isDimension":false},{"name":"dths_suic_0_74_2_rate_1_08_12_12","type":"java.lang.Double","title":"Deaths from Suicide and Self-Inflicted Injuries - 0 to 74 Years - Rate per 100000","description":"Deaths from suicide and self-inflicted injuries, 0 to 74 years - average annual rate per 100000. Source: Data produced by PHIDU from deaths data supplied by ABS on behalf of State and Territory Registrars of deaths for 2008 to 2012 and ABS Estimated Resident Population, 30 June 2008 to 2012","stype":"ratio","isDimension":false},{"name":"dths_suic_0_74_3_lci_1_08_12_12","type":"java.lang.Double","title":"Deaths from Suicide and Self-Inflicted Injuries - 0 to 74 Years - Rate per 100000 - Lower 95 Percent C.I.","description":"Deaths from suicide and self-inflicted injuries, 0 to 74 years - average annual rate per 100000 - lower 95% Confidence Interval. Source: Data produced by PHIDU from deaths data supplied by ABS on behalf of State and Territory Registrars of deaths for 2008 to 2012 and ABS Estimated Resident Population, 30 June 2008 to 2012","stype":"ratio","isDimension":false},{"name":"dths_suic_0_74_4_uci_1_08_12_12","type":"java.lang.Double","title":"Deaths from Suicide and Self-Inflicted Injuries - 0 to 74 Years - Rate per 100000 - Upper 95 Percent C.I.","description":"Deaths from suicide and self-inflicted injuries, 0 to 74 years - average annual rate per 100000 - upper 95% Confidence Interval. Source: Data produced by PHIDU from deaths data supplied by ABS on behalf of State and Territory Registrars of deaths for 2008 to 2012 and ABS Estimated Resident Population, 30 June 2008 to 2012","stype":"ratio","isDimension":false},{"name":"dths_suic_0_74_5_sig_1_08_12_12","type":"java.lang.Double","title":"Deaths from Suicide and Self-Inflicted Injuries - 0 to 74 Years - Statistical Significance","description":"The statistical significance category for the rate of Deaths from suicide and self-inflicted injuries, 0 to 74 years - Sig. 1 = statistically significantly different from the Australian rate at the 95% confidence level, 2 = statistically significantly different from the Australian rate at the 99% confidence level, 3 = not statistically significant from the Australian rate.","stype":"nominal","isDimension":false},{"name":"dths_tot_0_74_1_no_1_08_12_12","type":"java.lang.Double","title":"Total Deaths - 0 to 74 Years - Count","description":"Total deaths, 0 to 74 years. Source: Data produced by PHIDU from deaths data supplied by ABS on behalf of State and Territory Registrars of deaths for 2008 to 2012 and ABS Estimated Resident Population, 30 June 2008 to 2012","stype":"ratio","isDimension":false},{"name":"dths_tot_0_74_2_rate_1_08_12_12","type":"java.lang.Double","title":"Total Deaths - 0 to 74 Years - Rate per 100000","description":"Total deaths, 0 to 74 years - average annual rate per 100000. Source: Data produced by PHIDU from deaths data supplied by ABS on behalf of State and Territory Registrars of deaths for 2008 to 2012 and ABS Estimated Resident Population, 30 June 2008 to 2012","stype":"ratio","isDimension":false},{"name":"dth_cop_0_74_1_no_1_08_12_12","type":"java.lang.Double","title":"Deaths from Chronic Obstructive Pulmonary Disease - 0 to 74 Years - Count","description":"Deaths from chronic obstructive pulmonary disease, 0 to 74 years - Count. Source: Data produced by PHIDU from deaths data supplied by ABS on behalf of State and Territory Registrars of deaths for 2008 to 2012 and ABS Estimated Resident Population, 30 June 2008 to 2012","stype":"ratio","isDimension":false},{"name":"dths_tot_0_74_3_lci_1_08_12_12","type":"java.lang.Double","title":"Total Deaths - 0 to 74 Years - Rate per 100000 - Lower 95 Percent C.I.","description":"Total deaths, 0 to 74 years - average annual rate per 100000 - lower 95% confidence interval. Source: Data produced by PHIDU from deaths data supplied by ABS on behalf of State and Territory Registrars of deaths for 2008 to 2012 and ABS Estimated Resident Population, 30 June 2008 to 2012","stype":"ratio","isDimension":false},{"name":"dth_dia_0_74_4_uci_1_08_12_12","type":"java.lang.Double","title":"Deaths from Diabetes - 0 to 74 Years - Rate per 100000 - Upper 95 Percent C.I.","description":"Deaths from diabetes, 0 to 74 years - average annual rate per 100000 - upper 95% Confidence Interval. Source: Data produced by PHIDU from deaths data supplied by ABS on behalf of State and Territory Registrars of deaths for 2008 to 2012 and ABS Estimated Resident Population, 30 June 2008 to 2012","stype":"ratio","isDimension":false},{"name":"dths_tot_0_74_4_uci_1_08_12_12","type":"java.lang.Double","title":"Total Deaths - 0 to 74 Years - Rate per 100000 - Upper 95 Percent C.I.","description":"Total deaths, 0 to 74 years - average annual rate per 100000 - upper 95% confidence interval. Source: Data produced by PHIDU from deaths data supplied by ABS on behalf of State and Territory Registrars of deaths for 2008 to 2012 and ABS Estimated Resident Population, 30 June 2008 to 2012","stype":"ratio","isDimension":false},{"name":"dths_cerb_0_74_1_no_1_08_12_12","type":"java.lang.Double","title":"Deaths from Cerebrovascular Diseases - 0 to 74 Years - Count","description":"Deaths from cerebrovascular diseases, 0 to 74 years - Count. Source: Data produced by PHIDU from deaths data supplied by ABS on behalf of State and Territory Registrars of deaths for 2008 to 2012 and ABS Estimated Resident Population, 30 June 2008 to 2012","stype":"ratio","isDimension":false},{"name":"dths_tot_0_74_5_sig_1_08_12_12","type":"java.lang.Double","title":"Total Deaths - 0 to 74 Years - Statistical Significance","description":"Total deaths, 0 to 74 years - Sig. 1 = statistically significantly different from the Australian rate at the 95% confidence level, 2 = statistically significantly different from the Australian rate at the 99% confidence level, 3 = not statistically significant from the Australian rate.","stype":"nominal","isDimension":false},{"name":"dth_cop_0_74_2_rate_1_08_12_12","type":"java.lang.Double","title":"Deaths from Chronic Obstructive Pulmonary Disease - 0 to 74 Years - Rate per 100000","description":"Deaths from chronic obstructive pulmonary disease, 0 to 74 years - Average annual rate per 100000. Source: Data produced by PHIDU from deaths data supplied by ABS on behalf of State and Territory Registrars of deaths for 2008 to 2012 and ABS Estimated Resident Population, 30 June 2008 to 2012","stype":"ratio","isDimension":false},{"name":"dth_dia_0_74_5_sig_1_08_12_12","type":"java.lang.Double","title":"Deaths from Diabetes - 0 to 74 Years - Statistical Significance","description":"The statistical significance category for the rate of Deaths from diabetes, 0 to 74 years - Sig. 1 = statistically significantly different from the Australian rate at the 95% confidence level, 2 = statistically significantly different from the Australian rate at the 99% confidence level, 3 = not statistically significant from the Australian rate.","stype":"nominal","isDimension":false},{"name":"dths_cerb_0_74_2_rate_1_08_12_12","type":"java.lang.Double","title":"Deaths from Cerebrovascular Diseases - 0 to 74 Years - Rate per 100000","description":"Deaths from cerebrovascular diseases, 0 to 74 years - average annual rate per 100000. Source: Data produced by PHIDU from deaths data supplied by ABS on behalf of State and Territory Registrars of deaths for 2008 to 2012 and ABS Estimated Resident Population, 30 June 2008 to 2012","stype":"ratio","isDimension":false}],"filter":{"filterType":"tabular","feature":{"key":"area_code","geoLevel":"sla2011","geoField":"ignored","year":"2006","featureBbox":[96.81676569599999,-43.740509603,159.109219008,-9.142175977],"featureType":"country","featureInstance":"au","featureName":"Australia","referenceSystemIdentifier":"EPSG:4283","prefix":"","keyTransform":null},"states":[]}}