{"organisation":"AU_Govt_ABS","name":"b02_aust_lga","title":"LGA11-based B02 Selected Medians and Averages as at 2011-08-11","legal":{"copyrightYear":"2011","attributionYear":"2011","attribution":"{datasource.organisationTitle}, ({dataset.attributionYear}): {dataset.title}; accessed from AURIN Portal on {dateOfAccess}.","clickthrough":false,"licenceType":"Creative Commons Attribution 2.5 Australia (CC BY 2.5 AU)","copyrightNotice":"&copy; Commonwealth of Australia (Australian Bureau of Statistics) {dataset.copyrightYear}"},"referenceSystemIdentifier":"urn:x-ogc:def:crs:EPSG:4283","geoLevel":"lga2011","key":"LGA_MAIN11","keyRegex":null,"availability":"true","geomField":"wkb_geometry","keyword":"medians, averages","theme":null,"temporalExtent":{"beginDate":"2011-01-01T00:00:00","endDate":"2011-12-31T00:00:00","selectTime":false},"type":"dataset","_id":"dataset-AU_Govt_ABS-b02_aust_lga-lga2011","bbox":null,"abstract":"LGA11 based data for Selected Medians and Averages, for 2011 Census. Median Age, $/week, $/Month, Number. Data sourced from: <a href='http://www.abs.gov.au/census' target=\"_blank\">http://www.abs.gov.au/census</a>. For further information about these and related statistics, contact the National Information and Referral Services on 1300 135 070. Periodicity: 5-Yearly.","selectedAttributes":[{"name":"LGA_MAIN11","type":"java.lang.String","title":"LGA Code","description":"Local Government Area (LGA) Code.","stype":"nominal","isDimension":false},{"name":"LGA_NAME11","type":"java.lang.String","title":"LGA Name","description":"Local Government Area (LGA) Name.","stype":"nominal","isDimension":false},{"name":"Median_age_persons","type":"java.lang.Integer","title":"Median age of persons","description":"Median age of persons.","stype":"ratio","isDimension":false},{"name":"Median_mortgage_repay_monthly","type":"java.lang.Integer","title":"Median mortgage repayment monthly","description":"Median mortgage repayment monthly.","stype":"ratio","isDimension":false},{"name":"Median_Tot_prsnl_inc_weekly","type":"java.lang.Integer","title":"Median total personal income weekly","description":"Median total personal income weekly.","stype":"ratio","isDimension":false},{"name":"Median_rent_weekly","type":"java.lang.Integer","title":"Median rent weekly","description":"Median rent weekly.","stype":"ratio","isDimension":false},{"name":"Median_Tot_fam_inc_weekly","type":"java.lang.Integer","title":"Median total family income weekly","description":"Median total family income weekly.","stype":"ratio","isDimension":false},{"name":"Average_num_psns_per_bedroom","type":"java.lang.Double","title":"Average number of Persons per bedroom","description":"Average number of Persons per bedroom.","stype":"ratio","isDimension":false},{"name":"Median_Tot_hhd_inc_weekly","type":"java.lang.Integer","title":"Median total household income weekly","description":"Median total household income weekly.","stype":"ratio","isDimension":false},{"name":"Average_household_size","type":"java.lang.Double","title":"Average household size","description":"Average household size.","stype":"ratio","isDimension":false}],"filter":{"filterType":"tabular","feature":{"key":"LGA_MAIN11","geoLevel":"lga2011","geoField":"ignored","year":"2006","featureBbox":[96.81676569599999,-43.740509603,159.109219008,-9.142175977],"featureType":"country","featureInstance":"au","featureName":"Australia","referenceSystemIdentifier":"urn:x-ogc:def:crs:EPSG:4283","prefix":"","keyTransform":null},"states":[]}}