{"organisation":"TUA_PHIDU","name":"tua_phidu_2015_lga_aust_risk_factors_adults_2014_15","title":"LGA15 Adults Health Risk Factor Estimates - 2014-2015","legal":{"copyrightYear":"2017","attributionYear":"2017","attribution":"{datasource.organisationTitle}, ({dataset.attributionYear}): {dataset.title}; accessed from AURIN Portal on {dateOfAccess}.","clickthrough":false,"licenceType":"Creative Commons Attribution-NonCommercial-ShareAlike 3.0 Australia (CC BY-NC-SA 3.0 AU)","copyrightNotice":"&copy; {datasource.organisationTitle} {dataset.copyrightYear}"},"referenceSystemIdentifier":"urn:x-ogc:def:crs:EPSG:4283","geoLevel":"lga2011","key":"lga_code","keyRegex":null,"availability":"true","geomField":"wkb_geometry","keyword":"adult,tua,smoking,torrens university australia,phidu,weight,public health information development unit,health risk factors adults,blood pressure,health risks,alcohol,psychological distress,excercise,fruit intake","theme":null,"temporalExtent":{"beginDate":"2014-01-01T00:00:00","endDate":"2015-12-31T00:00:00","selectTime":false},"type":"dataset","_id":"dataset-TUA_PHIDU-tua_phidu_2015_lga_aust_risk_factors_adults_2014_15-lga2011","bbox":null,"abstract":"Estimated number of males/females/people aged 18 years and over whose health was at risk in one of the following categories: psychologically distressed, blood pressure, overweight, obesity, waist measurement, smoking, alcohol consumption, fruit consumption and no or low exercise, 2014-15 (all entries that were classified as not shown, not published or not applicable were assigned a null value; no data was provided for Maralinga Tjarutja LGA, in South Australia). The data is by LGA 2015 profile (based on the LGA 2011 geographic boundaries). For more information on statistics used please refer to the PHIDU website, available from: <a href=http://phidu.torrens.edu.au/help-and-information/about-our-data/statistical-information>http://phidu.torrens.edu.au/</a>.<br/>\n\nSource: Estimates for Population Health Areas (PHAs) are modelled estimates and were produced by the ABS; estimates at the LGA and PHN level were derived from the PHA estimates.\n","selectedAttributes":[{"name":"lga_code","type":"java.lang.Integer","title":"Local Government Area Code","description":"Local Government Area Code (2011).","stype":"interval","isDimension":false},{"name":"alchl_p_1_count","type":"java.lang.Integer","title":"Estimated number of people who had risky alcohol consumption ? count","description":"The estimated number of people aged 15 years and over who consumed more than two standard alcoholic drinks per day on average, 2014-15 ? count. ","stype":"ratio","isDimension":false},{"name":"alchl_p_2_asr","type":"java.lang.Double","title":"Estimated number of people who had risky alcohol consumption ? ASR per 100 population","description":"The estimated number of people aged 15 years and over who consumed more than two standard alcoholic drinks per day on average, 2014-15 ? Indirectly age-standardised rate per 100 population (Indirectly age-standardised refers to adjustments made through comparisons against the relevant standard Australian population). ","stype":"ratio","isDimension":false},{"name":"alchl_p_3_asr_lci","type":"java.lang.Double","title":"Estimated number of people who had risky alcohol consumption ? ASR per 100 population ? lower confidence interval","description":"The estimated number of people aged 15 years and over who consumed more than two standard alcoholic drinks per day on average, 2014-15 ? Indirectly age-standardised rate per 100 population ? lower 95 percent confidence interval. ","stype":"ratio","isDimension":false},{"name":"alchl_p_4_asr_uci","type":"java.lang.Double","title":"Estimated number of people who had risky alcohol consumption ? ASR per 100 population ? upper confidence interval","description":"The estimated number of people aged 15 years and over who consumed more than two standard alcoholic drinks per day on average, 2014-15 ? Indirectly age-standardised rate per 100 population ? upper 95 percent confidence interval. ","stype":"ratio","isDimension":false},{"name":"alchl_p_5_sr","type":"java.lang.Double","title":"Estimated number of people who had risky alcohol consumption ? SR","description":"The estimated number of people aged 15 years and over who consumed more than two standard alcoholic drinks per day on average, 2014-15 ? indirectly age-standardised ratio (This ratio is the observed number to expected number of occurrences in the LGA given the relevant Australian standard population). ","stype":"ratio","isDimension":false},{"name":"alchl_p_6_sr_lci","type":"java.lang.Double","title":"Estimated number of people who had risky alcohol consumption ? SR ? lower confidence interval","description":"The estimated number of people aged 15 years and over who consumed more than two standard alcoholic drinks per day on average, 2014-15 ? indirectly age-standardised ratio ? lower 95 percent confidence interval. ","stype":"ratio","isDimension":false},{"name":"alchl_p_7_sr_uci","type":"java.lang.Double","title":"Estimated number of people who had risky alcohol consumption ? SR ? upper confidence interval ","description":"The estimated number of people aged 15 years and over who consumed more than two standard alcoholic drinks per day on average, 2014-15 ? indirectly age-standardised ratio ? upper 95 percent confidence interval. ","stype":"ratio","isDimension":false},{"name":"alchl_p_8_rrmse","type":"java.lang.Integer","title":"Estimated number of people who had risky alcohol consumption ? Relative Root Mean Square Error","description":"The Relative Root Mean Square Error (RRMSE) is the measure of the reliability of an estimate. A value of 1 means the estimate should be used with caution, 2 means the estimate is too unreliable for general use, and 3 means the estimate is reliable. ","stype":"ratio","isDimension":false},{"name":"frt_intk_1_count","type":"java.lang.Integer","title":"Estimated number of people who had an adequate fruit intake ? count","description":"The estimated number of people aged 18 years and over who had an adequate fruit intake (2 serves per day), 2014-15 ? count. ","stype":"ratio","isDimension":false},{"name":"frt_intk_2_asr","type":"java.lang.Double","title":"Estimated number of people who had an adequate fruit intake ? ASR per 100 population","description":"The estimated number of people aged 18 years and over who had an adequate fruit intake (2 serves per day), 2014-15 ? Indirectly age-standardised rate per 100 population (Indirectly age-standardised refers to adjustments made through comparisons against the relevant standard Australian population). ","stype":"ratio","isDimension":false},{"name":"frt_intk_3_asr_lci","type":"java.lang.Double","title":"Estimated number of people who had an adequate fruit intake ? ASR per 100 population ? lower confidence interval","description":"The estimated number of people aged 18 years and over who had an adequate fruit intake (2 serves per day), 2014-15 ? Indirectly age-standardised rate per 100 population ? lower 95 percent confidence interval. ","stype":"ratio","isDimension":false},{"name":"frt_intk_4_asr_uci","type":"java.lang.Double","title":"Estimated number of people who had an adequate fruit intake ? ASR per 100 population ? upper confidence interval","description":"The estimated number of people aged 18 years and over who had an adequate fruit intake (2 serves per day), 2014-15 ? Indirectly age-standardised rate per 100 population ? upper 95 percent confidence interval. ","stype":"ratio","isDimension":false},{"name":"frt_intk_5_sr","type":"java.lang.Double","title":"Estimated number of people who had an adequate fruit intake ? SR","description":"The estimated number of people aged 18 years and over who had an adequate fruit intake (2 serves per day), 2014-15 ? indirectly age-standardised ratio (This ratio is the observed number to expected number of occurrences in the LGA given the relevant Australian standard population). ","stype":"ratio","isDimension":false},{"name":"frt_intk_6_sr_lci","type":"java.lang.Double","title":"Estimated number of people who had an adequate fruit intake ? SR ? lower confidence interval","description":"The estimated number of people aged 18 years and over who had an adequate fruit intake (2 serves per day), 2014-15 ? indirectly age-standardised ratio ? lower 95 percent confidence interval. ","stype":"ratio","isDimension":false},{"name":"frt_intk_7_sr_uci","type":"java.lang.Double","title":"Estimated number of people who had an adequate fruit intake ? SR ? upper confidence interval ","description":"The estimated number of people aged 18 years and over who had an adequate fruit intake (2 serves per day), 2014-15 ? indirectly age-standardised ratio ? upper 95 percent confidence interval. ","stype":"ratio","isDimension":false},{"name":"frt_intk_8_rrmse","type":"java.lang.Integer","title":"Estimated number of people who had an adequate fruit intake ? Relative Root Mean Square Error","description":"The Relative Root Mean Square Error (RRMSE) is the measure of the reliability of an estimate. A value of 1 means the estimate should be used with caution, 2 means the estimate is too unreliable for general use, and 3 means the estimate is reliable. ","stype":"ratio","isDimension":false},{"name":"hbld_pres_1_count","type":"java.lang.Integer","title":"Estimated number of people with high blood pressure ? count","description":"The estimated number of people aged 18 years and over who had high blood pressure, 2014-15 ? count. ","stype":"ratio","isDimension":false},{"name":"hbld_pres_2_asr","type":"java.lang.Double","title":"Estimated number of people with high blood pressure ? ASR per 100 population","description":"The estimated number of people aged 18 years and over who had high blood pressure, 2014-15 ? Indirectly age-standardised rate per 100 population (Indirectly age-standardised refers to adjustments made through comparisons against the relevant standard Australian population). ","stype":"ratio","isDimension":false},{"name":"hbld_pres_3_asr_lci","type":"java.lang.Double","title":"Estimated number of people with high blood pressure ? ASR per 100 population ? lower confidence interval","description":"The estimated number of people aged 18 years and over who had high blood pressure, 2014-15 ? Indirectly age-standardised rate per 100 population ? lower 95 percent confidence interval. ","stype":"ratio","isDimension":false},{"name":"hbld_pres_4_asr_uci","type":"java.lang.Double","title":"Estimated number of people with high blood pressure ? ASR per 100 population ? upper confidence interval","description":"The estimated number of people aged 18 years and over who had high blood pressure, 2014-15 ? Indirectly age-standardised rate per 100 population ? upper 95 percent confidence interval. ","stype":"ratio","isDimension":false},{"name":"hbld_pres_5_sr","type":"java.lang.Double","title":"Estimated number of people with high blood pressure ? SR","description":"The estimated number of people aged 18 years and over who had high blood pressure, 2014-15 ? indirectly age-standardised ratio (This ratio is the observed number to expected number of occurrences in the LGA given the relevant Australian standard population). ","stype":"ratio","isDimension":false},{"name":"hbld_pres_6_sr_lci","type":"java.lang.Double","title":"Estimated number of people with high blood pressure ? SR ? lower confidence interval","description":"The estimated number of people aged 18 years and over who had high blood pressure, 2014-15 ? indirectly age-standardised ratio ? lower 95 percent confidence interval. ","stype":"ratio","isDimension":false},{"name":"hbld_pres_7_sr_uci","type":"java.lang.Double","title":"Estimated number of people with high blood pressure ? SR ? upper confidence interval ","description":"The estimated number of people aged 18 years and over who had high blood pressure, 2014-15 ? indirectly age-standardised ratio ? upper 95 percent confidence interval. ","stype":"ratio","isDimension":false},{"name":"hbld_pres_8_rrmse","type":"java.lang.Integer","title":"Estimated number of people with high blood pressure ? Relative Root Mean Square Error","description":"The Relative Root Mean Square Error (RRMSE) is the measure of the reliability of an estimate. A value of 1 means the estimate should be used with caution, 2 means the estimate is too unreliable for general use, and 3 means the estimate is reliable. ","stype":"ratio","isDimension":false},{"name":"lga_name","type":"java.lang.String","title":"Local Government Area Name","description":"Local Government Area Name (2011).","stype":"nominal","isDimension":false},{"name":"lw_excse_1_count","type":"java.lang.Integer","title":"Estimated number of people who did low or no exercise ? count","description":"The estimated number of people aged 18 years and over did low (score less than 800) or no exercise in the week prior to the survey, exercise was calculated by duration (minutes) X intensity factor (walking for fitness = 3.5, moderate = 5, vigorous = 7.5), 2014-15 ? count. ","stype":"ratio","isDimension":false},{"name":"lw_excse_2_asr","type":"java.lang.Double","title":"Estimated number of people who did low or no exercise ? ASR per 100 population","description":"The estimated number of people aged 18 years and over did low (score less than 800) or no exercise in the week prior to the survey, exercise was calculated by duration (minutes) X intensity factor (walking for fitness = 3.5, moderate = 5, vigorous = 7.5), 2014-15 ? Indirectly age-standardised rate per 100 population (Indirectly age-standardised refers to adjustments made through comparisons against the relevant standard Australian population). ","stype":"ratio","isDimension":false},{"name":"lw_excse_3_asr_lci","type":"java.lang.Double","title":"Estimated number of people who did low or no exercise ? ASR per 100 population ? lower confidence interval","description":"The estimated number of people aged 18 years and over did low (score less than 800) or no exercise in the week prior to the survey, exercise was calculated by duration (minutes) X intensity factor (walking for fitness = 3.5, moderate = 5, vigorous = 7.5), 2014-15 ? Indirectly age-standardised rate per 100 population ? lower 95 percent confidence interval. ","stype":"ratio","isDimension":false},{"name":"lw_excse_4_asr_uci","type":"java.lang.Double","title":"Estimated number of people who did low or no exercise ? ASR per 100 population ? upper confidence interval","description":"The estimated number of people aged 18 years and over did low (score less than 800) or no exercise in the week prior to the survey, exercise was calculated by duration (minutes) X intensity factor (walking for fitness = 3.5, moderate = 5, vigorous = 7.5), 2014-15 ? Indirectly age-standardised rate per 100 population ? upper 95 percent confidence interval. ","stype":"ratio","isDimension":false},{"name":"lw_excse_5_sr","type":"java.lang.Double","title":"Estimated number of people who did low or no exercise ? SR","description":"The estimated number of people aged 18 years and over did low (score less than 800) or no exercise in the week prior to the survey, exercise was calculated by duration (minutes) X intensity factor (walking for fitness = 3.5, moderate = 5, vigorous = 7.5), 2014-15 ? indirectly age-standardised ratio (This ratio is the observed number to expected number of occurrences in the LGA given the relevant Australian standard population). ","stype":"ratio","isDimension":false},{"name":"lw_excse_6_sr_lci","type":"java.lang.Double","title":"Estimated number of people who did low or no exercise ? SR ? lower confidence interval","description":"The estimated number of people aged 18 years and over did low (score less than 800) or no exercise in the week prior to the survey, exercise was calculated by duration (minutes) X intensity factor (walking for fitness = 3.5, moderate = 5, vigorous = 7.5), 2014-15 ? indirectly age-standardised ratio ? lower 95 percent confidence interval. ","stype":"ratio","isDimension":false},{"name":"lw_excse_7_sr_uci","type":"java.lang.Double","title":"Estimated number of people who did low or no exercise ? SR ? upper confidence interval ","description":"The estimated number of people aged 18 years and over did low (score less than 800) or no exercise in the week prior to the survey, exercise was calculated by duration (minutes) X intensity factor (walking for fitness = 3.5, moderate = 5, vigorous = 7.5), 2014-15 ? indirectly age-standardised ratio ? upper 95 percent confidence interval. ","stype":"ratio","isDimension":false},{"name":"lw_excse_8_rrmse","type":"java.lang.Integer","title":"Estimated number of people who did low or no exercise ? Relative Root Mean Square Error","description":"The Relative Root Mean Square Error (RRMSE) is the measure of the reliability of an estimate. A value of 1 means the estimate should be used with caution, 2 means the estimate is too unreliable for general use, and 3 means the estimate is reliable.","stype":"ratio","isDimension":false},{"name":"obese_f_1_count","type":"java.lang.Integer","title":"Estimated number of obese females ? count","description":"The estimated number of females aged 18 years and over who were obese based on their Body Mass Index BMI (30 or greater), 2014-15 ? count. ","stype":"ratio","isDimension":false},{"name":"obese_f_2_asr","type":"java.lang.Double","title":"Estimated number of obese females ? ASR per 100 population","description":"The estimated number of females aged 18 years and over who were obese based on their Body Mass Index BMI (30 or greater), 2014-15 ? Indirectly age-standardised rate per 100 population (Indirectly age-standardised refers to adjustments made through comparisons against the relevant standard Australian population). ","stype":"ratio","isDimension":false},{"name":"obese_f_3_asr_lci","type":"java.lang.Double","title":"Estimated number of obese females ? ASR per 100 population ? lower confidence interval","description":"The estimated number of females aged 18 years and over who were obese based on their Body Mass Index BMI (30 or greater), 2014-15 ? Indirectly age-standardised rate per 100 population ? lower 95 percent confidence interval. ","stype":"ratio","isDimension":false},{"name":"obese_f_4_asr_uci","type":"java.lang.Double","title":"Estimated number of obese females ? ASR per 100 population ? upper confidence interval","description":"The estimated number of females aged 18 years and over who were obese based on their Body Mass Index BMI (30 or greater), 2014-15 ? Indirectly age-standardised rate per 100 population ? upper 95 percent confidence interval. ","stype":"ratio","isDimension":false},{"name":"obese_f_5_sr","type":"java.lang.Double","title":"Estimated number of obese females ? SR","description":"The estimated number of females aged 18 years and over who were obese based on their Body Mass Index BMI (30 or greater), 2014-15 ? indirectly age-standardised ratio (This ratio is the observed number to expected number of occurrences in the LGA given the relevant Australian standard population). ","stype":"ratio","isDimension":false},{"name":"obese_f_6_sr_lci","type":"java.lang.Double","title":"Estimated number of obese females ? SR ? lower confidence interval","description":"The estimated number of females aged 18 years and over who were obese based on their Body Mass Index BMI (30 or greater), 2014-15 ? indirectly age-standardised ratio ? lower 95 percent confidence interval. ","stype":"ratio","isDimension":false},{"name":"obese_f_7_sr_uci","type":"java.lang.Double","title":"Estimated number of obese females ? SR ? upper confidence interval ","description":"The estimated number of females aged 18 years and over who were obese based on their Body Mass Index BMI (30 or greater), 2014-15 ? indirectly age-standardised ratio ? upper 95 percent confidence interval. ","stype":"ratio","isDimension":false},{"name":"obese_f_8_rrmse","type":"java.lang.Integer","title":"Estimated number of obese females ? Relative Root Mean Square Error","description":"The Relative Root Mean Square Error (RRMSE) is the measure of the reliability of an estimate. A value of 1 means the estimate should be used with caution, 2 means the estimate is too unreliable for general use, and 3 means the estimate is reliable. ","stype":"ratio","isDimension":false},{"name":"obese_m_1_count","type":"java.lang.Integer","title":"Estimated number of obese males ? count","description":"The estimated number of males aged 18 years and over who were obese based on their Body Mass Index BMI (30 or greater), 2014-15 ? count. ","stype":"ratio","isDimension":false},{"name":"obese_m_2_asr","type":"java.lang.Double","title":"Estimated number of obese males ? ASR per 100 population","description":"The estimated number of males aged 18 years and over who were obese based on their Body Mass Index BMI (30 or greater), 2014-15 ? Indirectly age-standardised rate per 100 population (Indirectly age-standardised refers to adjustments made through comparisons against the relevant standard Australian population). ","stype":"ratio","isDimension":false},{"name":"obese_m_3_asr_lci","type":"java.lang.Double","title":"Estimated number of obese males ? ASR per 100 population ? lower confidence interval","description":"The estimated number of males aged 18 years and over who were obese based on their Body Mass Index BMI (30 or greater), 2014-15 ? Indirectly age-standardised rate per 100 population ? lower 95 percent confidence interval. ","stype":"ratio","isDimension":false},{"name":"obese_m_4_asr_uci","type":"java.lang.Double","title":"Estimated number of obese males ? ASR per 100 population ? upper confidence interval","description":"The estimated number of males aged 18 years and over who were obese based on their Body Mass Index BMI (30 or greater), 2014-15 ? Indirectly age-standardised rate per 100 population ? upper 95 percent confidence interval. ","stype":"ratio","isDimension":false},{"name":"obese_m_5_sr","type":"java.lang.Double","title":"Estimated number of obese males ? SR","description":"The estimated number of males aged 18 years and over who were obese based on their Body Mass Index BMI (30 or greater), 2014-15 ? indirectly age-standardised ratio (This ratio is the observed number to expected number of occurrences in the LGA given the relevant Australian standard population). ","stype":"ratio","isDimension":false},{"name":"obese_m_6_sr_lci","type":"java.lang.Double","title":"Estimated number of obese males ? SR ? lower confidence interval","description":"The estimated number of males aged 18 years and over who were obese based on their Body Mass Index BMI (30 or greater), 2014-15 ? indirectly age-standardised ratio ? lower 95 percent confidence interval. ","stype":"ratio","isDimension":false},{"name":"obese_m_7_sr_uci","type":"java.lang.Double","title":"Estimated number of obese males ? SR ? upper confidence interval ","description":"The estimated number of males aged 18 years and over who were obese based on their Body Mass Index BMI (30 or greater), 2014-15 ? indirectly age-standardised ratio ? upper 95 percent confidence interval. ","stype":"ratio","isDimension":false},{"name":"obese_m_8_rrmse","type":"java.lang.Integer","title":"Estimated number of obese males ? Relative Root Mean Square Error","description":"The Relative Root Mean Square Error (RRMSE) is the measure of the reliability of an estimate. A value of 1 means the estimate should be used with caution, 2 means the estimate is too unreliable for general use, and 3 means the estimate is reliable. ","stype":"ratio","isDimension":false},{"name":"obese_p_1_count","type":"java.lang.Integer","title":"Estimated number of obese people ? count","description":"The estimated number of people aged 18 years and over who were obese based on their Body Mass Index BMI (30 or greater), 2014-15 ? count. ","stype":"ratio","isDimension":false},{"name":"obese_p_2_asr","type":"java.lang.Double","title":"Estimated number of obese people ? ASR per 100 population","description":"The estimated number of people aged 18 years and over who were obese based on their Body Mass Index BMI (30 or greater), 2014-15 ? Indirectly age-standardised rate per 100 population (Indirectly age-standardised refers to adjustments made through comparisons against the relevant standard Australian population). ","stype":"ratio","isDimension":false},{"name":"obese_p_3_asr_lci","type":"java.lang.Double","title":"Estimated number of obese people ? ASR per 100 population ? lower confidence interval","description":"The estimated number of people aged 18 years and over who were obese based on their Body Mass Index BMI (30 or greater), 2014-15 ? Indirectly age-standardised rate per 100 population ? lower 95 percent confidence interval. ","stype":"ratio","isDimension":false},{"name":"obese_p_4_asr_uci","type":"java.lang.Double","title":"Estimated number of obese people ? ASR per 100 population ? upper confidence interval","description":"The estimated number of people aged 18 years and over who were obese based on their Body Mass Index BMI (30 or greater), 2014-15 ? Indirectly age-standardised rate per 100 population ? upper 95 percent confidence interval. ","stype":"ratio","isDimension":false},{"name":"obese_p_5_sr","type":"java.lang.Double","title":"Estimated number of obese people ? SR","description":"The estimated number of people aged 18 years and over who were obese based on their Body Mass Index BMI (30 or greater), 2014-15 ? indirectly age-standardised ratio (This ratio is the observed number to expected number of occurrences in the LGA given the relevant Australian standard population). ","stype":"ratio","isDimension":false},{"name":"obese_p_6_sr_lci","type":"java.lang.Double","title":"Estimated number of obese people ? SR ? lower confidence interval","description":"The estimated number of people aged 18 years and over who were obese based on their Body Mass Index BMI (30 or greater), 2014-15 ? indirectly age-standardised ratio ? lower 95 percent confidence interval. ","stype":"ratio","isDimension":false},{"name":"obese_p_7_sr_uci","type":"java.lang.Double","title":"Estimated number of obese people ? SR ? upper confidence interval ","description":"The estimated number of people aged 18 years and over who were obese based on their Body Mass Index BMI (30 or greater), 2014-15 ? indirectly age-standardised ratio ? upper 95 percent confidence interval. ","stype":"ratio","isDimension":false},{"name":"obese_p_8_rrmse","type":"java.lang.Integer","title":"Estimated number of obese people ? Relative Root Mean Square Error","description":"The Relative Root Mean Square Error (RRMSE) is the measure of the reliability of an estimate. A value of 1 means the estimate should be used with caution, 2 means the estimate is too unreliable for general use, and 3 means the estimate is reliable. ","stype":"ratio","isDimension":false},{"name":"ovrwgt_f_1_count","type":"java.lang.Integer","title":"Estimated number of overweight females ? count","description":"The estimated number of females aged 18 years and over who were overweight (but not obese) based on their Body Mass Index BMI (between 25 and 30), 2014-15 ? count. ","stype":"ratio","isDimension":false},{"name":"ovrwgt_f_2_asr","type":"java.lang.Double","title":"Estimated number of overweight females ? ASR per 100 population","description":"The estimated number of females aged 18 years and over who were overweight (but not obese) based on their Body Mass Index BMI (between 25 and 30), 2014-15 ? Indirectly age-standardised rate per 100 population (Indirectly age-standardised refers to adjustments made through comparisons against the relevant standard Australian population). ","stype":"ratio","isDimension":false},{"name":"ovrwgt_f_3_asr_lci","type":"java.lang.Double","title":"Estimated number of overweight females ? ASR per 100 population ? lower confidence interval","description":"The estimated number of females aged 18 years and over who were overweight (but not obese) based on their Body Mass Index BMI (between 25 and 30), 2014-15 ? Indirectly age-standardised rate per 100 population ? lower 95 percent confidence interval. ","stype":"ratio","isDimension":false},{"name":"ovrwgt_f_4_asr_uci","type":"java.lang.Double","title":"Estimated number of overweight females ? ASR per 100 population ? upper confidence interval","description":"The estimated number of females aged 18 years and over who were overweight (but not obese) based on their Body Mass Index BMI (between 25 and 30), 2014-15 ? Indirectly age-standardised rate per 100 population ? upper 95 percent confidence interval. ","stype":"ratio","isDimension":false},{"name":"ovrwgt_f_5_sr","type":"java.lang.Double","title":"Estimated number of overweight females ? SR","description":"The estimated number of females aged 18 years and over who were overweight (but not obese) based on their Body Mass Index BMI (between 25 and 30), 2014-15 ? indirectly age-standardised ratio (This ratio is the observed number to expected number of occurrences in the LGA given the relevant Australian standard population). ","stype":"ratio","isDimension":false},{"name":"ovrwgt_f_6_sr_lci","type":"java.lang.Double","title":"Estimated number of overweight females ? SR ? lower confidence interval","description":"The estimated number of females aged 18 years and over who were overweight (but not obese) based on their Body Mass Index BMI (between 25 and 30), 2014-15 ? indirectly age-standardised ratio ? lower 95 percent confidence interval. ","stype":"ratio","isDimension":false},{"name":"ovrwgt_f_7_sr_uci","type":"java.lang.Double","title":"Estimated number of overweight females ? SR ? upper confidence interval ","description":"The estimated number of females aged 18 years and over who were overweight (but not obese) based on their Body Mass Index BMI (between 25 and 30), 2014-15 ? indirectly age-standardised ratio ? upper 95 percent confidence interval. ","stype":"ratio","isDimension":false},{"name":"ovrwgt_f_8_rrmse","type":"java.lang.Integer","title":"Estimated number of overweight females ? Relative Root Mean Square Error","description":"The Relative Root Mean Square Error (RRMSE) is the measure of the reliability of an estimate. A value of 1 means the estimate should be used with caution, 2 means the estimate is too unreliable for general use, and 3 means the estimate is reliable. ","stype":"ratio","isDimension":false},{"name":"ovrwgt_m_1_count","type":"java.lang.Integer","title":"Estimated number of overweight males ? count","description":"The estimated number of males aged 18 years and over who were overweight (but not obese) based on their Body Mass Index BMI (between 25 and 30), 2014-15 ? count. ","stype":"ratio","isDimension":false},{"name":"ovrwgt_m_2_asr","type":"java.lang.Double","title":"Estimated number of overweight males ? ASR per 100 population","description":"The estimated number of males aged 18 years and over who were overweight (but not obese) based on their Body Mass Index BMI (between 25 and 30), 2014-15 ? Indirectly age-standardised rate per 100 population (Indirectly age-standardised refers to adjustments made through comparisons against the relevant standard Australian population). ","stype":"ratio","isDimension":false},{"name":"ovrwgt_m_3_asr_lci","type":"java.lang.Double","title":"Estimated number of overweight males ? ASR per 100 population ? lower confidence interval","description":"The estimated number of males aged 18 years and over who were overweight (but not obese) based on their Body Mass Index BMI (between 25 and 30), 2014-15 ? Indirectly age-standardised rate per 100 population ? lower 95 percent confidence interval. ","stype":"ratio","isDimension":false},{"name":"ovrwgt_m_4_asr_uci","type":"java.lang.Double","title":"Estimated number of overweight males ? ASR per 100 population ? upper confidence interval","description":"The estimated number of males aged 18 years and over who were overweight (but not obese) based on their Body Mass Index BMI (between 25 and 30), 2014-15 ? Indirectly age-standardised rate per 100 population ? upper 95 percent confidence interval. ","stype":"ratio","isDimension":false},{"name":"ovrwgt_m_5_sr","type":"java.lang.Double","title":"Estimated number of overweight males ? SR","description":"The estimated number of males aged 18 years and over who were overweight (but not obese) based on their Body Mass Index BMI (between 25 and 30), 2014-15 ? indirectly age-standardised ratio (This ratio is the observed number to expected number of occurrences in the LGA given the relevant Australian standard population). ","stype":"ratio","isDimension":false},{"name":"ovrwgt_m_6_sr_lci","type":"java.lang.Double","title":"Estimated number of overweight males ? SR ? lower confidence interval","description":"The estimated number of males aged 18 years and over who were overweight (but not obese) based on their Body Mass Index BMI (between 25 and 30), 2014-15 ? indirectly age-standardised ratio ? lower 95 percent confidence interval. ","stype":"ratio","isDimension":false},{"name":"ovrwgt_m_7_sr_uci","type":"java.lang.Double","title":"Estimated number of overweight males ? SR ? upper confidence interval ","description":"The estimated number of males aged 18 years and over who were overweight (but not obese) based on their Body Mass Index BMI (between 25 and 30), 2014-15 ? indirectly age-standardised ratio ? upper 95 percent confidence interval. ","stype":"ratio","isDimension":false},{"name":"ovrwgt_m_8_rrmse","type":"java.lang.Integer","title":"Estimated number of overweight males ? Relative Root Mean Square Error","description":"The Relative Root Mean Square Error (RRMSE) is the measure of the reliability of an estimate. A value of 1 means the estimate should be used with caution, 2 means the estimate is too unreliable for general use, and 3 means the estimate is reliable. ","stype":"ratio","isDimension":false},{"name":"ovrwgt_p_1_count","type":"java.lang.Integer","title":"Estimated number of overweight people ? count","description":"The estimated number of people aged 18 years and over who were overweight (but not obese) based on their Body Mass Index BMI (between 25 and 30), 2014-15 ? count. ","stype":"ratio","isDimension":false},{"name":"ovrwgt_p_2_asr","type":"java.lang.Double","title":"Estimated number of overweight people ? ASR per 100 population","description":"The estimated number of people aged 18 years and over who were overweight (but not obese) based on their Body Mass Index BMI (between 25 and 30), 2014-15 ? Indirectly age-standardised rate per 100 population (Indirectly age-standardised refers to adjustments made through comparisons against the relevant standard Australian population). ","stype":"ratio","isDimension":false},{"name":"ovrwgt_p_3_asr_lci","type":"java.lang.Double","title":"Estimated number of overweight people ? ASR per 100 population ? lower confidence interval","description":"The estimated number of people aged 18 years and over who were overweight (but not obese) based on their Body Mass Index BMI (between 25 and 30), 2014-15 ? Indirectly age-standardised rate per 100 population ? lower 95 percent confidence interval. ","stype":"ratio","isDimension":false},{"name":"ovrwgt_p_4_asr_uci","type":"java.lang.Double","title":"Estimated number of overweight people ? ASR per 100 population ? upper confidence interval","description":"The estimated number of people aged 18 years and over who were overweight (but not obese) based on their Body Mass Index BMI (between 25 and 30), 2014-15 ? Indirectly age-standardised rate per 100 population ? upper 95 percent confidence interval. ","stype":"ratio","isDimension":false},{"name":"ovrwgt_p_5_sr","type":"java.lang.Double","title":"Estimated number of overweight people ? SR","description":"The estimated number of people aged 18 years and over who were overweight (but not obese) based on their Body Mass Index BMI (between 25 and 30), 2014-15 ? indirectly age-standardised ratio (This ratio is the observed number to expected number of occurrences in the LGA given the relevant Australian standard population). ","stype":"ratio","isDimension":false},{"name":"ovrwgt_p_6_sr_lci","type":"java.lang.Double","title":"Estimated number of overweight people ? SR ? lower confidence interval","description":"The estimated number of people aged 18 years and over who were overweight (but not obese) based on their Body Mass Index BMI (between 25 and 30), 2014-15 ? indirectly age-standardised ratio ? lower 95 percent confidence interval. ","stype":"ratio","isDimension":false},{"name":"ovrwgt_p_7_sr_uci","type":"java.lang.Double","title":"Estimated number of overweight people ? SR ? upper confidence interval ","description":"The estimated number of people aged 18 years and over who were overweight (but not obese) based on their Body Mass Index BMI (between 25 and 30), 2014-15 ? indirectly age-standardised ratio ? upper 95 percent confidence interval. ","stype":"ratio","isDimension":false},{"name":"ovrwgt_p_8_rrmse","type":"java.lang.Integer","title":"Estimated number of overweight people ? Relative Root Mean Square Error","description":"The Relative Root Mean Square Error (RRMSE) is the measure of the reliability of an estimate. A value of 1 means the estimate should be used with caution, 2 means the estimate is too unreliable for general use, and 3 means the estimate is reliable. ","stype":"ratio","isDimension":false},{"name":"psych_dstrs_1_count","type":"java.lang.Integer","title":"Estimated number of people with psychological distress ? count","description":"The estimated number of people aged 18 years or over with ?high? (scores of 22-29); and ?very high? (scores of 30-50) psychological distress based on the Kessler 10 Scale (K10), 2014?15 ? count. ","stype":"ratio","isDimension":false},{"name":"psych_dstrs_2_asr","type":"java.lang.Double","title":"Estimated number of people with psychological distress ? ASR per 100 population","description":"The estimated number of people aged 18 years or over with ?high? (scores of 22-29); and ?very high? (scores of 30-50) psychological distress based on the Kessler 10 Scale (K10), 2014?15 ? Indirectly age-standardised rate per 100 population (Indirectly age-standardised refers to adjustments made through comparisons against the relevant standard Australian population). ","stype":"ratio","isDimension":false},{"name":"psych_dstrs_3_asr_lci","type":"java.lang.Double","title":"Estimated number of people with psychological distress ? ASR per 100 population ? lower confidence interval","description":"The estimated number of people aged 18 years or over with ?high? (scores of 22-29); and ?very high? (scores of 30-50) psychological distress based on the Kessler 10 Scale (K10), 2014?15 ? Indirectly age-standardised rate per 100 population ? lower 95 percent confidence interval. ","stype":"ratio","isDimension":false},{"name":"psych_dstrs_4_asr_uci","type":"java.lang.Double","title":"Estimated number of people with psychological distress ? ASR per 100 population ? upper confidence interval","description":"The estimated number of people aged 18 years or over with ?high? (scores of 22-29); and ?very high? (scores of 30-50) psychological distress based on the Kessler 10 Scale (K10), 2014?15 ? Indirectly age-standardised rate per 100 population ? upper 95 percent confidence interval. ","stype":"ratio","isDimension":false},{"name":"psych_dstrs_5_sr","type":"java.lang.Double","title":"Estimated number of people with psychological distress ? SR","description":"The estimated number of people aged 18 years or over with ?high? (scores of 22-29); and ?very high? (scores of 30-50) psychological distress based on the Kessler 10 Scale (K10), 2014?15 ? indirectly age-standardised ratio (This ratio is the observed number to expected number of occurrences in the LGA given the relevant Australian standard population). ","stype":"ratio","isDimension":false},{"name":"psych_dstrs_6_sr_lci","type":"java.lang.Double","title":"Estimated number of people with psychological distress ? SR ? lower confidence interval","description":"The estimated number of people aged 18 years or over with ?high? (scores of 22-29); and ?very high? (scores of 30-50) psychological distress based on the Kessler 10 Scale (K10), 2014?15 ? indirectly age-standardised ratio ? lower 95 percent confidence interval. ","stype":"ratio","isDimension":false},{"name":"psych_dstrs_7_sr_uci","type":"java.lang.Double","title":"Estimated number of people with psychological distress ? SR ? upper confidence interval ","description":"The estimated number of people aged 18 years or over with ?high? (scores of 22-29); and ?very high? (scores of 30-50) psychological distress based on the Kessler 10 Scale (K10), 2014?15 ? indirectly age-standardised ratio ? upper 95 percent confidence interval. ","stype":"ratio","isDimension":false},{"name":"psych_dstrs_8_rrmse","type":"java.lang.Integer","title":"Estimated number of people with psychological distress ? Relative Root Mean Square Error","description":"The Relative Root Mean Square Error (RRMSE) is the measure of the reliability of an estimate. A value of 1 means the estimate should be used with caution, 2 means the estimate is too unreliable for general use, and 3 means the estimate is reliable. ","stype":"ratio","isDimension":false},{"name":"smkrs_f_1_count","type":"java.lang.Integer","title":"Estimated number of females who were current smokers ? count","description":"The estimated number of females aged 18 years and over who were current smokers, 2014-15 ? count. ","stype":"ratio","isDimension":false},{"name":"smkrs_f_2_asr","type":"java.lang.Double","title":"Estimated number of females who were current smokers ? ASR per 100 population","description":"The estimated number of females aged 18 years and over who were current smokers, 2014-15 ? Indirectly age-standardised rate per 100 population (Indirectly age-standardised refers to adjustments made through comparisons against the relevant standard Australian population). ","stype":"ratio","isDimension":false},{"name":"smkrs_f_3_asr_lci","type":"java.lang.Double","title":"Estimated number of females who were current smokers ? ASR per 100 population ? lower confidence interval","description":"The estimated number of females aged 18 years and over who were current smokers, 2014-15 ? Indirectly age-standardised rate per 100 population ? lower 95 percent confidence interval. ","stype":"ratio","isDimension":false},{"name":"smkrs_f_4_asr_uci","type":"java.lang.Double","title":"Estimated number of females who were current smokers ? ASR per 100 population ? upper confidence interval","description":"The estimated number of females aged 18 years and over who were current smokers, 2014-15 ? Indirectly age-standardised rate per 100 population ? upper 95 percent confidence interval. ","stype":"ratio","isDimension":false},{"name":"smkrs_f_5_sr","type":"java.lang.Double","title":"Estimated number of females who were current smokers ? SR","description":"The estimated number of females aged 18 years and over who were current smokers, 2014-15 ? indirectly age-standardised ratio (This ratio is the observed number to expected number of occurrences in the LGA given the relevant Australian standard population). ","stype":"ratio","isDimension":false},{"name":"smkrs_f_6_sr_lci","type":"java.lang.Double","title":"Estimated number of females who were current smokers ? SR ? lower confidence interval","description":"The estimated number of females aged 18 years and over who were current smokers, 2014-15 ? indirectly age-standardised ratio ? lower 95 percent confidence interval. ","stype":"ratio","isDimension":false},{"name":"smkrs_f_7_sr_uci","type":"java.lang.Double","title":"Estimated number of females who were current smokers ? SR ? upper confidence interval ","description":"The estimated number of females aged 18 years and over who were current smokers, 2014-15 ? indirectly age-standardised ratio ? upper 95 percent confidence interval. ","stype":"ratio","isDimension":false},{"name":"smkrs_f_8_rrmse","type":"java.lang.Integer","title":"Estimated number of females who were current smokers ? Relative Root Mean Square Error","description":"The Relative Root Mean Square Error (RRMSE) is the measure of the reliability of an estimate. A value of 1 means the estimate should be used with caution, 2 means the estimate is too unreliable for general use, and 3 means the estimate is reliable. ","stype":"ratio","isDimension":false},{"name":"smkrs_m_1_count","type":"java.lang.Integer","title":"Estimated number of males who were current smokers ? count","description":"The estimated number of males aged 18 years and over who were current smokers, 2014-15 ? count. ","stype":"ratio","isDimension":false},{"name":"smkrs_m_2_asr","type":"java.lang.Double","title":"Estimated number of males who were current smokers ? ASR per 100 population","description":"The estimated number of males aged 18 years and over who were current smokers, 2014-15 ? Indirectly age-standardised rate per 100 population (Indirectly age-standardised refers to adjustments made through comparisons against the relevant standard Australian population). ","stype":"ratio","isDimension":false},{"name":"smkrs_m_3_asr_lci","type":"java.lang.Double","title":"Estimated number of males who were current smokers ? ASR per 100 population ? lower confidence interval","description":"The estimated number of males aged 18 years and over who were current smokers, 2014-15 ? Indirectly age-standardised rate per 100 population ? lower 95 percent confidence interval. ","stype":"ratio","isDimension":false},{"name":"smkrs_m_4_asr_uci","type":"java.lang.Double","title":"Estimated number of males who were current smokers ? ASR per 100 population ? upper confidence interval","description":"The estimated number of males aged 18 years and over who were current smokers, 2014-15 ? Indirectly age-standardised rate per 100 population ? upper 95 percent confidence interval. ","stype":"ratio","isDimension":false},{"name":"smkrs_m_5_sr","type":"java.lang.Double","title":"Estimated number of males who were current smokers ? SR","description":"The estimated number of males aged 18 years and over who were current smokers, 2014-15 ? indirectly age-standardised ratio (This ratio is the observed number to expected number of occurrences in the LGA given the relevant Australian standard population). ","stype":"ratio","isDimension":false},{"name":"smkrs_m_7_sr_uci","type":"java.lang.Double","title":"Estimated number of males who were current smokers ? SR ? upper confidence interval ","description":"The estimated number of males aged 18 years and over who were current smokers, 2014-15 ? indirectly age-standardised ratio ? upper 95 percent confidence interval. ","stype":"ratio","isDimension":false},{"name":"smkrs_m_8_rrmse","type":"java.lang.Integer","title":"Estimated number of males who were current smokers ? Relative Root Mean Square Error","description":"The Relative Root Mean Square Error (RRMSE) is the measure of the reliability of an estimate. A value of 1 means the estimate should be used with caution, 2 means the estimate is too unreliable for general use, and 3 means the estimate is reliable. ","stype":"ratio","isDimension":false},{"name":"smkrs_m__sr_lci","type":"java.lang.Double","title":"Estimated number of males who were current smokers ? SR ? lower confidence interval","description":"The estimated number of males aged 18 years and over who were current smokers, 2014-15 ? indirectly age-standardised ratio ? lower 95 percent confidence interval. ","stype":"ratio","isDimension":false},{"name":"smkrs_p_1_count","type":"java.lang.Integer","title":"Estimated number of people who were current smokers ? count","description":"The estimated number of people aged 18 years and over who were current smokers, 2014-15 ? count. ","stype":"ratio","isDimension":false},{"name":"smkrs_p_2_asr","type":"java.lang.Double","title":"Estimated number of people who were current smokers ? ASR per 100 population","description":"The estimated number of people aged 18 years and over who were current smokers, 2014-15 ? Indirectly age-standardised rate per 100 population (Indirectly age-standardised refers to adjustments made through comparisons against the relevant standard Australian population). ","stype":"ratio","isDimension":false},{"name":"smkrs_p_3_asr_lci","type":"java.lang.Double","title":"Estimated number of people who were current smokers ? ASR per 100 population ? lower confidence interval","description":"The estimated number of people aged 18 years and over who were current smokers, 2014-15 ? Indirectly age-standardised rate per 100 population ? lower 95 percent confidence interval. ","stype":"ratio","isDimension":false},{"name":"smkrs_p_4_asr_uci","type":"java.lang.Double","title":"Estimated number of people who were current smokers ? ASR per 100 population ? upper confidence interval","description":"The estimated number of people aged 18 years and over who were current smokers, 2014-15 ? Indirectly age-standardised rate per 100 population ? upper 95 percent confidence interval. ","stype":"ratio","isDimension":false},{"name":"smkrs_p_5_sr","type":"java.lang.Double","title":"Estimated number of people who were current smokers ? SR","description":"The estimated number of people aged 18 years and over who were current smokers, 2014-15 ? indirectly age-standardised ratio (This ratio is the observed number to expected number of occurrences in the LGA given the relevant Australian standard population). ","stype":"ratio","isDimension":false},{"name":"smkrs_p_6_sr_lci","type":"java.lang.Double","title":"Estimated number of people who were current smokers ? SR ? lower confidence interval","description":"The estimated number of people aged 18 years and over who were current smokers, 2014-15 ? indirectly age-standardised ratio ? lower 95 percent confidence interval. ","stype":"ratio","isDimension":false},{"name":"smkrs_p_7_sr_uci","type":"java.lang.Double","title":"Estimated number of people who were current smokers ? SR ? upper confidence interval ","description":"The estimated number of people aged 18 years and over who were current smokers, 2014-15 ? indirectly age-standardised ratio ? upper 95 percent confidence interval. ","stype":"ratio","isDimension":false},{"name":"smkrs_p_8_rrmse","type":"java.lang.Integer","title":"Estimated number of people who were current smokers ? Relative Root Mean Square Error","description":"The Relative Root Mean Square Error (RRMSE) is the measure of the reliability of an estimate. A value of 1 means the estimate should be used with caution, 2 means the estimate is too unreliable for general use, and 3 means the estimate is reliable. ","stype":"ratio","isDimension":false},{"name":"ste_name","type":"java.lang.String","title":"State Name","description":"Name of Australian State or Territory.","stype":"nominal","isDimension":false},{"name":"wst_meas_f_1_count","type":"java.lang.Integer","title":"Estimated number of females with a high risk waist measurement ? count","description":"The estimated number of females aged 18 years and over with a waist measurement of 80cm or more which indicates increased risk of developing chronic disease, 2014-15 ? count. ","stype":"ratio","isDimension":false},{"name":"wst_meas_f_2_asr","type":"java.lang.Double","title":"Estimated number of females with a high risk waist measurement ? ASR per 100 population","description":"The estimated number of females aged 18 years and over with a waist measurement of 80cm or more which indicates increased risk of developing chronic disease, 2014-15 ? Indirectly age-standardised rate per 100 population (Indirectly age-standardised refers to adjustments made through comparisons against the relevant standard Australian population). ","stype":"ratio","isDimension":false},{"name":"wst_meas_f_3_asr_lci","type":"java.lang.Double","title":"Estimated number of females with a high risk waist measurement ? ASR per 100 population ? lower confidence interval","description":"The estimated number of females aged 18 years and over with a waist measurement of 80cm or more which indicates increased risk of developing chronic disease, 2014-15 ? Indirectly age-standardised rate per 100 population ? lower 95 percent confidence interval. ","stype":"ratio","isDimension":false},{"name":"wst_meas_f_4_asr_uci","type":"java.lang.Double","title":"Estimated number of females with a high risk waist measurement ? ASR per 100 population ? upper confidence interval","description":"The estimated number of females aged 18 years and over with a waist measurement of 80cm or more which indicates increased risk of developing chronic disease, 2014-15 ? Indirectly age-standardised rate per 100 population ? upper 95 percent confidence interval. ","stype":"ratio","isDimension":false},{"name":"wst_meas_f_5_sr","type":"java.lang.Double","title":"Estimated number of females with a high risk waist measurement ? SR","description":"The estimated number of females aged 18 years and over with a waist measurement of 80cm or more which indicates increased risk of developing chronic disease, 2014-15 ? indirectly age-standardised ratio (This ratio is the observed number to expected number of occurrences in the LGA given the relevant Australian standard population). ","stype":"ratio","isDimension":false},{"name":"wst_meas_f_6_sr_lci","type":"java.lang.Double","title":"Estimated number of females with a high risk waist measurement ? SR ? lower confidence interval","description":"The estimated number of females aged 18 years and over with a waist measurement of 80cm or more which indicates increased risk of developing chronic disease, 2014-15 ? indirectly age-standardised ratio ? lower 95 percent confidence interval. ","stype":"ratio","isDimension":false},{"name":"wst_meas_f_7_sr_uci","type":"java.lang.Double","title":"Estimated number of females with a high risk waist measurement ? SR ? upper confidence interval ","description":"The estimated number of females aged 18 years and over with a waist measurement of 80cm or more which indicates increased risk of developing chronic disease, 2014-15 ? indirectly age-standardised ratio ? upper 95 percent confidence interval. ","stype":"ratio","isDimension":false},{"name":"wst_meas_f_8_rrmse","type":"java.lang.Integer","title":"Estimated number of females with a high risk waist measurement ? Relative Root Mean Square Error","description":"The Relative Root Mean Square Error (RRMSE) is the measure of the reliability of an estimate. A value of 1 means the estimate should be used with caution, 2 means the estimate is too unreliable for general use, and 3 means the estimate is reliable. ","stype":"ratio","isDimension":false},{"name":"wst_meas_m_1_count","type":"java.lang.Integer","title":"Estimated number of males with a high risk waist measurement ? count","description":"The estimated number of males aged 18 years and over with a waist measurement of 94cm or more which indicates increased risk of developing chronic disease, 2014-15 ? count. ","stype":"ratio","isDimension":false},{"name":"wst_meas_m_2_asr","type":"java.lang.Double","title":"Estimated number of males with a high risk waist measurement ? ASR per 100 population","description":"The estimated number of males aged 18 years and over with a waist measurement of 94cm or more which indicates increased risk of developing chronic disease, 2014-15 ? Indirectly age-standardised rate per 100 population (Indirectly age-standardised refers to adjustments made through comparisons against the relevant standard Australian population). ","stype":"ratio","isDimension":false},{"name":"wst_meas_m_3_asr_lci","type":"java.lang.Double","title":"Estimated number of males with a high risk waist measurement ? ASR per 100 population ? lower confidence interval","description":"The estimated number of males aged 18 years and over with a waist measurement of 94cm or more which indicates increased risk of developing chronic disease, 2014-15 ? Indirectly age-standardised rate per 100 population ? lower 95 percent confidence interval. ","stype":"ratio","isDimension":false},{"name":"wst_meas_m_4_asr_uci","type":"java.lang.Double","title":"Estimated number of males with a high risk waist measurement ? ASR per 100 population ? upper confidence interval","description":"The estimated number of males aged 18 years and over with a waist measurement of 94cm or more which indicates increased risk of developing chronic disease, 2014-15 ? Indirectly age-standardised rate per 100 population ? upper 95 percent confidence interval. ","stype":"ratio","isDimension":false},{"name":"wst_meas_m_5_sr","type":"java.lang.Double","title":"Estimated number of males with a high risk waist measurement ? SR","description":"The estimated number of males aged 18 years and over with a waist measurement of 94cm or more which indicates increased risk of developing chronic disease, 2014-15 ? indirectly age-standardised ratio (This ratio is the observed number to expected number of occurrences in the LGA given the relevant Australian standard population). ","stype":"ratio","isDimension":false},{"name":"wst_meas_m_6_sr_lci","type":"java.lang.Double","title":"Estimated number of males with a high risk waist measurement ? SR ? lower confidence interval","description":"The estimated number of males aged 18 years and over with a waist measurement of 94cm or more which indicates increased risk of developing chronic disease, 2014-15 ? indirectly age-standardised ratio ? lower 95 percent confidence interval. ","stype":"ratio","isDimension":false},{"name":"wst_meas_m_7_sr_uci","type":"java.lang.Double","title":"Estimated number of males with a high risk waist measurement ? SR ? upper confidence interval ","description":"The estimated number of males aged 18 years and over with a waist measurement of 94cm or more which indicates increased risk of developing chronic disease, 2014-15 ? indirectly age-standardised ratio ? upper 95 percent confidence interval. ","stype":"ratio","isDimension":false},{"name":"wst_meas_m_8_rrmse","type":"java.lang.Integer","title":"Estimated number of males with a high risk waist measurement ? Relative Root Mean Square Error","description":"The Relative Root Mean Square Error (RRMSE) is the measure of the reliability of an estimate. A value of 1 means the estimate should be used with caution, 2 means the estimate is too unreliable for general use, and 3 means the estimate is reliable. ","stype":"ratio","isDimension":false},{"name":"wst_meas_p_1_count","type":"java.lang.Integer","title":"Estimated number of people with a high risk waist measurement ? count","description":"The estimated number of people aged 18 years and over with a waist measurement of 94cm or more for men or 80cm or more for women, which indicates increased risk of developing chronic disease, 2014-15 ? count.","stype":"ratio","isDimension":false},{"name":"wst_meas_p_2_asr","type":"java.lang.Double","title":"Estimated number of people with a high risk waist measurement ? ASR per 100 population","description":"The estimated number of people aged 18 years and over with a waist measurement of 94cm or more for men or 80cm or more for women, which indicates increased risk of developing chronic disease, 2014-15 ? Indirectly age-standardised rate per 100 population (Indirectly age-standardised refers to adjustments made through comparisons against the relevant standard Australian population). ","stype":"ratio","isDimension":false},{"name":"wst_meas_p_3_asr_lci","type":"java.lang.Double","title":"Estimated number of people with a high risk waist measurement ? ASR per 100 population ? lower confidence interval","description":"The estimated number of people aged 18 years and over with a waist measurement of 94cm or more for men or 80cm or more for women, which indicates increased risk of developing chronic disease, 2014-15 ? Indirectly age-standardised rate per 100 population ? lower 95 percent confidence interval. ","stype":"ratio","isDimension":false},{"name":"wst_meas_p_4_asr_uci","type":"java.lang.Double","title":"Estimated number of people with a high risk waist measurement ? ASR per 100 population ? upper confidence interval","description":"The estimated number of people aged 18 years and over with a waist measurement of 94cm or more for men or 80cm or more for women, which indicates increased risk of developing chronic disease, 2014-15 ? Indirectly age-standardised rate per 100 population ? upper 95 percent confidence interval. ","stype":"ratio","isDimension":false},{"name":"wst_meas_p_5_sr","type":"java.lang.Double","title":"Estimated number of people with a high risk waist measurement ? SR","description":"The estimated number of people aged 18 years and over with a waist measurement of 94cm or more for men or 80cm or more for women, which indicates increased risk of developing chronic disease, 2014-15 ? indirectly age-standardised ratio (This ratio is the observed number to expected number of occurrences in the LGA given the relevant Australian standard population). ","stype":"ratio","isDimension":false},{"name":"wst_meas_p_6_sr_lci","type":"java.lang.Double","title":"Estimated number of people with a high risk waist measurement ? SR ? lower confidence interval","description":"The estimated number of people aged 18 years and over with a waist measurement of 94cm or more for men or 80cm or more for women, which indicates increased risk of developing chronic disease, 2014-15 ? indirectly age-standardised ratio ? lower 95 percent confidence interval. ","stype":"ratio","isDimension":false},{"name":"wst_meas_p_7_sr_uci","type":"java.lang.Double","title":"Estimated number of people with a high risk waist measurement ? SR ? upper confidence interval ","description":"The estimated number of people aged 18 years and over with a waist measurement of 94cm or more for men or 80cm or more for women, which indicates increased risk of developing chronic disease, 2014-15 ? indirectly age-standardised ratio ? upper 95 percent confidence interval. ","stype":"ratio","isDimension":false},{"name":"wst_meas_p_8_rrmse","type":"java.lang.Integer","title":"Estimated number of people with a high risk waist measurement ? Relative Root Mean Square Error","description":"The Relative Root Mean Square Error (RRMSE) is the measure of the reliability of an estimate. A value of 1 means the estimate should be used with caution, 2 means the estimate is too unreliable for general use, and 3 means the estimate is reliable. ","stype":"ratio","isDimension":false}],"filter":{"filterType":"tabular","feature":{"key":"lga_code","geoLevel":"lga2011","geoField":"ignored","year":"2006","featureBbox":[96.81676569599999,-43.740509603,159.109219008,-9.142175977],"featureType":"country","featureInstance":"au","featureName":"Australia","referenceSystemIdentifier":"urn:x-ogc:def:crs:EPSG:4283","prefix":"","keyTransform":null},"states":[]}}