{"organisation":"TUA_PHIDU","name":"sa2_nonenglishspeakingcountriesofbirth","title":"SA2 Non-English speaking countries of birth","legal":{"copyrightYear":"2014","attributionYear":"2014","attribution":"{datasource.organisationTitle}, ({dataset.attributionYear}): {dataset.title}; accessed from AURIN Portal on {dateOfAccess}.","clickthrough":false,"licenceType":"Creative Commons Attribution-NonCommercial-ShareAlike 3.0 Australia (CC BY-NC-SA 3.0 AU)","copyrightNotice":"&copy; {datasource.organisationTitle} {dataset.copyrightYear}"},"referenceSystemIdentifier":"EPSG:4283","geoLevel":"sa2","key":"area_code","keyRegex":null,"availability":"true","geomField":"wkb_geometry","keyword":"non-english speaking countries of birth, nesb, non-english speaking background, population","theme":null,"temporalExtent":{"beginDate":"2011-06-30T00:00:00","endDate":"2011-06-30T00:00:00","selectTime":false},"type":"dataset","_id":"dataset-TUA_PHIDU-sa2_nonenglishspeakingcountriesofbirth-sa2","bbox":null,"abstract":"People born in the ten most common non-English speaking background countries by SA2, 2011.","selectedAttributes":[{"name":"area_code","type":"java.lang.Integer","title":"Statistical Area Level 2 Code","description":"Statistical Area Level 2 code (2011)","stype":"nominal","isDimension":false},{"name":"area_name","type":"java.lang.String","title":"Statistical Area Level 2 Name","description":"Statistical Area Level 2 Name (2011)","stype":"nominal","isDimension":false},{"name":"ctry_vietnm_2_denom_6_11_6_11","type":"java.lang.Double","title":"Total Population","description":"Total population. Source: ABS Census 2011","stype":"ratio","isDimension":false},{"name":"ctry_vietnm_3_percent_6_11_6_11","type":"java.lang.Double","title":"Country of Origin - Vietnam - Percentage","description":"Population born in Vietnam as a percentage of the total population. Source: ABS Census 2011","stype":"ratio","isDimension":false},{"name":"ctry_lebnon_1_no_6_11_6_11","type":"java.lang.Double","title":"Country of Origin - Lebanon - Count","description":"People born in Lebanon. Source: ABS Census 2011","stype":"ratio","isDimension":false},{"name":"ctry_china_3_percent_6_11_6_11","type":"java.lang.Double","title":"Country of Origin - China - Percentage","description":"Population born in China as a percentage of the total population. Source: ABS Census 2011","stype":"ratio","isDimension":false},{"name":"ctry_germny_1_no_6_11_6_11","type":"java.lang.Double","title":"Country of Origin - Germany - Count","description":"People born in Germany. Source: ABS Census 2011","stype":"ratio","isDimension":false},{"name":"ctry_greece_3_percent_6_11_6_11","type":"java.lang.Double","title":"Country of Origin - Greece - Percentage","description":"Population born in Greece as a percentage of the total population. Source: ABS Census 2011","stype":"ratio","isDimension":false},{"name":"ctry_germny_3_percent_6_11_6_11","type":"java.lang.Double","title":"Country of Origin - Germany - Percentage","description":"Population born in Germany as a percentage of the total population. Source: ABS Census 2011","stype":"ratio","isDimension":false},{"name":"ctry_greece_1_no_6_11_6_11","type":"java.lang.Double","title":"Country of Origin - Greece - Count","description":"People born in Greece. Source: ABS Census 2011","stype":"ratio","isDimension":false},{"name":"ctry_india_1_no_6_11_6_11","type":"java.lang.Double","title":"Country of Origin - India - Count","description":"People born in India. Source: ABS Census 2011","stype":"ratio","isDimension":false},{"name":"ctry_india_3_percent_6_11_6_11","type":"java.lang.Double","title":"Country of Origin - India - Percentage","description":"Population born in India as a percentage of the total population. Source: ABS Census 2011","stype":"ratio","isDimension":false},{"name":"ctry_italy_1_no_6_11_6_11","type":"java.lang.Double","title":"Country of Origin - Italy - Count","description":"People born in Italy. Source: ABS Census 2011","stype":"ratio","isDimension":false},{"name":"ctry_italy_3_percent_6_11_6_11","type":"java.lang.Double","title":"Country of Origin - Italy - Percentage","description":"Population born in Italy as a percentage of the total population. Source: ABS Census 2011","stype":"ratio","isDimension":false},{"name":"ctry_lebnon_3_percent_6_11_6_11","type":"java.lang.Double","title":"Country of Origin - Lebanon - Percentage","description":"Population born in Lebanon as a percentage of the total population. Source: ABS Census 2011","stype":"ratio","isDimension":false},{"name":"ctry_malay_1_no_6_11_6_11","type":"java.lang.Double","title":"Country of Origin - Malaysia - Count","description":"People born in Malaysia. Source: ABS Census 2011","stype":"ratio","isDimension":false},{"name":"ctry_phillp_3_percent_6_11_6_11","type":"java.lang.Double","title":"Country of Origin - Philippines - Percentage","description":"Population born in the Philippines as a percentage of the total population. Source: ABS Census 2011","stype":"ratio","isDimension":false},{"name":"ctry_malay_3_percent_6_11_6_11","type":"java.lang.Double","title":"Country of Origin - Malaysia - Percentage","description":"Population born in Malaysia as a percentage of the total population. Source: ABS Census 2011","stype":"ratio","isDimension":false},{"name":"ctry_phillp_1_no_6_11_6_11","type":"java.lang.Double","title":"Country of Origin - Philippines - Count","description":"People born in the Philippines. Source: ABS Census 2011","stype":"ratio","isDimension":false},{"name":"ctry_srilnk_1_no_6_11_6_11","type":"java.lang.Double","title":"Country of Origin - Sri Lanka - Count","description":"People born in Sri Lanka. Source: ABS Census 2011","stype":"ratio","isDimension":false},{"name":"ctry_srilnk_3_percent_6_11_6_11","type":"java.lang.Double","title":"Country of Origin - Sri Lanka - Percentage","description":"Population born in Sri Lanka as a percentage of the total population. Source: ABS Census 2011","stype":"ratio","isDimension":false},{"name":"ctry_china_1_no_6_11_6_11","type":"java.lang.Double","title":"Country of Origin - China - Count","description":"People born in China. Source: ABS Census 2011","stype":"ratio","isDimension":false},{"name":"ctry_vietnm_1_no_6_11_6_11","type":"java.lang.Double","title":"Country of Origin - Vietnam - Count","description":"People born in Vietnam. Source: ABS Census 2011","stype":"ratio","isDimension":false}],"filter":{"filterType":"tabular","feature":{"key":"area_code","geoLevel":"sa2","geoField":"ignored","year":"2006","featureBbox":[96.81676569599999,-43.740509603,159.109219008,-9.142175977],"featureType":"country","featureInstance":"au","featureName":"Australia","referenceSystemIdentifier":"EPSG:4283","prefix":"","keyTransform":null},"states":[]}}