{"organisation":"AU_Govt_BITRE","name":"BITRE:bitre_reg_sla_nontaxables","title":"SLA Number of Non-Taxables 1990-91 to 2005-06 for Australia","legal":{"copyrightYear":"2014","attributionYear":"2014","attribution":"{datasource.organisationTitle}, ({dataset.attributionYear}): {dataset.title}; accessed from AURIN Portal on {dateOfAccess}.","clickthrough":false,"licenceType":"Data Licence (Bureau of Infrastructure, Transport and Regional Economics)","copyrightNotice":"&copy; Commonwealth of Australia (Bureau of Infrastructure, Transport and Regional Economics) {dataset.copyrightYear}"},"referenceSystemIdentifier":"EPSG:4283","geoLevel":"sla","key":"sla_code06","keyRegex":null,"availability":"true","geomField":"wkb_geometry","keyword":"number of non-taxables","theme":null,"temporalExtent":{"beginDate":"1990-07-01T00:00:00","endDate":"2006-06-30T00:00:00","selectTime":false},"type":"dataset","_id":"dataset-AU_Govt_BITRE-BITRE:bitre_reg_sla_nontaxables-sla","bbox":null,"abstract":"This dataset includes the number of non-taxables by statistical local area (SLA) 1990-91 to 2005-06. The number of non-taxables represents the number of people who submitted a tax return on which no tax was payable (that is, the taxable income was below the tax-free threshold). Figures are provided for this parameter for all but the first two years of the database (1980-81 & 1981-82), under the heading Non-taxables.  Note that individuals who did not submit a tax return at all are not counted in this category. This dataset is part of the Economic Growth (Taxable Income). Database developed by BITRE from published Australian Taxation Office postcode data using concordances developed by the Australian Bureau of Statistics. Further information relating to the datasource is available from here: <a href='https://www.bitre.gov.au/'>Additional Information</a>","selectedAttributes":[{"name":"sla_code06","type":"java.lang.String","title":"SLA Code","description":"SLA Code","stype":"Nominal","isDimension":false},{"name":"objectid","type":"java.lang.Double","title":"objectid","description":"Feature Identifier","stype":"Nominal","isDimension":false},{"name":"state_code","type":"java.lang.String","title":"State Code","description":"State or Territory Code","stype":"Nominal","isDimension":false},{"name":"state","type":"java.lang.String","title":"State","description":"State or Territory","stype":"Nominal","isDimension":false},{"name":"sla_code","type":"java.lang.Double","title":"SLA Code","description":"SLA Code","stype":"Nominal","isDimension":false},{"name":"sla_name","type":"java.lang.String","title":"SLA Name","description":"The name of the statistical local area","stype":"Nominal","isDimension":false},{"name":"y_1990_91","type":"java.lang.Double","title":"Year 1990-91","description":"The number of non-taxables (people who submitted a tax return on which no tax was payable) by statistical local area (SLA) in 1990-91","stype":"Ratio","isDimension":false},{"name":"y_1991_92","type":"java.lang.Double","title":"Year 1991-92","description":"The number of non-taxables (people who submitted a tax return on which no tax was payable) by statistical local area (SLA) in 1991-92","stype":"Ratio","isDimension":false},{"name":"y_1992_93","type":"java.lang.Double","title":"Year 1992-93","description":"The number of non-taxables (people who submitted a tax return on which no tax was payable) by statistical local area (SLA) in 1992-93","stype":"Ratio","isDimension":false},{"name":"y_1993_94","type":"java.lang.Double","title":"Year 1993-94","description":"The number of non-taxables (people who submitted a tax return on which no tax was payable) by statistical local area (SLA) in 1993-94","stype":"Ratio","isDimension":false},{"name":"y_1994_95","type":"java.lang.Double","title":"Year 1994-95","description":"The number of non-taxables (people who submitted a tax return on which no tax was payable) by statistical local area (SLA) in 1994-95","stype":"Ratio","isDimension":false},{"name":"y_1995_96","type":"java.lang.Double","title":"Year 1995-96","description":"The number of non-taxables (people who submitted a tax return on which no tax was payable) by statistical local area (SLA) in 1995-96","stype":"Ratio","isDimension":false},{"name":"y_1996_97","type":"java.lang.Double","title":"Year 1996-97","description":"The number of non-taxables (people who submitted a tax return on which no tax was payable) by statistical local area (SLA) in 1996-97","stype":"Ratio","isDimension":false},{"name":"y_1997_98","type":"java.lang.Double","title":"Year 1997-98","description":"The number of non-taxables (people who submitted a tax return on which no tax was payable) by statistical local area (SLA) in 1997-98","stype":"Ratio","isDimension":false},{"name":"y_1998_99","type":"java.lang.Double","title":"Year 1998-99","description":"The number of non-taxables (people who submitted a tax return on which no tax was payable) by statistical local area (SLA) in 1998-99","stype":"Ratio","isDimension":false},{"name":"y_1999_00","type":"java.lang.Double","title":"Year 1999-00","description":"The number of non-taxables (people who submitted a tax return on which no tax was payable) by statistical local area (SLA) in 1999-2000","stype":"Ratio","isDimension":false},{"name":"y_2000_01","type":"java.lang.Double","title":"Year 2000-01","description":"The number of non-taxables (people who submitted a tax return on which no tax was payable) by statistical local area (SLA) in 2000-2001","stype":"Ratio","isDimension":false},{"name":"y_2001_02","type":"java.lang.Double","title":"Year 2001-02","description":"The number of non-taxables (people who submitted a tax return on which no tax was payable) by statistical local area (SLA) in 2001-2002","stype":"Ratio","isDimension":false},{"name":"y_2002_03","type":"java.lang.Double","title":"Year 2002-03","description":"The number of non-taxables (people who submitted a tax return on which no tax was payable) by statistical local area (SLA) in 2002-2003","stype":"Ratio","isDimension":false},{"name":"y_2003_04","type":"java.lang.Double","title":"Year 2003-04","description":"The number of non-taxables (people who submitted a tax return on which no tax was payable) by statistical local area (SLA) in 2003-2004","stype":"Ratio","isDimension":false},{"name":"y_2004_05","type":"java.lang.Double","title":"Year 2004-05","description":"The number of non-taxables (people who submitted a tax return on which no tax was payable) by statistical local area (SLA) in 2004-2005","stype":"Ratio","isDimension":false},{"name":"y_2005_06","type":"java.lang.Double","title":"Year 2005-06","description":"The number of non-taxables (people who submitted a tax return on which no tax was payable) by statistical local area (SLA) in 2005-2006","stype":"Ratio","isDimension":false}],"filter":{"filterType":"tabular","feature":{"key":"sla_code06","geoLevel":"sla","geoField":"ignored","year":"2006","featureBbox":[96.81676569599999,-43.740509603,159.109219008,-9.142175977],"featureType":"country","featureInstance":"au","featureName":"Australia","referenceSystemIdentifier":"EPSG:4283","prefix":"","keyTransform":null},"states":[]}}