{"organisation":"AU_Govt_ABS","name":"nrp_peop_aust_sa2","title":"SA2 National Regional Profile (NRP) - People/Population 2009 - 2013","legal":{"copyrightYear":"2016","attributionYear":"2016","attribution":"{datasource.organisationTitle}, ({dataset.attributionYear}): {dataset.title}; accessed from AURIN Portal on {dateOfAccess}.","clickthrough":false,"licenceType":"Creative Commons Attribution 2.5 Australia (CC BY 2.5 AU)","copyrightNotice":"&copy; Commonwealth of Australia (Australian Bureau of Statistics) {dataset.copyrightYear}"},"referenceSystemIdentifier":"urn:x-ogc:def:crs:EPSG:4283","geoLevel":"sa2","key":"sa2_main11","keyRegex":null,"availability":"true","geomField":"geom","keyword":"census, regional profile, nrp, people, population, erp, estimated resident population, births, deaths, born overseas, language, qualifications, occupation, travel to work, households, families, internal migration, unpaid work, internet","theme":null,"temporalExtent":{"beginDate":"2009-01-01T00:00:00","endDate":"2013-12-31T00:00:00","selectTime":false},"type":"dataset","_id":"dataset-AU_Govt_ABS-nrp_peop_aust_sa2-sa2","bbox":null,"abstract":"The National Regional Profile (NRP) presents, for all Australia, a range of data for various types of small regions. Data are available for Local Government Areas, Statistical Areas Levels 2 and other larger geographies. The NRP is intended for users interested in the characteristics of regions and in comparing regions across Australia. Data are in time series, where available. Data sourced from: <a href='http://stat.abs.gov.au/' target=\"_blank\">http://stat.abs.gov.au/</a>. Refer to the source data for further information: <a href='http://www.abs.gov.au/AUSSTATS/abs@.nsf/exnote/1379.0.55.001' target=\"_blank\">http://www.abs.gov.au/AUSSTATS/abs@.nsf/exnote/1379.0.55.001</a>. For further information about these and related statistics, contact the National Information and Referral Services on 1300 135 070. Data current as of 29/06/2015.","selectedAttributes":[{"name":"year_","type":"java.lang.Integer","title":"Year","description":"Year.","stype":"ordinal","filterValue":2013,"isDimension":true,"valueRangeMin":2009,"valueRangeMax":2013,"valueRangeStep":1},{"name":"sa2_main11","type":"java.lang.String","title":"SA2 Code","description":"Statistical Area Level 2 (SA2) Code.","stype":"nominal","isDimension":false},{"name":"sa2_name11","type":"java.lang.String","title":"SA2 Name","description":"Statistical Area Level 2 (SA2) Name.","stype":"nominal","isDimension":false},{"name":"erp_m_20","type":"java.lang.Integer","title":"ESTIMATED RESIDENT POPULATION - Males - Total (no.) (Number)","description":"ERP_M_20: Estimated Resident Population - Males - Total (no.). As at 30 June.","stype":"ratio","isDimension":false},{"name":"erp_f_20","type":"java.lang.Integer","title":"ESTIMATED RESIDENT POPULATION - Females - Total (no.) (Number)","description":"ERP_F_20: Estimated Resident Population - Females - Total (no.). As at 30 June.","stype":"ratio","isDimension":false},{"name":"erp_p_20","type":"java.lang.Integer","title":"ESTIMATED RESIDENT POPULATION - Persons - Total (no.) (Number)","description":"ERP_P_20: Estimated Resident Population - Persons - Total (no.). As at 30 June.","stype":"ratio","isDimension":false},{"name":"erp_6","type":"java.lang.Double","title":"ESTIMATED RESIDENT POPULATION - Population by Age group - Persons - 0 to 14 years (%) (Percent)","description":"ERP_6: Estimated Resident Population - Persons - 0-14 years (%). As at 30 June.","stype":"ratio","isDimension":false},{"name":"erp_7","type":"java.lang.Double","title":"ESTIMATED RESIDENT POPULATION - Population by Age group - Persons - 15 years to 24 years (%) (Percent)","description":"ERP_7: Estimated Resident Population - Persons - 15-24 years (%). As at 30 June.","stype":"ratio","isDimension":false},{"name":"erp_8","type":"java.lang.Double","title":"ESTIMATED RESIDENT POPULATION - Population by Age group - Persons - 25 years to 34 years (%) (Percent)","description":"ERP_8: Estimated Resident Population - Persons - 25-34 years (%). As at 30 June.","stype":"ratio","isDimension":false},{"name":"erp_9","type":"java.lang.Double","title":"ESTIMATED RESIDENT POPULATION - Population by Age group - Persons - 35 years to 44 years (%) (Percent)","description":"ERP_9: Estimated Resident Population - Persons - 35-44 years (%). As at 30 June.","stype":"ratio","isDimension":false},{"name":"erp_10","type":"java.lang.Double","title":"ESTIMATED RESIDENT POPULATION - Population by Age group - Persons - 45 years to 54 years (%) (Percent)","description":"ERP_10: Estimated Resident Population - Persons - 45-54 years (%). As at 30 June.","stype":"ratio","isDimension":false},{"name":"erp_11","type":"java.lang.Double","title":"ESTIMATED RESIDENT POPULATION - Population by Age group - Persons - 55 years to 64 years (%) (Percent)","description":"ERP_11: Estimated Resident Population - Persons - 55-64 years (%). As at 30 June.","stype":"ratio","isDimension":false},{"name":"erp_12","type":"java.lang.Double","title":"ESTIMATED RESIDENT POPULATION - Population by Age group - Persons - 65 years to 74 years (%) (Percent)","description":"ERP_12: Estimated Resident Population - Persons - 65-74 years (%). As at 30 June.","stype":"ratio","isDimension":false},{"name":"erp_13","type":"java.lang.Double","title":"ESTIMATED RESIDENT POPULATION - Population by Age group - Persons - 75 years to 84 years (%) (Percent)","description":"ERP_13: Estimated Resident Population - Persons - 75-84 years (%). As at 30 June.","stype":"ratio","isDimension":false},{"name":"erp_14","type":"java.lang.Double","title":"ESTIMATED RESIDENT POPULATION - Population by Age group - Persons - 85 years and over (%) (Percent)","description":"ERP_14: Estimated Resident Population - Persons - 85 years and over (%). As at 30 June.","stype":"ratio","isDimension":false},{"name":"erp_f_2","type":"java.lang.Integer","title":"ESTIMATED RESIDENT POPULATION - Males - 0 to 4 years (no.) (Number)","description":"ERP_F_2: Estimated Resident Population - Females - 0-4 years (no.). As at 30 June.","stype":"ratio","isDimension":false},{"name":"erp_f_3","type":"java.lang.Integer","title":"ESTIMATED RESIDENT POPULATION - Males - 5 years to 9 years (no.) (Number)","description":"ERP_F_3: Estimated Resident Population - Females - 5-9 years (no.). As at 30 June.","stype":"ratio","isDimension":false},{"name":"erp_f_4","type":"java.lang.Integer","title":"ESTIMATED RESIDENT POPULATION - Males - 15 years to 19 years (no.) (Number)","description":"ERP_F_4: Estimated Resident Population - Females - 10-14 years (no.). As at 30 June.","stype":"ratio","isDimension":false},{"name":"erp_f_5","type":"java.lang.Integer","title":"ESTIMATED RESIDENT POPULATION - Males - 10 years to 14 years (no.) (Number)","description":"ERP_F_5: Estimated Resident Population - Females - 15-19 years (no.). As at 30 June.","stype":"ratio","isDimension":false},{"name":"erp_f_6","type":"java.lang.Integer","title":"ESTIMATED RESIDENT POPULATION - Males - 20 years to 24 years (no.) (Number)","description":"ERP_F_6: Estimated Resident Population - Females - 20-24 years (no.). As at 30 June.","stype":"ratio","isDimension":false},{"name":"erp_f_7","type":"java.lang.Integer","title":"ESTIMATED RESIDENT POPULATION - Males - 25 years to 29 years (no.) (Number)","description":"ERP_F_7: Estimated Resident Population - Females - 25-29 years (no.). As at 30 June.","stype":"ratio","isDimension":false},{"name":"erp_f_8","type":"java.lang.Integer","title":"ESTIMATED RESIDENT POPULATION - Males - 30 years to 34 years (no.) (Number)","description":"ERP_F_8: Estimated Resident Population - Females - 30-34 years (no.). As at 30 June.","stype":"ratio","isDimension":false},{"name":"erp_f_9","type":"java.lang.Integer","title":"ESTIMATED RESIDENT POPULATION - Males - 35 years to 39 years (no.) (Number)","description":"ERP_F_9: Estimated Resident Population - Females - 35-39 years (no.). As at 30 June.","stype":"ratio","isDimension":false},{"name":"erp_f_10","type":"java.lang.Integer","title":"ESTIMATED RESIDENT POPULATION - Males - 40 years to 44 years (no.) (Number)","description":"ERP_F_10: Estimated Resident Population - Females - 40-44 years (no.). As at 30 June.","stype":"ratio","isDimension":false},{"name":"erp_f_11","type":"java.lang.Integer","title":"ESTIMATED RESIDENT POPULATION - Males - 45 years to 49 years (no.) (Number)","description":"ERP_F_11: Estimated Resident Population - Females - 45-49 years (no.). As at 30 June.","stype":"ratio","isDimension":false},{"name":"erp_f_12","type":"java.lang.Integer","title":"ESTIMATED RESIDENT POPULATION - Males - 50 years to 54 years (no.) (Number)","description":"ERP_F_12: Estimated Resident Population - Females - 50-54 years (no.). As at 30 June.","stype":"ratio","isDimension":false},{"name":"erp_f_13","type":"java.lang.Integer","title":"ESTIMATED RESIDENT POPULATION - Males - 55 years to 59 years (no.) (Number)","description":"ERP_F_13: Estimated Resident Population - Females - 55-59 years (no.). As at 30 June.","stype":"ratio","isDimension":false},{"name":"erp_f_14","type":"java.lang.Integer","title":"ESTIMATED RESIDENT POPULATION - Males - 60 years to 64 years (no.) (Number)","description":"ERP_F_14: Estimated Resident Population - Females - 60-64 years (no.). As at 30 June.","stype":"ratio","isDimension":false},{"name":"erp_f_15","type":"java.lang.Integer","title":"ESTIMATED RESIDENT POPULATION - Males - 65 years to 69 years (no.) (Number)","description":"ERP_F_15: Estimated Resident Population - Females - 65-69 years (no.). As at 30 June.","stype":"ratio","isDimension":false},{"name":"erp_f_16","type":"java.lang.Integer","title":"ESTIMATED RESIDENT POPULATION - Males - 70 years to 74 years (no.) (Number)","description":"ERP_F_16: Estimated Resident Population - Females - 70-74 years (no.). As at 30 June.","stype":"ratio","isDimension":false},{"name":"erp_f_17","type":"java.lang.Integer","title":"ESTIMATED RESIDENT POPULATION - Males - 80 years to 84 years (no.) (Number)","description":"ERP_F_17: Estimated Resident Population - Females - 75-79 years (no.). As at 30 June.","stype":"ratio","isDimension":false},{"name":"erp_f_18","type":"java.lang.Integer","title":"ESTIMATED RESIDENT POPULATION - Males - 75 years to 79 years (no.) (Number)","description":"ERP_F_18: Estimated Resident Population - Females - 80-84 years (no.). As at 30 June.","stype":"ratio","isDimension":false},{"name":"erp_f_19","type":"java.lang.Integer","title":"ESTIMATED RESIDENT POPULATION - Males - 85 years and over (no.) (Number)","description":"ERP_F_19: Estimated Resident Population - Females - 85 and over (no.). As at 30 June.","stype":"ratio","isDimension":false},{"name":"erp_m_2","type":"java.lang.Integer","title":"ESTIMATED RESIDENT POPULATION - Females - 0 to 4 years (no.) (Number)","description":"ERP_M_2: Estimated Resident Population - Males - 0-4 years (no.). As at 30 June.","stype":"ratio","isDimension":false},{"name":"erp_m_3","type":"java.lang.Integer","title":"ESTIMATED RESIDENT POPULATION - Females - 5 years to 9 years (no.) (Number)","description":"ERP_M_3: Estimated Resident Population - Males - 5-9 years (no.). As at 30 June.","stype":"ratio","isDimension":false},{"name":"erp_m_4","type":"java.lang.Integer","title":"ESTIMATED RESIDENT POPULATION - Females - 10 years to 14 years (no.) (Number)","description":"ERP_M_4: Estimated Resident Population - Males - 10-14 years (no.). As at 30 June.","stype":"ratio","isDimension":false},{"name":"erp_m_5","type":"java.lang.Integer","title":"ESTIMATED RESIDENT POPULATION - Females - 15 years to 19 years (no.) (Number)","description":"ERP_M_5: Estimated Resident Population - Males - 15-19 years (no.). As at 30 June.","stype":"ratio","isDimension":false},{"name":"erp_m_6","type":"java.lang.Integer","title":"ESTIMATED RESIDENT POPULATION - Females - 20 years to 24 years (no.) (Number)","description":"ERP_M_6: Estimated Resident Population - Males - 20-24 years (no.). As at 30 June.","stype":"ratio","isDimension":false},{"name":"erp_m_7","type":"java.lang.Integer","title":"ESTIMATED RESIDENT POPULATION - Females - 25 years to 29 years (no.) (Number)","description":"ERP_M_7: Estimated Resident Population - Males - 25-29 years (no.). As at 30 June.","stype":"ratio","isDimension":false},{"name":"erp_m_8","type":"java.lang.Integer","title":"ESTIMATED RESIDENT POPULATION - Females - 30 years to 34 years (no.) (Number)","description":"ERP_M_8: Estimated Resident Population - Males - 30-34 years (no.). As at 30 June.","stype":"ratio","isDimension":false},{"name":"erp_m_9","type":"java.lang.Integer","title":"ESTIMATED RESIDENT POPULATION - Females - 35 years to 39 years (no.) (Number)","description":"ERP_M_9: Estimated Resident Population - Males - 35-39 years (no.). As at 30 June.","stype":"ratio","isDimension":false},{"name":"erp_m_10","type":"java.lang.Integer","title":"ESTIMATED RESIDENT POPULATION - Females - 40 years to 44 years (no.) (Number)","description":"ERP_M_10: Estimated Resident Population - Males - 40-44 years (no.). As at 30 June.","stype":"ratio","isDimension":false},{"name":"erp_m_11","type":"java.lang.Integer","title":"ESTIMATED RESIDENT POPULATION - Females - 45 years to 49 years (no.) (Number)","description":"ERP_M_11: Estimated Resident Population - Males - 45-49 years (no.). As at 30 June.","stype":"ratio","isDimension":false},{"name":"erp_m_12","type":"java.lang.Integer","title":"ESTIMATED RESIDENT POPULATION - Females - 50 years to 54 years (no.) (Number)","description":"ERP_M_12: Estimated Resident Population - Males - 50-54 years (no.). As at 30 June.","stype":"ratio","isDimension":false},{"name":"erp_m_13","type":"java.lang.Integer","title":"ESTIMATED RESIDENT POPULATION - Females - 55 years to 59 years (no.) (Number)","description":"ERP_M_13: Estimated Resident Population - Males - 55-59 years (no.). As at 30 June.","stype":"ratio","isDimension":false},{"name":"erp_m_14","type":"java.lang.Integer","title":"ESTIMATED RESIDENT POPULATION - Females - 60 years to 64 years (no.) (Number)","description":"ERP_M_14: Estimated Resident Population - Males - 60-64 years (no.). As at 30 June.","stype":"ratio","isDimension":false},{"name":"erp_m_15","type":"java.lang.Integer","title":"ESTIMATED RESIDENT POPULATION - Females - 65 years to 69 years (no.) (Number)","description":"ERP_M_15: Estimated Resident Population - Males - 65-69 years (no.). As at 30 June.","stype":"ratio","isDimension":false},{"name":"erp_m_16","type":"java.lang.Integer","title":"ESTIMATED RESIDENT POPULATION - Females - 70 years to 74 years (no.) (Number)","description":"ERP_M_16: Estimated Resident Population - Males - 70-74 years (no.). As at 30 June.","stype":"ratio","isDimension":false},{"name":"erp_m_17","type":"java.lang.Integer","title":"ESTIMATED RESIDENT POPULATION - Females - 75 years to 79 years (no.) (Number)","description":"ERP_M_17: Estimated Resident Population - Males - 75-79 years (no.). As at 30 June.","stype":"ratio","isDimension":false},{"name":"erp_m_18","type":"java.lang.Integer","title":"ESTIMATED RESIDENT POPULATION - Females - 80 years to 84 years (no.) (Number)","description":"ERP_M_18: Estimated Resident Population - Males - 80-84 years (no.). As at 30 June.","stype":"ratio","isDimension":false},{"name":"erp_m_19","type":"java.lang.Integer","title":"ESTIMATED RESIDENT POPULATION - Females - 85 years and over (no.) (Number)","description":"ERP_M_19: Estimated Resident Population - Males - 85 and over (no.). As at 30 June.","stype":"ratio","isDimension":false},{"name":"erp_p_2","type":"java.lang.Integer","title":"ESTIMATED RESIDENT POPULATION - Persons - 0 to 4 years (no.) (Number)","description":"ERP_P_2: Estimated Resident Population - Persons - 0-4 years (no.). As at 30 June.","stype":"ratio","isDimension":false},{"name":"erp_p_3","type":"java.lang.Integer","title":"ESTIMATED RESIDENT POPULATION - Persons - 5 years to 9 years (no.) (Number)","description":"ERP_P_3: Estimated Resident Population - Persons - 5-9 years (no.). As at 30 June.","stype":"ratio","isDimension":false},{"name":"erp_p_4","type":"java.lang.Integer","title":"ESTIMATED RESIDENT POPULATION - Persons - 10 years to 14 years (no.) (Number)","description":"ERP_P_4: Estimated Resident Population - Persons - 10-14 years (no.). As at 30 June.","stype":"ratio","isDimension":false},{"name":"erp_p_5","type":"java.lang.Integer","title":"ESTIMATED RESIDENT POPULATION - Persons - 15 years to 19 years (no.) (Number)","description":"ERP_P_5: Estimated Resident Population - Persons - 15-19 years (no.). As at 30 June.","stype":"ratio","isDimension":false},{"name":"erp_p_6","type":"java.lang.Integer","title":"ESTIMATED RESIDENT POPULATION - Persons - 20 years to 24 years (no.) (Number)","description":"ERP_P_6: Estimated Resident Population - Persons - 20-24 years (no.). As at 30 June.","stype":"ratio","isDimension":false},{"name":"erp_p_7","type":"java.lang.Integer","title":"ESTIMATED RESIDENT POPULATION - Persons - 25 years to 29 years (no.) (Number)","description":"ERP_P_7: Estimated Resident Population - Persons - 25-29 years (no.). As at 30 June.","stype":"ratio","isDimension":false},{"name":"erp_p_8","type":"java.lang.Integer","title":"ESTIMATED RESIDENT POPULATION - Persons - 30 years to 34 years (no.) (Number)","description":"ERP_P_8: Estimated Resident Population - Persons - 30-34 years (no.). As at 30 June.","stype":"ratio","isDimension":false},{"name":"erp_p_9","type":"java.lang.Integer","title":"ESTIMATED RESIDENT POPULATION - Persons - 35 years to 39 years (no.) (Number)","description":"ERP_P_9: Estimated Resident Population - Persons - 35-39 years (no.). As at 30 June.","stype":"ratio","isDimension":false},{"name":"erp_p_10","type":"java.lang.Integer","title":"ESTIMATED RESIDENT POPULATION - Persons - 40 years to 44 years (no.) (Number)","description":"ERP_P_10: Estimated Resident Population - Persons - 40-44 years (no.). As at 30 June.","stype":"ratio","isDimension":false},{"name":"erp_p_11","type":"java.lang.Integer","title":"ESTIMATED RESIDENT POPULATION - Persons - 45 years to 49 years (no.) (Number)","description":"ERP_P_11: Estimated Resident Population - Persons - 45-49 years (no.). As at 30 June.","stype":"ratio","isDimension":false},{"name":"erp_p_12","type":"java.lang.Integer","title":"ESTIMATED RESIDENT POPULATION - Persons - 50 years to 54 years (no.) (Number)","description":"ERP_P_12: Estimated Resident Population - Persons - 50-54 years (no.). As at 30 June.","stype":"ratio","isDimension":false},{"name":"erp_p_13","type":"java.lang.Integer","title":"ESTIMATED RESIDENT POPULATION - Persons - 55 years to 59 years (no.) (Number)","description":"ERP_P_13: Estimated Resident Population - Persons - 55-59 years (no.). As at 30 June.","stype":"ratio","isDimension":false},{"name":"erp_p_14","type":"java.lang.Integer","title":"ESTIMATED RESIDENT POPULATION - Persons - 60 years to 64 years (no.) (Number)","description":"ERP_P_14: Estimated Resident Population - Persons - 60-64 years (no.). As at 30 June.","stype":"ratio","isDimension":false},{"name":"erp_p_15","type":"java.lang.Integer","title":"ESTIMATED RESIDENT POPULATION - Persons - 65 years to 69 years (no.) (Number)","description":"ERP_P_15: Estimated Resident Population - Persons - 65-69 years (no.). As at 30 June.","stype":"ratio","isDimension":false},{"name":"erp_p_16","type":"java.lang.Integer","title":"ESTIMATED RESIDENT POPULATION - Persons - 70 years to 74 years (no.) (Number)","description":"ERP_P_16: Estimated Resident Population - Persons - 70-74 years (no.). As at 30 June.","stype":"ratio","isDimension":false},{"name":"erp_p_17","type":"java.lang.Integer","title":"ESTIMATED RESIDENT POPULATION - Persons - 75 years to 79 years (no.) (Number)","description":"ERP_P_17: Estimated Resident Population - Persons - 75-79 years (no.). As at 30 June.","stype":"ratio","isDimension":false},{"name":"erp_p_18","type":"java.lang.Integer","title":"ESTIMATED RESIDENT POPULATION - Persons - 80 years to 84 years (no.) (Number)","description":"ERP_P_18: Estimated Resident Population - Persons - 80-84 years (no.). As at 30 June.","stype":"ratio","isDimension":false},{"name":"erp_p_19","type":"java.lang.Integer","title":"ESTIMATED RESIDENT POPULATION - Persons - 85 years and over (no.) (Number)","description":"ERP_P_19: Estimated Resident Population - Persons - 85 and over (no.). As at 30 June.","stype":"ratio","isDimension":false},{"name":"erp_18","type":"java.lang.Double","title":"ESTIMATED RESIDENT POPULATION - Working Age Population (15-64 years) (%) (Percent)","description":"\"ERP_18: Estimated Resident Population - Working Age Population (aged 15-64 years)","stype":" ERP at 30 June (% of total) (%)\"","isDimension":false},{"name":"erp_19","type":"java.lang.Double","title":"ESTIMATED RESIDENT POPULATION - Median Age Usual Residents - at 30 June (years) (Number)","description":"\"ERP_19: Estimated Resident Population - Median Age - Usual Residents","stype":" ERP at 30 June (years)\"","isDimension":false},{"name":"erp_21","type":"java.lang.Double","title":"POPULATION DENSITY (ERP at 30 June) (persons/km2) (Number)","description":"ERP_21: Population Density - Population density (ERP at 30 June) (persons/km2)","stype":"ratio","isDimension":false},{"name":"bd_2","type":"java.lang.Integer","title":"BIRTHS AND DEATHS - Births (no.) (Persons)","description":"BD_2: Births and Deaths - Births (no.). Year ended 31 December.","stype":"ratio","isDimension":false},{"name":"bd_3","type":"java.lang.Integer","title":"BIRTHS AND DEATHS - Total fertility rate per female (Number)","description":"BD_3: Births and Deaths - Total fertility rate ( per female) (rate). Year ended 31 December.","stype":"ratio","isDimension":false},{"name":"bd_4","type":"java.lang.Integer","title":"BIRTHS AND DEATHS - Deaths (no.) (Persons)","description":"BD_4: Births and Deaths - Deaths (no.). Year ended 31 December.","stype":"ratio","isDimension":false},{"name":"bd_5","type":"java.lang.Double","title":"BIRTHS AND DEATHS - Standardised death rate per 1000 population (Number)","description":"\"BD_5: Births and Deaths - Standardised death rate (per 1","stype":"000 population) (rate). Year ended 31 December.\"","isDimension":false},{"name":"atsi_2","type":"java.lang.Double","title":"ABORIGINAL AND TORRES STRAIT ISLANDER PEOPLES - Census 2011 - Proportion of total population (Percent)","description":"ATSI_2: Aboriginal and Torres Strait Islander Peoples - Proportion of total population (%). 2011 Census.","stype":"ratio","isDimension":false},{"name":"bn_osea_2","type":"java.lang.Double","title":"OVERSEAS BORN POPULATION - Born in Oceania Antarctica (exc. Australia) (Census 2011) (%) (Percent)","description":"BORN_OSEAS_2: Overseas Born Population: Percentage of Total Population - Born in Oceania (excl. Aust) and Antarctica (%). 2011 Census.","stype":"ratio","isDimension":false},{"name":"bn_osea_3","type":"java.lang.Double","title":"OVERSEAS BORN POPULATION - Born in North-West Europe (Census 2011) (%) (Percent)","description":"BORN_OSEAS_3: Overseas Born Population: Percentage of Total Population - Born in North-West Europe (%). 2011 Census.","stype":"ratio","isDimension":false},{"name":"bn_osea_4","type":"java.lang.Double","title":"OVERSEAS BORN POPULATION - Born in Southern & Eastern Europe (Census 2011) (%) (Percent)","description":"BORN_OSEAS_4: Overseas Born Population: Percentage of Total Population - Born in Southern and Eastern Europe (%). 2011 Census.","stype":"ratio","isDimension":false},{"name":"bn_osea_5","type":"java.lang.Double","title":"OVERSEAS BORN POPULATION - Born in North Africa Middle East (Census 2011) (%) (Percent)","description":"BORN_OSEAS_5: Overseas Born Population: Percentage of Total Population - Born in North Africa and the Middle East (%). 2011 Census.","stype":"ratio","isDimension":false},{"name":"bn_osea_6","type":"java.lang.Double","title":"OVERSEAS BORN POPULATION - Born in South-East Asia (Census 2011) (%) (Percent)","description":"BORN_OSEAS_6: Overseas Born Population: Percentage of Total Population - Born in South-East Asia (%). 2011 Census.","stype":"ratio","isDimension":false},{"name":"bn_osea_7","type":"java.lang.Double","title":"OVERSEAS BORN POPULATION - Born in North-East Asia (Census 2011) (%) (Percent)","description":"BORN_OSEAS_7: Overseas Born Population: Percentage of Total Population - Born in North-East Asia (%). 2011 Census.","stype":"ratio","isDimension":false},{"name":"bn_osea_8","type":"java.lang.Double","title":"OVERSEAS BORN POPULATION - Born in Southern Central Asia (Census 2011) (%) (Percent)","description":"BORN_OSEAS_8: Overseas Born Population: Percentage of Total Population - Born in Southern and Central Asia (%). 2011 Census.","stype":"ratio","isDimension":false},{"name":"bn_osea_9","type":"java.lang.Double","title":"OVERSEAS BORN POPULATION - Born in Americas (Census 2011) (%) (Percent)","description":"BORN_OSEAS_9: Overseas Born Population: Percentage of Total Population - Born in Americas (%). 2011 Census.","stype":"ratio","isDimension":false},{"name":"bn_osea_10","type":"java.lang.Double","title":"OVERSEAS BORN POPULATION - Born in Sub-Saharan Africa (Census 2011) (%) (Percent)","description":"BORN_OSEAS_10: Overseas Born Population: Percentage of Total Population - Born in Sub-Saharan Africa (%). 2011 Census.","stype":"ratio","isDimension":false},{"name":"bn_osea_11","type":"java.lang.Double","title":"OVERSEAS BORN POPULATION - Total Born Overseas (Census 2011) (%) (Percent)","description":"BORN_OSEAS_11: Overseas Born Population: Percentage of Total Population - Total born overseas (%). 2011 Census.","stype":"ratio","isDimension":false},{"name":"lang_2","type":"java.lang.Double","title":"OVERSEAS BORN POPULATION - Speaks a language other than English at home - Census 2011 (%) (Percent)","description":"LANG_2: Speaks a Language Other Than English at Home - Percentage of total population (%). 2011 Census.","stype":"ratio","isDimension":false},{"name":"school_2","type":"java.lang.Double","title":"PERSONS WITH POST SCHOOL QUALIFICATIONS - Percentage of total population aged 15 years and over (%) (Percent)","description":"SCHOOL_2: Persons with Post School Qualifications - Percentage of total population aged 15 years and over (%). 2011 Census.","stype":"ratio","isDimension":false},{"name":"school_3","type":"java.lang.Double","title":"PERSONS WITH POST SCHOOL QUALIFICATIONS - Postgraduate degree (%) (Percent)","description":"SCHOOL_3: Persons with Post School Qualifications - With Postgraduate Degree (%). 2011 Census.","stype":"ratio","isDimension":false},{"name":"school_4","type":"java.lang.Integer","title":"PERSONS WITH POST SCHOOL QUALIFICATIONS - Graduate Diploma Graduate Certificate (%) (Percent)","description":"SCHOOL_4: Persons with Post School Qualifications - With Graduate Diploma/Graduate Certificate (%). 2011 Census.","stype":"ratio","isDimension":false},{"name":"school_5","type":"java.lang.Double","title":"PERSONS WITH POST SCHOOL QUALIFICATIONS - Bachelor Degree (%) (Percent)","description":"SCHOOL_5: Persons with Post School Qualifications - With Bachelor Degree (%). 2011 Census.","stype":"ratio","isDimension":false},{"name":"school_6","type":"java.lang.Double","title":"PERSONS WITH POST SCHOOL QUALIFICATIONS - Advanced Diploma or Diploma (%) (Percent)","description":"SCHOOL_6: Persons with Post School Qualifications - With Advanced Diploma/Diploma (%). 2011 Census.","stype":"ratio","isDimension":false},{"name":"school_7","type":"java.lang.Double","title":"PERSONS WITH POST SCHOOL QUALIFICATIONS - Certificate (%) (Percent)","description":"SCHOOL_7: Persons with Post School Qualifications - With Certificate (%). 2011 Census.","stype":"ratio","isDimension":false},{"name":"school_8","type":"java.lang.Double","title":"PERSONS WITH POST SCHOOL QUALIFICATIONS - Inadequately described not stated (%) (Percent)","description":"SCHOOL_8: Persons with Post School Qualifications - Inadequately described/Not stated (%). 2011 Census.","stype":"ratio","isDimension":false},{"name":"emp_occ_2","type":"java.lang.Double","title":"OCCUPATION OF EMPLOYED PERSONS - Managers (%) (Percent)","description":"EMP_OCC_2: Occupation of Employed Persons - Managers (%). 2011 Census.","stype":"ratio","isDimension":false},{"name":"emp_occ_3","type":"java.lang.Double","title":"OCCUPATION OF EMPLOYED PERSONS - Professionals (%) (Percent)","description":"EMP_OCC_3: Occupation of Employed Persons - Professionals (%). 2011 Census.","stype":"ratio","isDimension":false},{"name":"emp_occ_4","type":"java.lang.Integer","title":"OCCUPATION OF EMPLOYED PERSONS - Technicians and Trades Workers (%) (Percent)","description":"EMP_OCC_4: Occupation of Employed Persons - Technicians and trades workers (%). 2011 Census.","stype":"ratio","isDimension":false},{"name":"emp_occ_5","type":"java.lang.Integer","title":"OCCUPATION OF EMPLOYED PERSONS - Community Personal Service Workers (%) (Percent)","description":"EMP_OCC_5: Occupation of Employed Persons - Community and personal service workers (%). 2011 Census.","stype":"ratio","isDimension":false},{"name":"emp_occ_6","type":"java.lang.Double","title":"OCCUPATION OF EMPLOYED PERSONS - Clerical Administrative Workers (%) (Percent)","description":"EMP_OCC_6: Occupation of Employed Persons - Clerical and administrative workers (%). 2011 Census.","stype":"ratio","isDimension":false},{"name":"emp_occ_7","type":"java.lang.Double","title":"OCCUPATION OF EMPLOYED PERSONS - Sales Workers (%) (Percent)","description":"EMP_OCC_7: Occupation of Employed Persons - Sales workers (%). 2011 Census.","stype":"ratio","isDimension":false},{"name":"emp_occ_8","type":"java.lang.Double","title":"OCCUPATION OF EMPLOYED PERSONS - Machinery Operators Drivers (%) (Percent)","description":"EMP_OCC_8: Occupation of Employed Persons - Machinery operators and drivers (%). 2011 Census.","stype":"ratio","isDimension":false},{"name":"emp_occ_9","type":"java.lang.Double","title":"OCCUPATION OF EMPLOYED PERSONS - Labourers (%) (Percent)","description":"EMP_OCC_9: Occupation of Employed Persons - Labourers (%). 2011 Census.","stype":"ratio","isDimension":false},{"name":"emp_occ_10","type":"java.lang.Double","title":"OCCUPATION OF EMPLOYED PERSONS - Inadequately DescribedNot Stated (%) (Percent)","description":"EMP_OCC_10: Occupation of Employed Persons - Inadequately described/Not stated (%). 2011 Census.","stype":"ratio","isDimension":false},{"name":"wk_trav_3","type":"java.lang.Integer","title":"METHOD OF TRAVEL TO WORK - Used one method - Train or tram (no.) (Number)","description":"WORK_TRAV_3: Method of Travel to Work - Used one method - Train or tram (no.). 2011 Census.","stype":"ratio","isDimension":false},{"name":"wk_trav_4","type":"java.lang.Integer","title":"METHOD OF TRAVEL TO WORK - Used one method - Bus (no.) (Number)","description":"WORK_TRAV_4: Method of Travel to Work - Used one method - Bus (no.). 2011 Census.","stype":"ratio","isDimension":false},{"name":"wk_trav_5","type":"java.lang.Integer","title":"METHOD OF TRAVEL TO WORK - Used one method - Car (as driver passenger) (no.) (Number)","description":"WORK_TRAV_5: Method of Travel to Work - Used one method - Car (as driver or passenger) (no.). 2011 Census.","stype":"ratio","isDimension":false},{"name":"wk_trav_6","type":"java.lang.Integer","title":"METHOD OF TRAVEL TO WORK - Used one method - Motor bike/scooter (no.) (Number)","description":"WORK_TRAV_6: Method of Travel to Work - Used one method - Motor bike/scooter (no.). 2011 Census.","stype":"ratio","isDimension":false},{"name":"wk_trav_7","type":"java.lang.Integer","title":"METHOD OF TRAVEL TO WORK - Used one method - Bicycle (no.) (Number)","description":"WORK_TRAV_7: Method of Travel to Work - Used one method - Bicycle (no.). 2011 Census.","stype":"ratio","isDimension":false},{"name":"wk_trav_8","type":"java.lang.Integer","title":"METHOD OF TRAVEL TO WORK - Used one method - Other (inc. taxis) (no.) (Number)","description":"WORK_TRAV_8: Method of Travel to Work - Used one method - Other (inc. taxis) (no.). 2011 Census.","stype":"ratio","isDimension":false},{"name":"wk_trav_9","type":"java.lang.Integer","title":"METHOD OF TRAVEL TO WORK - Used one method - Walked only (no.) (Number)","description":"WORK_TRAV_9: Method of Travel to Work - Used one method - Walked only (no.). 2011 Census.","stype":"ratio","isDimension":false},{"name":"wk_trav_10","type":"java.lang.Integer","title":"METHOD OF TRAVEL TO WORK - Total used one method (no.) (Number)","description":"WORK_TRAV_10: Method of Travel to Work - Used one method - Total - used one method (no.). 2011 Census.","stype":"ratio","isDimension":false},{"name":"wk_trav_12","type":"java.lang.Integer","title":"METHOD OF TRAVEL TO WORK - Total used more than one method (no.) (Number)","description":"WORK_TRAV_12: Method of Travel to Work - Total - used more than one method (no. ). 2011 Census.","stype":"ratio","isDimension":false},{"name":"wk_trav_14","type":"java.lang.Integer","title":"METHOD OF TRAVEL TO WORK - Other - Worked from home (no.) (Number)","description":"WORK_TRAV_14: Method of Travel to Work - Worked from home (no.). 2011 Census.","stype":"ratio","isDimension":false},{"name":"wk_trav_15","type":"java.lang.Integer","title":"METHOD OF TRAVEL TO WORK - Other - Employed but did not go to work (no.) (Number)","description":"WORK_TRAV_15: Method of Travel to Work - Employed but did not go to work (no.). 2011 Census.","stype":"ratio","isDimension":false},{"name":"wk_trav_16","type":"java.lang.Integer","title":"METHOD OF TRAVEL TO WORK - Other - Method of travel not stated (no.) (Number)","description":"WORK_TRAV_16: Method of Travel to Work - Method of travel not stated (no.). 2011 Census.","stype":"ratio","isDimension":false},{"name":"wk_trav_17","type":"java.lang.Integer","title":"METHOD OF TRAVEL TO WORK - Total employed (no.) (Number)","description":"WORK_TRAV_17: Method of Travel to Work - Total employed (no.). 2011 Census.","stype":"ratio","isDimension":false},{"name":"hhtype_2","type":"java.lang.Integer","title":"HOUSEHOLDS BY TYPE - Lone person households (no.) (Number)","description":"HHTYPE_2: Households by Type - Lone person households (no.). 2011 Census.","stype":"ratio","isDimension":false},{"name":"hhtype_3","type":"java.lang.Integer","title":"HOUSEHOLDS BY TYPE - Group households (no.) (Number)","description":"HHTYPE_3: Households by Type - Group households (no.). 2011 Census.","stype":"ratio","isDimension":false},{"name":"hhtype_4","type":"java.lang.Integer","title":"HOUSEHOLDS BY TYPE - Family households (no.) (Number)","description":"HHTYPE_4: Households by Type - Family households (no.). 2011 Census.","stype":"ratio","isDimension":false},{"name":"hhtype_5","type":"java.lang.Integer","title":"HOUSEHOLDS BY TYPE - Total households (no.) (Number)","description":"HHTYPE_5: Households by Type - Total households (no.). 2011 Census.","stype":"ratio","isDimension":false},{"name":"hhtype_6","type":"java.lang.Double","title":"HOUSEHOLDS BY TYPE - Average Household Size (no.) (Number)","description":"HHTYPE_6: Households by Type - Average household size - Census 2011 (no. of persons). 2011 Census.","stype":"ratio","isDimension":false},{"name":"family_2","type":"java.lang.Integer","title":"FAMILIES BY TYPE - Couple families with children under 15 and/or dependent students (no.) (Number)","description":"FAMILY_2: Families by Type - Couple families with children under 15 and/or dependent students (no.). 2011 Census.","stype":"ratio","isDimension":false},{"name":"family_3","type":"java.lang.Integer","title":"FAMILIES BY TYPE - Couple families with non-dependent children only (no.) (Number)","description":"FAMILY_3: Families by Type - Couple families with non-dependent children only (no.). 2011 Census.","stype":"ratio","isDimension":false},{"name":"family_4","type":"java.lang.Integer","title":"FAMILIES BY TYPE - Couple families without children (no.) (Number)","description":"FAMILY_4: Families by Type - Couple families without children (no.). 2011 Census.","stype":"ratio","isDimension":false},{"name":"family_5","type":"java.lang.Integer","title":"FAMILIES BY TYPE - One parent families children under 15 &/or dependent students (no.) (Number)","description":"FAMILY_5: Families by Type - One parent families with children under 15 and/or dependent students (no.). 2011 Census.","stype":"ratio","isDimension":false},{"name":"family_6","type":"java.lang.Integer","title":"FAMILIES BY TYPE - One parent families non-dependent children only (no.) (Number)","description":"FAMILY_6: Families by Type - One parent families with non-dependent children only (no.). 2011 Census.","stype":"ratio","isDimension":false},{"name":"family_7","type":"java.lang.Integer","title":"FAMILIES BY TYPE - Other families (no.) (Number)","description":"FAMILY_7: Families by Type - Other families (no.). 2011 Census.","stype":"ratio","isDimension":false},{"name":"family_8","type":"java.lang.Integer","title":"FAMILIES BY TYPE - Total families (no.) (Number)","description":"FAMILY_8: Families by Type - Total families (no.). 2011 Census.","stype":"ratio","isDimension":false},{"name":"family_9","type":"java.lang.Double","title":"FAMILIES BY TYPE - Average Family Size (no.) (Number)","description":"FAMILY_9: Families by Type - Average family size (no. of persons). 2011 Census.","stype":"ratio","isDimension":false},{"name":"mig_2","type":"java.lang.Integer","title":"INTERNAL MIGRATION - Persons who lived at different address 1 year ago (%) (Percent)","description":"MIG_2: Internal Migration - Persons who lived at different address 1 year ago (%). 2011 Census.","stype":"ratio","isDimension":false},{"name":"mig_3","type":"java.lang.Double","title":"INTERNAL MIGRATION - Persons who lived at a different address 5 years ago (%) (Percent)","description":"MIG_3: Internal Migration - Persons who lived at different address 5 years ago (%). 2011 Census.","stype":"ratio","isDimension":false},{"name":"unpaidw_2","type":"java.lang.Double","title":"UNPAID WORK - Persons undertaking voluntary work for an organisation or group (%) (Percent)","description":"UNPAIDW_2: Unpaid Work: Percentage of Total Population Aged 15 Years and Over - Persons undertaking voluntary work for an organisation or group (%). 2011 Census.","stype":"ratio","isDimension":false},{"name":"unpaidw_3","type":"java.lang.Double","title":"UNPAID WORK - Persons caring for own children without pay (%) (Percent)","description":"UNPAIDW_3: Unpaid Work: Percentage of Total Population Aged 15 Years and Over - Persons caring for own children without pay (%). 2011 Census.","stype":"ratio","isDimension":false},{"name":"unpaidw_4","type":"java.lang.Integer","title":"UNPAID WORK - Persons caring for other children without pay (%) (Percent)","description":"UNPAIDW_4: Unpaid Work: Percentage of Total Population Aged 15 Years and Over - Persons caring for other children without pay (%). 2011 Census.","stype":"ratio","isDimension":false},{"name":"unpaidw_5","type":"java.lang.Double","title":"UNPAID WORK - Persons caring for own and other children without pay (%) (Percent)","description":"UNPAIDW_5: Unpaid Work: Percentage of Total Population Aged 15 Years and Over - Persons caring for own children and other children without pay (%). 2011 Census.","stype":"ratio","isDimension":false},{"name":"unpaidw_6","type":"java.lang.Double","title":"UNPAID WORK - Persons providing unpaid care help or assistance to others (%) (Percent)","description":"\"UNPAIDW_6: Unpaid Work: Percentage of Total Population Aged 15 Years and Over - Persons providing unpaid care","stype":" help or assistance to family","isDimension":false},{"name":"internet_2","type":"java.lang.Double","title":"ACCESS TO INTERNET AT HOME - Broadband connection (%) (Percent)","description":"INTERNET_2: Access to Internet at Home - With broadband connection (%). 2011 Census.","stype":"ratio","isDimension":false},{"name":"internet_3","type":"java.lang.Double","title":"ACCESS TO INTERNET AT HOME - Dial-up connection (%) (Percent)","description":"INTERNET_3: Access to Internet at Home - With dial-up connection (%). 2011 Census.","stype":"ratio","isDimension":false},{"name":"internet_4","type":"java.lang.Double","title":"ACCESS TO INTERNET AT HOME - Other (%) (Percent)","description":"INTERNET_4: Access to Internet at Home - Other connection (%). 2011 Census.","stype":"ratio","isDimension":false},{"name":"internet_5","type":"java.lang.Integer","title":"ACCESS TO INTERNET AT HOME - Total internet connections (%) (Percent)","description":"INTERNET_5: Access to Internet at Home - Proportion of all occupied private dwellings (%). 2011 Census.","stype":"ratio","isDimension":false}],"filter":{"filterType":"tabular","where":"(year_ IN (2013))","feature":{"key":"sa2_main11","geoLevel":"sa2","geoField":"ignored","year":"2006","featureBbox":[96.81676569599999,-43.740509603,159.109219008,-9.142175977],"featureType":"country","featureInstance":"au","featureName":"Australia","referenceSystemIdentifier":"urn:x-ogc:def:crs:EPSG:4283","prefix":"","keyTransform":null},"states":[]}}