{"organisation":"AU_Govt_ABS","name":"lga_g13a_lang_spoken_at_home_by_profic_by_sex_census_2016","title":"LGA-G13a Language Spoken at Home by Proficiency in Spoken Eng by Sex-Census 2016","legal":{"copyrightYear":"2017","attributionYear":"2017","attribution":"{datasource.organisationTitle}, ({dataset.attributionYear}): {dataset.title}; accessed from AURIN Portal on {dateOfAccess}.","clickthrough":false,"licenceType":"Creative Commons Attribution 2.5 Australia (CC BY 2.5 AU)","copyrightNotice":"&copy; {datasource.organisationTitle} {dataset.copyrightYear}"},"referenceSystemIdentifier":"urn:x-ogc:def:crs:EPSG:4283","geoLevel":"lga2016","key":"lga_code_2016","keyRegex":null,"availability":"true","geomField":"wkb_geometry","keyword":"english proficiency,sex,census,2016,gcp,general community profile,g13a,language spoken at home,language,lga","theme":null,"temporalExtent":{"beginDate":"2016-08-09T00:00:00","endDate":"2016-08-11T00:00:00","selectTime":false},"type":"dataset","_id":"dataset-AU_Govt_ABS-lga_g13a_lang_spoken_at_home_by_profic_by_sex_census_2016-lga2016","bbox":null,"abstract":"LGA based data for Language Spoken at Home by Proficiency in Spoken English by Sex, in General Community Profile (GCP), 2016 Census. Count of persons. The list of languages consists of the most common Language Spoken at Home responses reported in the 2011 Census. G13 is broken up into 4 sections (G13a - G13d), this section contains 'Males Speaks English only' - 'Males Speaks Southeast Asian Austronesian Languages Other And speaks English Very well or well'.The data is by LGA 2016 boundaries. Periodicity: 5-Yearly. <br/>\nNote: There are small random adjustments made to all cell values to protect the confidentiality of data. These adjustments may cause the sum of rows or columns to differ by small amounts from table totals.<br/>\nFor more information visit the data source: <a href=http://www.abs.gov.au/census>http://www.abs.gov.au/census</a>. \n\n","selectedAttributes":[{"name":"lga_code_2016","type":"java.lang.String","title":"LGA Code 2016","description":"LGA Code 2016.","stype":"nominal","isDimension":false},{"name":"lga_name_2016","type":"java.lang.String","title":"LGA Name 2016","description":"LGA Name 2016.","stype":"nominal","isDimension":false},{"name":"male_spks_afrikaans_all_eng_profic","type":"java.lang.Integer","title":"Males Speaks Afrikaans And speaks English Total","description":"Males Speaks Afrikaans And speaks English Total.","stype":"ratio","isDimension":false},{"name":"male_spks_afrikaans_eng_profic_notstated","type":"java.lang.Integer","title":"Males Speaks Afrikaans English proficiency not stated ","description":"Males Speaks Afrikaans English proficiency not stated .","stype":"ratio","isDimension":false},{"name":"male_spks_afrikaans_spks_eng_notwell","type":"java.lang.Integer","title":"Males Speaks Afrikaans And speaks English Not well or not at all","description":"Males Speaks Afrikaans And speaks English Not well or not at all.","stype":"ratio","isDimension":false},{"name":"male_spks_afrikaans_spks_eng_well","type":"java.lang.Integer","title":"Males Speaks Afrikaans And speaks English Very well or well","description":"Males Speaks Afrikaans And speaks English Very well or well.","stype":"ratio","isDimension":false},{"name":"male_spks_afrikaans_tot","type":"java.lang.Integer","title":"Males Speaks Afrikaans Total","description":"Males Speaks Afrikaans Total.","stype":"ratio","isDimension":false},{"name":"male_spks_arabic_all_eng_profic","type":"java.lang.Integer","title":"Males Speaks Arabic And speaks English Total","description":"Males Speaks Arabic And speaks English Total.","stype":"ratio","isDimension":false},{"name":"male_spks_arabic_eng_profic_notstated","type":"java.lang.Integer","title":"Males Speaks Arabic English proficiency not stated ","description":"Males Speaks Arabic English proficiency not stated.","stype":"ratio","isDimension":false},{"name":"male_spks_arabic_spks_eng_notwell","type":"java.lang.Integer","title":"Males Speaks Arabic And speaks English Not well or not at all","description":"Males Speaks Arabic And speaks English Not well or not at all.","stype":"ratio","isDimension":false},{"name":"male_spks_arabic_spks_eng_well","type":"java.lang.Integer","title":"Males Speaks Arabic And speaks English Very well or well","description":"Males Speaks Arabic And speaks English Very well or well.","stype":"ratio","isDimension":false},{"name":"male_spks_arabic_tot","type":"java.lang.Integer","title":"Males Speaks Arabic Total","description":"Males Speaks Arabic Total.","stype":"ratio","isDimension":false},{"name":"male_spks_aus_indig_lang_all_eng_profic","type":"java.lang.Integer","title":"Males Speaks Australian Indigenous Languages And speaks English Total","description":"Males Speaks Australian Indigenous Languages And speaks English Total.","stype":"ratio","isDimension":false},{"name":"male_spks_aus_indig_lang_eng_profic_notstated","type":"java.lang.Integer","title":"Males Speaks Australian Indigenous Languages English proficiency not stated","description":"Males Speaks Australian Indigenous Languages English proficiency not stated.","stype":"ratio","isDimension":false},{"name":"male_spks_aus_indig_lang_spks_eng_notwell","type":"java.lang.Integer","title":"Males Speaks Australian Indigenous Languages And speaks English Not well or not at all","description":"Males Speaks Australian Indigenous Languages And speaks English Not well or not at all.","stype":"ratio","isDimension":false},{"name":"male_spks_aus_indig_lang_spks_eng_well","type":"java.lang.Integer","title":"Males Speaks Australian Indigenous Languages And speaks English Very well or well","description":"Males Speaks Australian Indigenous Languages And speaks English Very well or well.","stype":"ratio","isDimension":false},{"name":"male_spks_aus_indig_lang_tot","type":"java.lang.Integer","title":"Males Speaks Australian Indigenous Languages Total","description":"Males Speaks Australian Indigenous Languages Total.","stype":"ratio","isDimension":false},{"name":"male_spks_cl_canton_all_eng_profic","type":"java.lang.Integer","title":"Males Speaks Chinese Languages Cantonese And speaks English Total","description":"Males Speaks Chinese Languages Cantonese And speaks English Total.","stype":"ratio","isDimension":false},{"name":"male_spks_cl_canton_eng_profic_notstated","type":"java.lang.Integer","title":"Males Speaks Chinese Languages Cantonese English proficiency not stated","description":"Males Speaks Chinese Languages Cantonese English proficiency not stated.","stype":"ratio","isDimension":false},{"name":"male_spks_cl_canton_spks_eng_notwell","type":"java.lang.Integer","title":"Males Speaks Chinese Languages Cantonese And speaks English Not well or not at all","description":"Males Speaks Chinese Languages Cantonese And speaks English Not well or not at all.","stype":"ratio","isDimension":false},{"name":"male_spks_cl_canton_spks_eng_well","type":"java.lang.Integer","title":"Males Speaks Chinese Languages Cantonese And speaks English Very well or well","description":"Males Speaks Chinese Languages Cantonese And speaks English Very well or well.","stype":"ratio","isDimension":false},{"name":"male_spks_cl_canton_tot","type":"java.lang.Integer","title":"Males Speaks Chinese Languages Cantonese Total","description":"Males Speaks Chinese Languages Cantonese Total.","stype":"ratio","isDimension":false},{"name":"male_spks_cl_mandarin_all_eng_profic","type":"java.lang.Integer","title":"Males Speaks Chinese Languages Mandarin And speaks English Total","description":"Males Speaks Chinese Languages Mandarin And speaks English Total.","stype":"ratio","isDimension":false},{"name":"male_spks_cl_mandarin_eng_profic_notstated","type":"java.lang.Integer","title":"Males Speaks Chinese Languages Mandarin English proficiency not stated","description":"Males Speaks Chinese Languages Mandarin English proficiency not stated.","stype":"ratio","isDimension":false},{"name":"male_spks_cl_mandarin_spks_eng_notwell","type":"java.lang.Integer","title":"Males Speaks Chinese Languages Mandarin And speaks English Not well or not at all","description":"Males Speaks Chinese Languages Mandarin And speaks English Not well or not at all.","stype":"ratio","isDimension":false},{"name":"male_spks_cl_mandarin_spks_eng_well","type":"java.lang.Integer","title":"Males Speaks Chinese Languages Mandarin And speaks English Very well or well","description":"Males Speaks Chinese Languages Mandarin And speaks English Very well or well.","stype":"ratio","isDimension":false},{"name":"male_spks_cl_mandarin_tot","type":"java.lang.Integer","title":"Males Speaks Chinese Languages Mandarin Total","description":"Males Speaks Chinese Languages Mandarin Total.","stype":"ratio","isDimension":false},{"name":"male_spks_cl_oth_all_eng_profic","type":"java.lang.Integer","title":"Males Speaks Chinese languages Other And speaks English Total","description":"Males Speaks Chinese languages Other And speaks English Total.","stype":"ratio","isDimension":false},{"name":"male_spks_cl_oth_eng_profic_notstated","type":"java.lang.Integer","title":"Males Speaks Chinese languages Other English proficiency not stated","description":"Males Speaks Chinese languages Other English proficiency not stated.","stype":"ratio","isDimension":false},{"name":"male_spks_cl_oth_spks_eng_notwell","type":"java.lang.Integer","title":"Males Speaks Chinese languages Other And speaks English Not well or not at all","description":"Males Speaks Chinese languages Other And speaks English Not well or not at all.","stype":"ratio","isDimension":false},{"name":"male_spks_cl_oth_spks_eng_well","type":"java.lang.Integer","title":"Males Speaks Chinese languages Other And speaks English Very well or well","description":"Males Speaks Chinese languages Other And speaks English Very well or well.","stype":"ratio","isDimension":false},{"name":"male_spks_cl_oth_tot","type":"java.lang.Integer","title":"Males Speaks Chinese languages Other Total","description":"Males Speaks Chinese languages Other Total.","stype":"ratio","isDimension":false},{"name":"male_spks_cl_tot_all_eng_profic","type":"java.lang.Integer","title":"Males Speaks Chinese Languages Total And speaks English Total","description":"Males Speaks Chinese Languages Total And speaks English Total.","stype":"ratio","isDimension":false},{"name":"male_spks_cl_tot_eng_profic_notstated","type":"java.lang.Integer","title":"Males Speaks Chinese Languages Total English proficiency not stated","description":"Males Speaks Chinese Languages Total English proficiency not stated.","stype":"ratio","isDimension":false},{"name":"male_spks_cl_tot_spks_eng_notwell","type":"java.lang.Integer","title":"Males Speaks Chinese Languages Total And speaks English Not well or not at all","description":"Males Speaks Chinese Languages Total And speaks English Not well or not at all.","stype":"ratio","isDimension":false},{"name":"male_spks_cl_tot_spks_eng_well","type":"java.lang.Integer","title":"Males Speaks Chinese Languages Total And speaks English Very well or well","description":"Males Speaks Chinese Languages Total And speaks English Very well or well.","stype":"ratio","isDimension":false},{"name":"male_spks_cl_tot_tot","type":"java.lang.Integer","title":"Males Speaks Chinese Languages Total Total","description":"Males Speaks Chinese Languages Total Total.","stype":"ratio","isDimension":false},{"name":"male_spks_croatian_all_eng_profic","type":"java.lang.Integer","title":"Males Speaks Croatian And speaks English Total","description":"Males Speaks Croatian And speaks English Total.","stype":"ratio","isDimension":false},{"name":"male_spks_croatian_eng_profic_notstated","type":"java.lang.Integer","title":"Males Speaks Croatian English proficiency not stated","description":"Males Speaks Croatian English proficiency not stated.","stype":"ratio","isDimension":false},{"name":"male_spks_croatian_spks_eng_notwell","type":"java.lang.Integer","title":"Males Speaks Croatian And speaks English Not well or not at all","description":"Males Speaks Croatian And speaks English Not well or not at all.","stype":"ratio","isDimension":false},{"name":"male_spks_croatian_spks_eng_well","type":"java.lang.Integer","title":"Males Speaks Croatian And speaks English Very well or well","description":"Males Speaks Croatian And speaks English Very well or well.","stype":"ratio","isDimension":false},{"name":"male_spks_croatian_tot","type":"java.lang.Integer","title":"Males Speaks Croatian Total","description":"Males Speaks Croatian Total.","stype":"ratio","isDimension":false},{"name":"male_spks_dutch_all_eng_profic","type":"java.lang.Integer","title":"Males Speaks Dutch And speaks English Total","description":"Males Speaks Dutch And speaks English Total.","stype":"ratio","isDimension":false},{"name":"male_spks_dutch_eng_profic_notstated","type":"java.lang.Integer","title":"Males Speaks Dutch English proficiency not stated","description":"Males Speaks Dutch English proficiency not stated.","stype":"ratio","isDimension":false},{"name":"male_spks_dutch_spks_eng_notwell","type":"java.lang.Integer","title":"Males Speaks Dutch And speaks English Not well or not at all","description":"Males Speaks Dutch And speaks English Not well or not at all.","stype":"ratio","isDimension":false},{"name":"male_spks_dutch_spks_eng_well","type":"java.lang.Integer","title":"Males Speaks Dutch And speaks English Very well or well","description":"Males Speaks Dutch And speaks English Very well or well.","stype":"ratio","isDimension":false},{"name":"male_spks_dutch_tot","type":"java.lang.Integer","title":"Males Speaks Dutch Total","description":"Males Speaks Dutch Total.","stype":"ratio","isDimension":false},{"name":"male_spks_eng_only_tot","type":"java.lang.Integer","title":"Males Speaks English only Total","description":"Males Speaks English only Total.","stype":"ratio","isDimension":false},{"name":"male_spks_french_all_eng_profic","type":"java.lang.Integer","title":"Males Speaks French And speaks English Total","description":"Males Speaks French And speaks English Total.","stype":"ratio","isDimension":false},{"name":"male_spks_french_eng_profic_notstated","type":"java.lang.Integer","title":"Males Speaks French English proficiency not stated","description":"Males Speaks French English proficiency not stated.","stype":"ratio","isDimension":false},{"name":"male_spks_french_spks_eng_notwell","type":"java.lang.Integer","title":"Males Speaks French And speaks English Not well or not at all","description":"Males Speaks French And speaks English Not well or not at all.","stype":"ratio","isDimension":false},{"name":"male_spks_french_spks_eng_well","type":"java.lang.Integer","title":"Males Speaks French And speaks English Very well or well","description":"Males Speaks French And speaks English Very well or well.","stype":"ratio","isDimension":false},{"name":"male_spks_french_tot","type":"java.lang.Integer","title":"Males Speaks French Total","description":"Males Speaks French Total.","stype":"ratio","isDimension":false},{"name":"male_spks_german_all_eng_profic","type":"java.lang.Integer","title":"Males Speaks German And speaks English Total","description":"Males Speaks German And speaks English Total.","stype":"ratio","isDimension":false},{"name":"male_spks_german_eng_profic_notstated","type":"java.lang.Integer","title":"Males Speaks German English proficiency not stated","description":"Males Speaks German English proficiency not stated.","stype":"ratio","isDimension":false},{"name":"male_spks_german_spks_eng_notwell","type":"java.lang.Integer","title":"Males Speaks German And speaks English Not well or not at all","description":"Males Speaks German And speaks English Not well or not at all.","stype":"ratio","isDimension":false},{"name":"male_spks_german_spks_eng_well","type":"java.lang.Integer","title":"Males Speaks German And speaks English Very well or well","description":"Males Speaks German And speaks English Very well or well.","stype":"ratio","isDimension":false},{"name":"male_spks_german_tot","type":"java.lang.Integer","title":"Males Speaks German Total","description":"Males Speaks German Total.","stype":"ratio","isDimension":false},{"name":"male_spks_greek_all_eng_profic","type":"java.lang.Integer","title":"Males Speaks Greek And speaks English Total","description":"Males Speaks Greek And speaks English Total.","stype":"ratio","isDimension":false},{"name":"male_spks_greek_eng_profic_notstated","type":"java.lang.Integer","title":"Males Speaks Greek English proficiency not stated","description":"Males Speaks Greek English proficiency not stated.","stype":"ratio","isDimension":false},{"name":"male_spks_greek_spks_eng_notwell","type":"java.lang.Integer","title":"Males Speaks Greek And speaks English Not well or not at all","description":"Males Speaks Greek And speaks English Not well or not at all.","stype":"ratio","isDimension":false},{"name":"male_spks_greek_spks_eng_well","type":"java.lang.Integer","title":"Males Speaks Greek And speaks English Very well or well","description":"Males Speaks Greek And speaks English Very well or well.","stype":"ratio","isDimension":false},{"name":"male_spks_greek_tot","type":"java.lang.Integer","title":"Males Speaks Greek Total","description":"Males Speaks Greek Total.","stype":"ratio","isDimension":false},{"name":"male_spks_indo_aryan_lang_bengali_all_eng_profic","type":"java.lang.Integer","title":"Males Speaks Indo Aryan Languages Bengali And speaks English Total","description":"Males Speaks Indo Aryan Languages Bengali And speaks English Total.","stype":"ratio","isDimension":false},{"name":"male_spks_indo_aryan_lang_bengali_eng_profic_notstated","type":"java.lang.Integer","title":"Males Speaks Indo Aryan Languages Bengali English proficiency not stated","description":"Males Speaks Indo Aryan Languages Bengali English proficiency not stated.","stype":"ratio","isDimension":false},{"name":"male_spks_indo_aryan_lang_bengali_spks_eng_notwell","type":"java.lang.Integer","title":"Males Speaks Indo Aryan Languages Bengali And speaks English Not well or not at all","description":"Males Speaks Indo Aryan Languages Bengali And speaks English Not well or not at all.","stype":"ratio","isDimension":false},{"name":"male_spks_indo_aryan_lang_bengali_spks_eng_well","type":"java.lang.Integer","title":"Males Speaks Indo Aryan Languages Bengali And speaks English Very well or well","description":"Males Speaks Indo Aryan Languages Bengali And speaks English Very well or well.","stype":"ratio","isDimension":false},{"name":"male_spks_indo_aryan_lang_bengali_tot","type":"java.lang.Integer","title":"Males Speaks Indo Aryan Languages Bengali Total","description":"Males Speaks Indo Aryan Languages Bengali Total.","stype":"ratio","isDimension":false},{"name":"male_spks_indo_aryan_lang_hindi_all_eng_profic","type":"java.lang.Integer","title":"Males Speaks Indo Aryan Languages Hindi And speaks English Total","description":"Males Speaks Indo Aryan Languages Hindi And speaks English Total.","stype":"ratio","isDimension":false},{"name":"male_spks_indo_aryan_lang_hindi_eng_profic_notstated","type":"java.lang.Integer","title":"Males Speaks Indo Aryan Languages Hindi English proficiency not stated","description":"Males Speaks Indo Aryan Languages Hindi English proficiency not stated.","stype":"ratio","isDimension":false},{"name":"male_spks_indo_aryan_lang_hindi_spks_eng_notwell","type":"java.lang.Integer","title":"Males Speaks Indo Aryan Languages Hindi And speaks English Not well or not at all","description":"Males Speaks Indo Aryan Languages Hindi And speaks English Not well or not at all.","stype":"ratio","isDimension":false},{"name":"male_spks_indo_aryan_lang_hindi_spks_eng_well","type":"java.lang.Integer","title":"Males Speaks Indo Aryan Languages Hindi And speaks English Very well or well","description":"Males Speaks Indo Aryan Languages Hindi And speaks English Very well or well.","stype":"ratio","isDimension":false},{"name":"male_spks_indo_aryan_lang_hindi_tot","type":"java.lang.Integer","title":"Males Speaks Indo Aryan Languages Hindi Total","description":"Males Speaks Indo Aryan Languages Hindi Total.","stype":"ratio","isDimension":false},{"name":"male_spks_indo_aryan_lang_oth_all_eng_profic","type":"java.lang.Integer","title":"Males Speaks Indo Aryan Languages Other And speaks English Total","description":"Males Speaks Indo Aryan Languages Other And speaks English Total.","stype":"ratio","isDimension":false},{"name":"male_spks_indo_aryan_lang_oth_eng_profic_notstated","type":"java.lang.Integer","title":"Males Speaks Indo Aryan Languages Other English proficiency not stated","description":"Males Speaks Indo Aryan Languages Other English proficiency not stated.","stype":"ratio","isDimension":false},{"name":"male_spks_indo_aryan_lang_oth_spks_eng_notwell","type":"java.lang.Integer","title":"Males Speaks Indo Aryan Languages Other And speaks English Not well or not at all","description":"Males Speaks Indo Aryan Languages Other And speaks English Not well or not at all.","stype":"ratio","isDimension":false},{"name":"male_spks_indo_aryan_lang_oth_spks_eng_well","type":"java.lang.Integer","title":"Males Speaks Indo Aryan Languages Other And speaks English Very well or well","description":"Males Speaks Indo Aryan Languages Other And speaks English Very well or well.","stype":"ratio","isDimension":false},{"name":"male_spks_indo_aryan_lang_oth_tot","type":"java.lang.Integer","title":"Males Speaks Indo Aryan Languages Other Total","description":"Males Speaks Indo Aryan Languages Other Total.","stype":"ratio","isDimension":false},{"name":"male_spks_indo_aryan_lang_punjabi_all_eng_profic","type":"java.lang.Integer","title":"Males Speaks Indo Aryan Languages Punjabi And speaks English Total","description":"Males Speaks Indo Aryan Languages Punjabi And speaks English Total.","stype":"ratio","isDimension":false},{"name":"male_spks_indo_aryan_lang_punjabi_eng_profic_notstated","type":"java.lang.Integer","title":"Males Speaks Indo Aryan Languages Punjabi English proficiency not stated","description":"Males Speaks Indo Aryan Languages Punjabi English proficiency not stated.","stype":"ratio","isDimension":false},{"name":"male_spks_indo_aryan_lang_punjabi_spks_eng_notwell","type":"java.lang.Integer","title":"Males Speaks Indo Aryan Languages Punjabi And speaks English Not well or not at all","description":"Males Speaks Indo Aryan Languages Punjabi And speaks English Not well or not at all.","stype":"ratio","isDimension":false},{"name":"male_spks_indo_aryan_lang_punjabi_spks_eng_well","type":"java.lang.Integer","title":"Males Speaks Indo Aryan Languages Punjabi And speaks English Very well or well","description":"Males Speaks Indo Aryan Languages Punjabi And speaks English Very well or well.","stype":"ratio","isDimension":false},{"name":"male_spks_indo_aryan_lang_punjabi_tot","type":"java.lang.Integer","title":"Males Speaks Indo Aryan Languages Punjabi Total","description":"Males Speaks Indo Aryan Languages Punjabi Total.","stype":"ratio","isDimension":false},{"name":"male_spks_indo_aryan_lang_sinhal_all_eng_profic","type":"java.lang.Integer","title":"Males Speaks Indo Aryan Languages Sinhalese And speaks English Total","description":"Males Speaks Indo Aryan Languages Sinhalese And speaks English Total.","stype":"ratio","isDimension":false},{"name":"male_spks_indo_aryan_lang_sinhal_eng_profic_notstated","type":"java.lang.Integer","title":"Males Speaks Indo Aryan Languages Sinhalese English proficiency not stated","description":"Males Speaks Indo Aryan Languages Sinhalese English proficiency not stated.","stype":"ratio","isDimension":false},{"name":"male_spks_indo_aryan_lang_sinhal_spks_eng_notwell","type":"java.lang.Integer","title":"Males Speaks Indo Aryan Languages Sinhalese And speaks English Not well or not at all","description":"Males Speaks Indo Aryan Languages Sinhalese And speaks English Not well or not at all.","stype":"ratio","isDimension":false},{"name":"male_spks_indo_aryan_lang_sinhal_spks_eng_well","type":"java.lang.Integer","title":"Males Speaks Indo Aryan Languages Sinhalese And speaks English Very well or well","description":"Males Speaks Indo Aryan Languages Sinhalese And speaks English Very well or well.","stype":"ratio","isDimension":false},{"name":"male_spks_indo_aryan_lang_sinhal_tot","type":"java.lang.Integer","title":"Males Speaks Indo Aryan Languages Sinhalese Total","description":"Males Speaks Indo Aryan Languages Sinhalese Total.","stype":"ratio","isDimension":false},{"name":"male_spks_indo_aryan_lang_tot_all_eng_profic","type":"java.lang.Integer","title":"Males Speaks Indo Aryan Languages Total And speaks English Total","description":"Males Speaks Indo Aryan Languages Total And speaks English Total.","stype":"ratio","isDimension":false},{"name":"male_spks_indo_aryan_lang_tot_eng_profic_notstated","type":"java.lang.Integer","title":"Males Speaks Indo Aryan Languages Total English proficiency not stated","description":"Males Speaks Indo Aryan Languages Total English proficiency not stated.","stype":"ratio","isDimension":false},{"name":"male_spks_indo_aryan_lang_tot_spks_eng_notwell","type":"java.lang.Integer","title":"Males Speaks Indo Aryan Languages Total And speaks English Not well or not at all","description":"Males Speaks Indo Aryan Languages Total And speaks English Not well or not at all.","stype":"ratio","isDimension":false},{"name":"male_spks_indo_aryan_lang_tot_spks_eng_well","type":"java.lang.Integer","title":"Males Speaks Indo Aryan Languages Total And speaks English Very well or well","description":"Males Speaks Indo Aryan Languages Total And speaks English Very well or well.","stype":"ratio","isDimension":false},{"name":"male_spks_indo_aryan_lang_tot_tot","type":"java.lang.Integer","title":"Males Speaks Indo Aryan Languages Total Total","description":"Males Speaks Indo Aryan Languages Total Total.","stype":"ratio","isDimension":false},{"name":"male_spks_indo_aryan_lang_urdu_all_eng_profic","type":"java.lang.Integer","title":"Males Speaks Indo Aryan Languages Urdu And speaks English Total","description":"Males Speaks Indo Aryan Languages Urdu And speaks English Total.","stype":"ratio","isDimension":false},{"name":"male_spks_indo_aryan_lang_urdu_eng_profic_notstated","type":"java.lang.Integer","title":"Males Speaks Indo Aryan Languages Urdu English proficiency not stated","description":"Males Speaks Indo Aryan Languages Urdu English proficiency not stated.","stype":"ratio","isDimension":false},{"name":"male_spks_indo_aryan_lang_urdu_spks_eng_notwell","type":"java.lang.Integer","title":"Males Speaks Indo Aryan Languages Urdu And speaks English Not well or not at all","description":"Males Speaks Indo Aryan Languages Urdu And speaks English Not well or not at all.","stype":"ratio","isDimension":false},{"name":"male_spks_indo_aryan_lang_urdu_spks_eng_well","type":"java.lang.Integer","title":"Males Speaks Indo Aryan Languages Urdu And speaks English Very well or well","description":"Males Speaks Indo Aryan Languages Urdu And speaks English Very well or well.","stype":"ratio","isDimension":false},{"name":"male_spks_indo_aryan_lang_urdu_tot","type":"java.lang.Integer","title":"Males Speaks Indo Aryan Languages Urdu Total","description":"Males Speaks Indo Aryan Languages Urdu Total.","stype":"ratio","isDimension":false},{"name":"male_spks_italian_all_eng_profic","type":"java.lang.Integer","title":"Males Speaks Italian And speaks English Total","description":"Males Speaks Italian And speaks English Total.","stype":"ratio","isDimension":false},{"name":"male_spks_italian_eng_profic_notstated","type":"java.lang.Integer","title":"Males Speaks Italian English proficiency not stated","description":"Males Speaks Italian English proficiency not stated.","stype":"ratio","isDimension":false},{"name":"male_spks_italian_spks_eng_notwell","type":"java.lang.Integer","title":"Males Speaks Italian And speaks English Not well or not at all","description":"Males Speaks Italian And speaks English Not well or not at all.","stype":"ratio","isDimension":false},{"name":"male_spks_italian_spks_eng_well","type":"java.lang.Integer","title":"Males Speaks Italian And speaks English Very well or well","description":"Males Speaks Italian And speaks English Very well or well.","stype":"ratio","isDimension":false},{"name":"male_spks_italian_tot","type":"java.lang.Integer","title":"Males Speaks Italian Total","description":"Males Speaks Italian Total.","stype":"ratio","isDimension":false},{"name":"male_spks_japan_all_eng_profic","type":"java.lang.Integer","title":"Males Speaks Japanese And speaks English Total","description":"Males Speaks Japanese And speaks English Total.","stype":"ratio","isDimension":false},{"name":"male_spks_japan_eng_profic_notstated","type":"java.lang.Integer","title":"Males Speaks Japanese English proficiency not stated","description":"Males Speaks Japanese English proficiency not stated.","stype":"ratio","isDimension":false},{"name":"male_spks_japan_spks_eng_notwell","type":"java.lang.Integer","title":"Males Speaks Japanese And speaks English Not well or not at all","description":"Males Speaks Japanese And speaks English Not well or not at all.","stype":"ratio","isDimension":false},{"name":"male_spks_japan_spks_eng_well","type":"java.lang.Integer","title":"Males Speaks Japanese And speaks English Very well or well","description":"Males Speaks Japanese And speaks English Very well or well.","stype":"ratio","isDimension":false},{"name":"male_spks_japan_tot","type":"java.lang.Integer","title":"Males Speaks Japanese Total","description":"Males Speaks Japanese Total.","stype":"ratio","isDimension":false},{"name":"male_spks_korean_all_eng_profic","type":"java.lang.Integer","title":"Males Speaks Korean And speaks English Total","description":"Males Speaks Korean And speaks English Total.","stype":"ratio","isDimension":false},{"name":"male_spks_korean_eng_profic_notstated","type":"java.lang.Integer","title":"Males Speaks Korean English proficiency not stated","description":"Males Speaks Korean English proficiency not stated.","stype":"ratio","isDimension":false},{"name":"male_spks_korean_spks_eng_notwell","type":"java.lang.Integer","title":"Males Speaks Korean And speaks English Not well or not at all","description":"Males Speaks Korean And speaks English Not well or not at all.","stype":"ratio","isDimension":false},{"name":"male_spks_korean_spks_eng_well","type":"java.lang.Integer","title":"Males Speaks Korean And speaks English Very well or well","description":"Males Speaks Korean And speaks English Very well or well.","stype":"ratio","isDimension":false},{"name":"male_spks_korean_tot","type":"java.lang.Integer","title":"Males Speaks Korean Total","description":"Males Speaks Korean Total.","stype":"ratio","isDimension":false},{"name":"male_spks_macedon_all_eng_profic","type":"java.lang.Integer","title":"Males Speaks Macedonian And speaks English Total","description":"Males Speaks Macedonian And speaks English Total.","stype":"ratio","isDimension":false},{"name":"male_spks_macedon_eng_profic_notstated","type":"java.lang.Integer","title":"Males Speaks Macedonian English proficiency not stated","description":"Males Speaks Macedonian English proficiency not stated.","stype":"ratio","isDimension":false},{"name":"male_spks_macedon_spks_eng_notwell","type":"java.lang.Integer","title":"Males Speaks Macedonian And speaks English Not well or not at all","description":"Males Speaks Macedonian And speaks English Not well or not at all.","stype":"ratio","isDimension":false},{"name":"male_spks_macedon_spks_eng_well","type":"java.lang.Integer","title":"Males Speaks Macedonian And speaks English Very well or well","description":"Males Speaks Macedonian And speaks English Very well or well.","stype":"ratio","isDimension":false},{"name":"male_spks_macedon_tot","type":"java.lang.Integer","title":"Males Speaks Macedonian Total","description":"Males Speaks Macedonian Total.","stype":"ratio","isDimension":false},{"name":"male_spks_maltese_all_eng_profic","type":"java.lang.Integer","title":"Males Speaks Maltese And speaks English Total","description":"Males Speaks Maltese And speaks English Total.","stype":"ratio","isDimension":false},{"name":"male_spks_maltese_eng_profic_notstated","type":"java.lang.Integer","title":"Males Speaks Maltese English proficiency not stated","description":"Males Speaks Maltese English proficiency not stated.","stype":"ratio","isDimension":false},{"name":"male_spks_maltese_spks_eng_notwell","type":"java.lang.Integer","title":"Males Speaks Maltese And speaks English Not well or not at all","description":"Males Speaks Maltese And speaks English Not well or not at all.","stype":"ratio","isDimension":false},{"name":"male_spks_maltese_spks_eng_well","type":"java.lang.Integer","title":"Males Speaks Maltese And speaks English Very well or well","description":"Males Speaks Maltese And speaks English Very well or well.","stype":"ratio","isDimension":false},{"name":"male_spks_maltese_tot","type":"java.lang.Integer","title":"Males Speaks Maltese Total","description":"Males Speaks Maltese Total.","stype":"ratio","isDimension":false},{"name":"male_spks_persian_ed_all_eng_profic","type":"java.lang.Integer","title":"Males Speaks Persian excluding Dari And speaks English Total","description":"Males Speaks Persian excluding Dari And speaks English Total.","stype":"ratio","isDimension":false},{"name":"male_spks_persian_ed_eng_profic_notstated","type":"java.lang.Integer","title":"Males Speaks Persian excluding Dari English proficiency not stated","description":"Males Speaks Persian excluding Dari English proficiency not stated.","stype":"ratio","isDimension":false},{"name":"male_spks_persian_ed_spks_eng_notwell","type":"java.lang.Integer","title":"Males Speaks Persian excluding Dari And speaks English Not well or not at all","description":"Males Speaks Persian excluding Dari And speaks English Not well or not at all.","stype":"ratio","isDimension":false},{"name":"male_spks_persian_ed_spks_eng_well","type":"java.lang.Integer","title":"Males Speaks Persian excluding Dari And speaks English Very well or well","description":"Males Speaks Persian excluding Dari And speaks English Very well or well.","stype":"ratio","isDimension":false},{"name":"male_spks_persian_ed_tot","type":"java.lang.Integer","title":"Males Speaks Persian excluding Dari Total","description":"Males Speaks Persian excluding Dari Total.","stype":"ratio","isDimension":false},{"name":"male_spks_polish_all_eng_profic","type":"java.lang.Integer","title":"Males Speaks Polish And speaks English Total","description":"Males Speaks Polish And speaks English Total.","stype":"ratio","isDimension":false},{"name":"male_spks_polish_eng_profic_notstated","type":"java.lang.Integer","title":"Males Speaks Polish English proficiency not stated","description":"Males Speaks Polish English proficiency not stated.","stype":"ratio","isDimension":false},{"name":"male_spks_polish_spks_eng_notwell","type":"java.lang.Integer","title":"Males Speaks Polish And speaks English Not well or not at all","description":"Males Speaks Polish And speaks English Not well or not at all.","stype":"ratio","isDimension":false},{"name":"male_spks_polish_spks_eng_well","type":"java.lang.Integer","title":"Males Speaks Polish And speaks English Very well or well","description":"Males Speaks Polish And speaks English Very well or well.","stype":"ratio","isDimension":false},{"name":"male_spks_polish_tot","type":"java.lang.Integer","title":"Males Speaks Polish Total","description":"Males Speaks Polish Total.","stype":"ratio","isDimension":false},{"name":"male_spks_russian_all_eng_profic","type":"java.lang.Integer","title":"Males Speaks Russian And speaks English Total","description":"Males Speaks Russian And speaks English Total.","stype":"ratio","isDimension":false},{"name":"male_spks_russian_eng_profic_notstated","type":"java.lang.Integer","title":"Males Speaks Russian English proficiency not stated","description":"Males Speaks Russian English proficiency not stated.","stype":"ratio","isDimension":false},{"name":"male_spks_russian_spks_eng_notwell","type":"java.lang.Integer","title":"Males Speaks Russian And speaks English Not well or not at all","description":"Males Speaks Russian And speaks English Not well or not at all.","stype":"ratio","isDimension":false},{"name":"male_spks_russian_spks_eng_well","type":"java.lang.Integer","title":"Males Speaks Russian And speaks English Very well or well","description":"Males Speaks Russian And speaks English Very well or well.","stype":"ratio","isDimension":false},{"name":"male_spks_russian_tot","type":"java.lang.Integer","title":"Males Speaks Russian Total","description":"Males Speaks Russian Total.","stype":"ratio","isDimension":false},{"name":"male_spks_samoan_all_eng_profic","type":"java.lang.Integer","title":"Males Speaks Samoan And speaks English Total","description":"Males Speaks Samoan And speaks English Total.","stype":"ratio","isDimension":false},{"name":"male_spks_samoan_eng_profic_notstated","type":"java.lang.Integer","title":"Males Speaks Samoan English proficiency not stated","description":"Males Speaks Samoan English proficiency not stated.","stype":"ratio","isDimension":false},{"name":"male_spks_samoan_spks_eng_notwell","type":"java.lang.Integer","title":"Males Speaks Samoan And speaks English Not well or not at all","description":"Males Speaks Samoan And speaks English Not well or not at all.","stype":"ratio","isDimension":false},{"name":"male_spks_samoan_spks_eng_well","type":"java.lang.Integer","title":"Males Speaks Samoan And speaks English Very well or well","description":"Males Speaks Samoan And speaks English Very well or well.","stype":"ratio","isDimension":false},{"name":"male_spks_samoan_tot","type":"java.lang.Integer","title":"Males Speaks Samoan Total","description":"Males Speaks Samoan Total.","stype":"ratio","isDimension":false},{"name":"male_spks_se_asia_austronesia_lang_filipin_all_eng_profic","type":"java.lang.Integer","title":"Males Speaks Southeast Asian Austronesian Languages Filipino And speaks English Total","description":"Males Speaks Southeast Asian Austronesian Languages Filipino And speaks English Total.","stype":"ratio","isDimension":false},{"name":"male_spks_se_asia_austronesia_lang_filipin_eng_profic_notstated","type":"java.lang.Integer","title":"Males Speaks Southeast Asian Austronesian Languages Filipino English proficiency not stated","description":"Males Speaks Southeast Asian Austronesian Languages Filipino English proficiency not stated.","stype":"ratio","isDimension":false},{"name":"male_spks_se_asia_austronesia_lang_filipin_spks_eng_notwell","type":"java.lang.Integer","title":"Males Speaks Southeast Asian Austronesian Languages Filipino And speaks English Not well or not at all","description":"Males Speaks Southeast Asian Austronesian Languages Filipino And speaks English Not well or not at all.","stype":"ratio","isDimension":false},{"name":"male_spks_se_asia_austronesia_lang_filipin_spks_eng_well","type":"java.lang.Integer","title":"Males Speaks Southeast Asian Austronesian Languages Filipino And speaks English Very well or well","description":"Males Speaks Southeast Asian Austronesian Languages Filipino And speaks English Very well or well.","stype":"ratio","isDimension":false},{"name":"male_spks_se_asia_austronesia_lang_filipin_tot","type":"java.lang.Integer","title":"Males Speaks Southeast Asian Austronesian Languages Filipino Total","description":"Males Speaks Southeast Asian Austronesian Languages Filipino Total.","stype":"ratio","isDimension":false},{"name":"male_spks_se_asia_austronesia_lang_indon_all_eng_profic","type":"java.lang.Integer","title":"Males Speaks Southeast Asian Austronesian Languages Indonesian And speaks English Total","description":"Males Speaks Southeast Asian Austronesian Languages Indonesian And speaks English Total.","stype":"ratio","isDimension":false},{"name":"male_spks_se_asia_austronesia_lang_indon_eng_profic_notstated","type":"java.lang.Integer","title":"Males Speaks Southeast Asian Austronesian Languages Indonesian English proficiency not stated","description":"Males Speaks Southeast Asian Austronesian Languages Indonesian English proficiency not stated.","stype":"ratio","isDimension":false},{"name":"male_spks_se_asia_austronesia_lang_indon_spks_eng_notwell","type":"java.lang.Integer","title":"Males Speaks Southeast Asian Austronesian Languages Indonesian And speaks English Not well or not at all","description":"Males Speaks Southeast Asian Austronesian Languages Indonesian And speaks English Not well or not at all.","stype":"ratio","isDimension":false},{"name":"male_spks_se_asia_austronesia_lang_indon_spks_eng_well","type":"java.lang.Integer","title":"Males Speaks Southeast Asian Austronesian Languages Indonesian And speaks English Very well or well","description":"Males Speaks Southeast Asian Austronesian Languages Indonesian And speaks English Very well or well.","stype":"ratio","isDimension":false},{"name":"male_spks_se_asia_austronesia_lang_indon_tot","type":"java.lang.Integer","title":"Males Speaks Southeast Asian Austronesian Languages Indonesian Total","description":"Males Speaks Southeast Asian Austronesian Languages Indonesian Total.","stype":"ratio","isDimension":false},{"name":"male_spks_se_asia_austronesia_lang_oth_spks_eng_well","type":"java.lang.Integer","title":"Males Speaks Southeast Asian Austronesian Languages Other And speaks English Very well or well.","description":"Males Speaks Southeast Asian Austronesian Languages Other And speaks English Very well or well.","stype":"ratio","isDimension":false},{"name":"male_spks_se_asia_austronesia_lang_tagalog_all_eng_profic","type":"java.lang.Integer","title":"Males Speaks Southeast Asian Austronesian Languages Tagalog And speaks English Total","description":"Males Speaks Southeast Asian Austronesian Languages Tagalog And speaks English Total.","stype":"ratio","isDimension":false},{"name":"male_spks_se_asia_austronesia_lang_tagalog_eng_profic_notstated","type":"java.lang.Integer","title":"Males Speaks Southeast Asian Austronesian Languages Tagalog English proficiency not stated","description":"Males Speaks Southeast Asian Austronesian Languages Tagalog English proficiency not stated.","stype":"ratio","isDimension":false},{"name":"male_spks_se_asia_austronesia_lang_tagalog_spks_eng_notwell","type":"java.lang.Integer","title":"Males Speaks Southeast Asian Austronesian Languages Tagalog And speaks English Not well or not at all","description":"Males Speaks Southeast Asian Austronesian Languages Tagalog And speaks English Not well or not at all.","stype":"ratio","isDimension":false},{"name":"male_spks_se_asia_austronesia_lang_tagalog_spks_eng_well","type":"java.lang.Integer","title":"Males Speaks Southeast Asian Austronesian Languages Tagalog And speaks English Very well or well","description":"Males Speaks Southeast Asian Austronesian Languages Tagalog And speaks English Very well or well.","stype":"ratio","isDimension":false},{"name":"male_spks_se_asia_austronesia_lang_tagalog_tot","type":"java.lang.Integer","title":"Males Speaks Southeast Asian Austronesian Languages Tagalog Total","description":"Males Speaks Southeast Asian Austronesian Languages Tagalog Total.","stype":"ratio","isDimension":false},{"name":"male_spks_serbian_all_eng_profic","type":"java.lang.Integer","title":"Males Speaks Serbian And speaks English Total","description":"Males Speaks Serbian And speaks English Total.","stype":"ratio","isDimension":false},{"name":"male_spks_serbian_eng_profic_notstated","type":"java.lang.Integer","title":"Males Speaks Serbian English proficiency not stated","description":"Males Speaks Serbian English proficiency not stated.","stype":"ratio","isDimension":false},{"name":"male_spks_serbian_spks_eng_notwell","type":"java.lang.Integer","title":"Males Speaks Serbian And speaks English Not well or not at all","description":"Males Speaks Serbian And speaks English Not well or not at all.","stype":"ratio","isDimension":false},{"name":"male_spks_serbian_spks_eng_well","type":"java.lang.Integer","title":"Males Speaks Serbian And speaks English Very well or well","description":"Males Speaks Serbian And speaks English Very well or well.","stype":"ratio","isDimension":false},{"name":"male_spks_serbian_tot","type":"java.lang.Integer","title":"Males Speaks Serbian Total","description":"Males Speaks Serbian Total.","stype":"ratio","isDimension":false}],"filter":{"filterType":"tabular","feature":{"key":"lga_code_2016","geoLevel":"lga2016","geoField":"ignored","year":"2006","featureBbox":[96.81676569599999,-43.740509603,159.109219008,-9.142175977],"featureType":"country","featureInstance":"au","featureName":"Australia","referenceSystemIdentifier":"urn:x-ogc:def:crs:EPSG:4283","prefix":"","keyTransform":null},"states":[]}}