{"organisation":"VIC_Govt_VicHealth","name":"vichealth:green_space_safety_visit_to_green_space_more_than_once_perwk","title":"LGA Visit to green space ( once per week)","legal":{"copyrightYear":"2011 - 2014","attributionYear":"2014","attribution":"{datasource.organisationTitle}, ({dataset.attributionYear}): {dataset.title}; accessed from AURIN Portal on {dateOfAccess}.","clickthrough":false,"licenceType":"Data Licence (AURIN)","copyrightNotice":"&copy; Victorian Health Promotion Foundation {dataset.copyrightYear}"},"referenceSystemIdentifier":"urn:x-ogc:def:crs:EPSG:4283","geoLevel":"lga","key":"lga_code06","keyRegex":null,"availability":"true","geomField":"the_geom","keyword":"green space","theme":null,"temporalExtent":null,"type":"dataset","_id":"dataset-VIC_Govt_VicHealth-vichealth:green_space_safety_visit_to_green_space_more_than_once_perwk-lga","bbox":null,"abstract":"This data reports on the % of people who have visited green space weekly or more often. Respondents who didn't know or refused to answer the question have been excluded from this variable. Survey question: How often in the last 3 months would you have visited your local park, garden, oval or green space? Source of the question: VicHealth Indicators Survey, 2011","selectedAttributes":[{"name":"lga_code06","type":"java.lang.Integer","title":"LGA Code (ABS 2006)","description":"LGA Code (ABS 2006)","stype":"nominal","isDimension":false},{"name":"lga_name06","type":"java.lang.String","title":"LGA Name (ABS 2006)","description":"LGA Name (ABS 2006)","stype":"nominal","isDimension":false},{"name":"numeric","type":"java.lang.Float","title":"LGA estimate","description":"LGA estimate","stype":"ratio","isDimension":false},{"name":"ci_low","type":"java.lang.Float","title":"LGA estimate lower confidence interval","description":"LGA estimate lower confidence interval","stype":"ratio","isDimension":false},{"name":"ci_high","type":"java.lang.Float","title":"LGA estimate upper confidence interval","description":"LGA estimate upper confidence interval","stype":"ratio","isDimension":false},{"name":"significance","type":"java.lang.String","title":"significantly different to the Victorian average","description":"significantly different to the Victorian average","stype":"nominal","isDimension":false},{"name":"vic_ave","type":"java.lang.Float","title":"Victorian average","description":"Victorian average","stype":"ratio","isDimension":false}],"filter":{"filterType":"tabular","feature":{"key":"lga_code06","geoLevel":"lga","geoField":"ignored","year":"2006","featureBbox":[96.81676569599999,-43.740509603,159.109219008,-9.142175977],"featureType":"country","featureInstance":"au","featureName":"Australia","referenceSystemIdentifier":"urn:x-ogc:def:crs:EPSG:4283","prefix":"","keyTransform":null},"states":[]}}